-- NexaCorp Seed Data
-- Designed for Spring AI Text-to-SQL Course

INSERT INTO departments (id, name, location) VALUES ('1bcae45f-64de-4d1e-8ccc-650a638fc9fb', 'Engineering', 'Bangalore');
INSERT INTO departments (id, name, location) VALUES ('dcb2283b-f426-4305-ad8a-86d8ce8eff4f', 'Sales', 'Mumbai');
INSERT INTO departments (id, name, location) VALUES ('6d9b02d5-f0cc-4c42-8f46-4d99f522e1c4', 'Finance', 'Bangalore');
INSERT INTO departments (id, name, location) VALUES ('9992acfa-b38c-428d-bc2a-76125a3eeeb4', 'HR', 'Bangalore');
INSERT INTO departments (id, name, location) VALUES ('3599d5cb-89d7-4a51-afe0-cfc0f46a4bf0', 'Marketing', 'Delhi');
INSERT INTO departments (id, name, location) VALUES ('6a54b953-6a35-4e6b-944b-75c8d2b54501', 'Operations', 'Hyderabad');
INSERT INTO departments (id, name, location) VALUES ('52d27a0f-c5fe-475e-8818-7d10abe1c389', 'Support', 'Chennai');

INSERT INTO employees (id, department_id, first_name, last_name, email, role, salary, join_date, status) VALUES ('9cb1a73f-a98c-41b0-a2c0-14bf6d34799e', '6a54b953-6a35-4e6b-944b-75c8d2b54501', 'Emp0', 'User0', 'emp0@nexacorp.com', 'Engineer', 186519, '2024-06-22', 'ACTIVE');
INSERT INTO employees (id, department_id, first_name, last_name, email, role, salary, join_date, status) VALUES ('3c742121-9521-44bb-9412-4d7ac6a39361', '3599d5cb-89d7-4a51-afe0-cfc0f46a4bf0', 'Emp1', 'User1', 'emp1@nexacorp.com', 'Analyst', 159090, '2025-02-09', 'ACTIVE');
INSERT INTO employees (id, department_id, first_name, last_name, email, role, salary, join_date, status) VALUES ('fca9a77b-001c-4e4c-8e92-8aa611ed4986', 'dcb2283b-f426-4305-ad8a-86d8ce8eff4f', 'Emp2', 'User2', 'emp2@nexacorp.com', 'Manager', 70513, '2023-07-14', 'ACTIVE');
INSERT INTO employees (id, department_id, first_name, last_name, email, role, salary, join_date, status) VALUES ('cb2a0ac9-9fb0-4438-91a9-0a16ef89a81a', '9992acfa-b38c-428d-bc2a-76125a3eeeb4', 'Emp3', 'User3', 'emp3@nexacorp.com', 'Senior Engineer', 176356, '2024-08-09', 'ACTIVE');
INSERT INTO employees (id, department_id, first_name, last_name, email, role, salary, join_date, status) VALUES ('8e4e8819-f729-4316-8bf3-95d7853aaed2', '6d9b02d5-f0cc-4c42-8f46-4d99f522e1c4', 'Emp4', 'User4', 'emp4@nexacorp.com', 'Analyst', 77934, '2023-05-21', 'ACTIVE');
INSERT INTO employees (id, department_id, first_name, last_name, email, role, salary, join_date, status) VALUES ('ec93ec67-8923-418d-9868-35b0cab21015', '6a54b953-6a35-4e6b-944b-75c8d2b54501', 'Emp5', 'User5', 'emp5@nexacorp.com', 'Executive', 213608, '2025-03-24', 'ACTIVE');
INSERT INTO employees (id, department_id, first_name, last_name, email, role, salary, join_date, status) VALUES ('0eae1b7c-409c-4da9-b51b-3eb3561c93f0', '52d27a0f-c5fe-475e-8818-7d10abe1c389', 'Emp6', 'User6', 'emp6@nexacorp.com', 'Engineer', 191668, '2023-07-04', 'ACTIVE');
INSERT INTO employees (id, department_id, first_name, last_name, email, role, salary, join_date, status) VALUES ('695ef135-df2a-49aa-90f3-413e4b5224bf', 'dcb2283b-f426-4305-ad8a-86d8ce8eff4f', 'Emp7', 'User7', 'emp7@nexacorp.com', 'Senior Engineer', 181899, '2024-04-21', 'EXITED');
INSERT INTO employees (id, department_id, first_name, last_name, email, role, salary, join_date, status) VALUES ('2925273a-7984-47e0-9e75-420e65eb10b4', '3599d5cb-89d7-4a51-afe0-cfc0f46a4bf0', 'Emp8', 'User8', 'emp8@nexacorp.com', 'Executive', 168687, '2022-11-05', 'ACTIVE');
INSERT INTO employees (id, department_id, first_name, last_name, email, role, salary, join_date, status) VALUES ('cf3aa524-fe27-4dd6-8254-ede70c451955', 'dcb2283b-f426-4305-ad8a-86d8ce8eff4f', 'Emp9', 'User9', 'emp9@nexacorp.com', 'Executive', 158826, '2022-11-28', 'ACTIVE');
INSERT INTO employees (id, department_id, first_name, last_name, email, role, salary, join_date, status) VALUES ('b452b4e3-d024-4f77-8409-8e81130c4233', '52d27a0f-c5fe-475e-8818-7d10abe1c389', 'Emp10', 'User10', 'emp10@nexacorp.com', 'Engineer', 112037, '2025-02-03', 'ACTIVE');
INSERT INTO employees (id, department_id, first_name, last_name, email, role, salary, join_date, status) VALUES ('a43c87b3-13b1-4688-8ef1-a157a63f9d20', '9992acfa-b38c-428d-bc2a-76125a3eeeb4', 'Emp11', 'User11', 'emp11@nexacorp.com', 'Senior Engineer', 183836, '2024-01-23', 'ACTIVE');
INSERT INTO employees (id, department_id, first_name, last_name, email, role, salary, join_date, status) VALUES ('343618c1-0aaa-461f-b004-6c38f154e20e', '9992acfa-b38c-428d-bc2a-76125a3eeeb4', 'Emp12', 'User12', 'emp12@nexacorp.com', 'Analyst', 106495, '2022-08-05', 'ACTIVE');
INSERT INTO employees (id, department_id, first_name, last_name, email, role, salary, join_date, status) VALUES ('13e15208-89da-425d-8b37-f96c6a3ac8d0', '3599d5cb-89d7-4a51-afe0-cfc0f46a4bf0', 'Emp13', 'User13', 'emp13@nexacorp.com', 'Senior Engineer', 169319, '2024-01-04', 'EXITED');
INSERT INTO employees (id, department_id, first_name, last_name, email, role, salary, join_date, status) VALUES ('cf8c408b-24bf-44ae-9ca1-0d01ba881838', '6d9b02d5-f0cc-4c42-8f46-4d99f522e1c4', 'Emp14', 'User14', 'emp14@nexacorp.com', 'Senior Engineer', 92234, '2024-01-07', 'ACTIVE');
INSERT INTO employees (id, department_id, first_name, last_name, email, role, salary, join_date, status) VALUES ('6238b174-5273-4b46-86d8-6a83247f8efe', 'dcb2283b-f426-4305-ad8a-86d8ce8eff4f', 'Emp15', 'User15', 'emp15@nexacorp.com', 'Analyst', 138499, '2023-06-30', 'EXITED');
INSERT INTO employees (id, department_id, first_name, last_name, email, role, salary, join_date, status) VALUES ('011d668d-e843-41d9-82fa-d0af81b6fd00', '9992acfa-b38c-428d-bc2a-76125a3eeeb4', 'Emp16', 'User16', 'emp16@nexacorp.com', 'Senior Engineer', 129668, '2023-05-28', 'ACTIVE');
INSERT INTO employees (id, department_id, first_name, last_name, email, role, salary, join_date, status) VALUES ('b1770d6f-5b7b-408e-9556-e85c15409468', '3599d5cb-89d7-4a51-afe0-cfc0f46a4bf0', 'Emp17', 'User17', 'emp17@nexacorp.com', 'Manager', 203051, '2025-02-09', 'ACTIVE');
INSERT INTO employees (id, department_id, first_name, last_name, email, role, salary, join_date, status) VALUES ('6328a0b6-4830-45a2-87d6-60fcb98e8aff', '1bcae45f-64de-4d1e-8ccc-650a638fc9fb', 'Emp18', 'User18', 'emp18@nexacorp.com', 'Lead', 81742, '2022-11-20', 'ACTIVE');
INSERT INTO employees (id, department_id, first_name, last_name, email, role, salary, join_date, status) VALUES ('08c66601-b2b4-4066-918b-ae89bbbb73ae', '6a54b953-6a35-4e6b-944b-75c8d2b54501', 'Emp19', 'User19', 'emp19@nexacorp.com', 'Engineer', 156985, '2023-10-31', 'ACTIVE');
INSERT INTO employees (id, department_id, first_name, last_name, email, role, salary, join_date, status) VALUES ('2ff8475d-ce36-415a-95d4-fe9b7c3fdf27', '52d27a0f-c5fe-475e-8818-7d10abe1c389', 'Emp20', 'User20', 'emp20@nexacorp.com', 'Analyst', 93820, '2023-12-26', 'ACTIVE');
INSERT INTO employees (id, department_id, first_name, last_name, email, role, salary, join_date, status) VALUES ('142f7461-5d18-4529-9941-9283db4b5dc5', '3599d5cb-89d7-4a51-afe0-cfc0f46a4bf0', 'Emp21', 'User21', 'emp21@nexacorp.com', 'Executive', 105958, '2022-07-28', 'ACTIVE');
INSERT INTO employees (id, department_id, first_name, last_name, email, role, salary, join_date, status) VALUES ('72860dac-e508-468e-a1f3-ec959405ebd7', '3599d5cb-89d7-4a51-afe0-cfc0f46a4bf0', 'Emp22', 'User22', 'emp22@nexacorp.com', 'Engineer', 210385, '2024-08-10', 'EXITED');
INSERT INTO employees (id, department_id, first_name, last_name, email, role, salary, join_date, status) VALUES ('0d3ca52e-5ac8-4e98-83e8-954fc9697f60', '1bcae45f-64de-4d1e-8ccc-650a638fc9fb', 'Emp23', 'User23', 'emp23@nexacorp.com', 'Engineer', 207253, '2024-03-15', 'EXITED');
INSERT INTO employees (id, department_id, first_name, last_name, email, role, salary, join_date, status) VALUES ('07523b3c-d6f8-4341-b586-eede00d30b3b', 'dcb2283b-f426-4305-ad8a-86d8ce8eff4f', 'Emp24', 'User24', 'emp24@nexacorp.com', 'Manager', 131971, '2023-06-17', 'ACTIVE');
INSERT INTO employees (id, department_id, first_name, last_name, email, role, salary, join_date, status) VALUES ('91599d34-7024-4bba-a127-3d18f66d9962', '6a54b953-6a35-4e6b-944b-75c8d2b54501', 'Emp25', 'User25', 'emp25@nexacorp.com', 'Lead', 144944, '2025-06-11', 'ACTIVE');
INSERT INTO employees (id, department_id, first_name, last_name, email, role, salary, join_date, status) VALUES ('21536a26-74de-4e38-b836-2e5ed657457d', '6d9b02d5-f0cc-4c42-8f46-4d99f522e1c4', 'Emp26', 'User26', 'emp26@nexacorp.com', 'Manager', 157506, '2022-06-03', 'ACTIVE');
INSERT INTO employees (id, department_id, first_name, last_name, email, role, salary, join_date, status) VALUES ('dc3343f9-eaa5-46b8-863b-358509229274', '6d9b02d5-f0cc-4c42-8f46-4d99f522e1c4', 'Emp27', 'User27', 'emp27@nexacorp.com', 'Manager', 98292, '2023-04-05', 'ACTIVE');
INSERT INTO employees (id, department_id, first_name, last_name, email, role, salary, join_date, status) VALUES ('297c8d39-108c-4f2b-8ee0-52527e2c1551', '52d27a0f-c5fe-475e-8818-7d10abe1c389', 'Emp28', 'User28', 'emp28@nexacorp.com', 'Senior Engineer', 203348, '2025-03-16', 'EXITED');
INSERT INTO employees (id, department_id, first_name, last_name, email, role, salary, join_date, status) VALUES ('d78bb69f-2bbc-430b-ba77-073864f55755', '52d27a0f-c5fe-475e-8818-7d10abe1c389', 'Emp29', 'User29', 'emp29@nexacorp.com', 'Manager', 83100, '2024-12-24', 'ACTIVE');
INSERT INTO employees (id, department_id, first_name, last_name, email, role, salary, join_date, status) VALUES ('5f62f0ab-8381-46ca-bc99-3042d10014e6', 'dcb2283b-f426-4305-ad8a-86d8ce8eff4f', 'Emp30', 'User30', 'emp30@nexacorp.com', 'Engineer', 85553, '2023-11-29', 'ACTIVE');
INSERT INTO employees (id, department_id, first_name, last_name, email, role, salary, join_date, status) VALUES ('eebdd777-017a-4c6e-9632-400f3d1a6d70', 'dcb2283b-f426-4305-ad8a-86d8ce8eff4f', 'Emp31', 'User31', 'emp31@nexacorp.com', 'Senior Engineer', 198894, '2025-03-08', 'ACTIVE');
INSERT INTO employees (id, department_id, first_name, last_name, email, role, salary, join_date, status) VALUES ('50c27838-73c5-46bd-ba1b-043abf8249ec', '9992acfa-b38c-428d-bc2a-76125a3eeeb4', 'Emp32', 'User32', 'emp32@nexacorp.com', 'Executive', 116923, '2022-05-07', 'ACTIVE');
INSERT INTO employees (id, department_id, first_name, last_name, email, role, salary, join_date, status) VALUES ('6111a741-8c3b-4029-9e1d-827525f04bbc', '3599d5cb-89d7-4a51-afe0-cfc0f46a4bf0', 'Emp33', 'User33', 'emp33@nexacorp.com', 'Analyst', 156787, '2024-01-13', 'ACTIVE');
INSERT INTO employees (id, department_id, first_name, last_name, email, role, salary, join_date, status) VALUES ('9f7d6ae8-b79c-42a5-b945-f9ec2101a3fb', '1bcae45f-64de-4d1e-8ccc-650a638fc9fb', 'Emp34', 'User34', 'emp34@nexacorp.com', 'Engineer', 165347, '2023-06-01', 'ACTIVE');
INSERT INTO employees (id, department_id, first_name, last_name, email, role, salary, join_date, status) VALUES ('c8c25e69-8fd1-4abc-8739-c282a419995a', 'dcb2283b-f426-4305-ad8a-86d8ce8eff4f', 'Emp35', 'User35', 'emp35@nexacorp.com', 'Senior Engineer', 138872, '2024-06-01', 'EXITED');
INSERT INTO employees (id, department_id, first_name, last_name, email, role, salary, join_date, status) VALUES ('e2ccc14a-1a84-4287-9b82-f1b51bc26777', '1bcae45f-64de-4d1e-8ccc-650a638fc9fb', 'Emp36', 'User36', 'emp36@nexacorp.com', 'Senior Engineer', 134374, '2022-04-21', 'ACTIVE');
INSERT INTO employees (id, department_id, first_name, last_name, email, role, salary, join_date, status) VALUES ('bc07b5f4-80f6-4c12-a6fd-17c9b7ae591d', 'dcb2283b-f426-4305-ad8a-86d8ce8eff4f', 'Emp37', 'User37', 'emp37@nexacorp.com', 'Senior Engineer', 197606, '2025-01-18', 'EXITED');
INSERT INTO employees (id, department_id, first_name, last_name, email, role, salary, join_date, status) VALUES ('d913f2f3-95c7-4299-aa7b-7721fafc588d', '6d9b02d5-f0cc-4c42-8f46-4d99f522e1c4', 'Emp38', 'User38', 'emp38@nexacorp.com', 'Lead', 100217, '2024-08-05', 'ACTIVE');
INSERT INTO employees (id, department_id, first_name, last_name, email, role, salary, join_date, status) VALUES ('3ee3c6a3-d993-46c1-9153-fc69683c4699', '1bcae45f-64de-4d1e-8ccc-650a638fc9fb', 'Emp39', 'User39', 'emp39@nexacorp.com', 'Engineer', 184477, '2025-04-26', 'ACTIVE');
INSERT INTO employees (id, department_id, first_name, last_name, email, role, salary, join_date, status) VALUES ('6bb912f2-3e34-4e5f-b35f-dae1c8da1e58', '3599d5cb-89d7-4a51-afe0-cfc0f46a4bf0', 'Emp40', 'User40', 'emp40@nexacorp.com', 'Engineer', 168614, '2024-10-12', 'ACTIVE');
INSERT INTO employees (id, department_id, first_name, last_name, email, role, salary, join_date, status) VALUES ('ad5ab95b-e1c0-433a-bffa-6c6c402da8b5', '6a54b953-6a35-4e6b-944b-75c8d2b54501', 'Emp41', 'User41', 'emp41@nexacorp.com', 'Manager', 142292, '2025-04-16', 'EXITED');
INSERT INTO employees (id, department_id, first_name, last_name, email, role, salary, join_date, status) VALUES ('d6afa3f2-eb38-42e5-b944-7ae6468219fb', '9992acfa-b38c-428d-bc2a-76125a3eeeb4', 'Emp42', 'User42', 'emp42@nexacorp.com', 'Executive', 95356, '2024-05-06', 'ACTIVE');
INSERT INTO employees (id, department_id, first_name, last_name, email, role, salary, join_date, status) VALUES ('310cef75-6da0-44be-9e03-be9148034e20', '9992acfa-b38c-428d-bc2a-76125a3eeeb4', 'Emp43', 'User43', 'emp43@nexacorp.com', 'Manager', 191276, '2022-12-15', 'ACTIVE');
INSERT INTO employees (id, department_id, first_name, last_name, email, role, salary, join_date, status) VALUES ('1738c02e-682e-40bd-a188-1d0b3b0f74a9', '52d27a0f-c5fe-475e-8818-7d10abe1c389', 'Emp44', 'User44', 'emp44@nexacorp.com', 'Manager', 200928, '2024-11-15', 'ACTIVE');
INSERT INTO employees (id, department_id, first_name, last_name, email, role, salary, join_date, status) VALUES ('c02dcfeb-f08b-41ce-8c06-95461fc610ba', '3599d5cb-89d7-4a51-afe0-cfc0f46a4bf0', 'Emp45', 'User45', 'emp45@nexacorp.com', 'Lead', 69599, '2025-02-12', 'ACTIVE');
INSERT INTO employees (id, department_id, first_name, last_name, email, role, salary, join_date, status) VALUES ('704c1360-6cb0-4d71-9374-5fa4abe8ca07', '6a54b953-6a35-4e6b-944b-75c8d2b54501', 'Emp46', 'User46', 'emp46@nexacorp.com', 'Lead', 80756, '2023-11-12', 'EXITED');
INSERT INTO employees (id, department_id, first_name, last_name, email, role, salary, join_date, status) VALUES ('819dec47-3e3b-4771-8885-66fae18b9d32', '6d9b02d5-f0cc-4c42-8f46-4d99f522e1c4', 'Emp47', 'User47', 'emp47@nexacorp.com', 'Lead', 211011, '2023-09-10', 'ACTIVE');
INSERT INTO employees (id, department_id, first_name, last_name, email, role, salary, join_date, status) VALUES ('5af1f408-1e4d-4c76-a624-5d8022d08fc9', '1bcae45f-64de-4d1e-8ccc-650a638fc9fb', 'Emp48', 'User48', 'emp48@nexacorp.com', 'Executive', 187233, '2025-02-20', 'ACTIVE');
INSERT INTO employees (id, department_id, first_name, last_name, email, role, salary, join_date, status) VALUES ('704a444e-856c-4077-b1ed-b793072bfe0d', '52d27a0f-c5fe-475e-8818-7d10abe1c389', 'Emp49', 'User49', 'emp49@nexacorp.com', 'Analyst', 207167, '2023-12-03', 'ACTIVE');
INSERT INTO employees (id, department_id, first_name, last_name, email, role, salary, join_date, status) VALUES ('6e795564-779e-4750-80b0-ca64e32aeb9d', '6a54b953-6a35-4e6b-944b-75c8d2b54501', 'Emp50', 'User50', 'emp50@nexacorp.com', 'Manager', 157505, '2025-02-01', 'ACTIVE');
INSERT INTO employees (id, department_id, first_name, last_name, email, role, salary, join_date, status) VALUES ('e522424b-2d76-4169-8ce8-1aeaf12e7339', '3599d5cb-89d7-4a51-afe0-cfc0f46a4bf0', 'Emp51', 'User51', 'emp51@nexacorp.com', 'Executive', 88143, '2024-10-10', 'ACTIVE');
INSERT INTO employees (id, department_id, first_name, last_name, email, role, salary, join_date, status) VALUES ('f006b7cd-ae66-42c0-9fe4-76676e43aed8', '52d27a0f-c5fe-475e-8818-7d10abe1c389', 'Emp52', 'User52', 'emp52@nexacorp.com', 'Manager', 84301, '2024-11-06', 'ACTIVE');
INSERT INTO employees (id, department_id, first_name, last_name, email, role, salary, join_date, status) VALUES ('1e13ac37-0b87-4c82-9378-cc002b81ab4d', 'dcb2283b-f426-4305-ad8a-86d8ce8eff4f', 'Emp53', 'User53', 'emp53@nexacorp.com', 'Analyst', 207128, '2025-06-06', 'EXITED');
INSERT INTO employees (id, department_id, first_name, last_name, email, role, salary, join_date, status) VALUES ('1db7b7f7-3635-4258-95a7-106b9eb1f7ab', '1bcae45f-64de-4d1e-8ccc-650a638fc9fb', 'Emp54', 'User54', 'emp54@nexacorp.com', 'Lead', 79269, '2022-06-02', 'EXITED');
INSERT INTO employees (id, department_id, first_name, last_name, email, role, salary, join_date, status) VALUES ('675721ce-7e0a-44b2-bc41-bb48a46e7d6d', '6a54b953-6a35-4e6b-944b-75c8d2b54501', 'Emp55', 'User55', 'emp55@nexacorp.com', 'Executive', 86917, '2025-04-07', 'ACTIVE');
INSERT INTO employees (id, department_id, first_name, last_name, email, role, salary, join_date, status) VALUES ('42545324-1412-492b-97c6-ad28de15777d', '6a54b953-6a35-4e6b-944b-75c8d2b54501', 'Emp56', 'User56', 'emp56@nexacorp.com', 'Analyst', 106964, '2025-03-04', 'EXITED');
INSERT INTO employees (id, department_id, first_name, last_name, email, role, salary, join_date, status) VALUES ('4b08bc3a-5f1e-4e96-8c64-5726c3387952', 'dcb2283b-f426-4305-ad8a-86d8ce8eff4f', 'Emp57', 'User57', 'emp57@nexacorp.com', 'Analyst', 87541, '2023-01-29', 'ACTIVE');
INSERT INTO employees (id, department_id, first_name, last_name, email, role, salary, join_date, status) VALUES ('d9b0a1d3-410c-4d61-b350-f713d5954016', 'dcb2283b-f426-4305-ad8a-86d8ce8eff4f', 'Emp58', 'User58', 'emp58@nexacorp.com', 'Lead', 144620, '2024-02-27', 'ACTIVE');
INSERT INTO employees (id, department_id, first_name, last_name, email, role, salary, join_date, status) VALUES ('e2958af5-1a46-486f-baa3-53bfa1bd7693', '9992acfa-b38c-428d-bc2a-76125a3eeeb4', 'Emp59', 'User59', 'emp59@nexacorp.com', 'Manager', 95639, '2024-05-01', 'ACTIVE');
INSERT INTO employees (id, department_id, first_name, last_name, email, role, salary, join_date, status) VALUES ('3d734d19-18dc-4972-bca6-822201a45c7b', '3599d5cb-89d7-4a51-afe0-cfc0f46a4bf0', 'Emp60', 'User60', 'emp60@nexacorp.com', 'Lead', 172659, '2024-02-18', 'ACTIVE');
INSERT INTO employees (id, department_id, first_name, last_name, email, role, salary, join_date, status) VALUES ('03df65e2-9666-4161-9e75-339f0589cfb9', '6d9b02d5-f0cc-4c42-8f46-4d99f522e1c4', 'Emp61', 'User61', 'emp61@nexacorp.com', 'Analyst', 165001, '2022-07-17', 'ACTIVE');
INSERT INTO employees (id, department_id, first_name, last_name, email, role, salary, join_date, status) VALUES ('5195feae-27bd-4546-bd52-d922b77aceea', '6a54b953-6a35-4e6b-944b-75c8d2b54501', 'Emp62', 'User62', 'emp62@nexacorp.com', 'Analyst', 185461, '2023-04-08', 'ACTIVE');
INSERT INTO employees (id, department_id, first_name, last_name, email, role, salary, join_date, status) VALUES ('4f95c3b8-2d68-4201-9b8d-94b7822d25b1', '6d9b02d5-f0cc-4c42-8f46-4d99f522e1c4', 'Emp63', 'User63', 'emp63@nexacorp.com', 'Lead', 174130, '2025-03-11', 'ACTIVE');
INSERT INTO employees (id, department_id, first_name, last_name, email, role, salary, join_date, status) VALUES ('56a8a5c2-5b5f-4556-8aa6-206f9b72fe84', '6a54b953-6a35-4e6b-944b-75c8d2b54501', 'Emp64', 'User64', 'emp64@nexacorp.com', 'Lead', 175753, '2024-11-08', 'ACTIVE');
INSERT INTO employees (id, department_id, first_name, last_name, email, role, salary, join_date, status) VALUES ('b99a268a-9612-4f6a-8b6b-e63cfadf6b07', '3599d5cb-89d7-4a51-afe0-cfc0f46a4bf0', 'Emp65', 'User65', 'emp65@nexacorp.com', 'Senior Engineer', 204662, '2022-11-18', 'ACTIVE');
INSERT INTO employees (id, department_id, first_name, last_name, email, role, salary, join_date, status) VALUES ('66420dae-1d3e-423a-be8a-772bc985d64b', '6a54b953-6a35-4e6b-944b-75c8d2b54501', 'Emp66', 'User66', 'emp66@nexacorp.com', 'Executive', 108740, '2023-07-20', 'EXITED');
INSERT INTO employees (id, department_id, first_name, last_name, email, role, salary, join_date, status) VALUES ('712f9bd9-71b3-40a1-9ff7-cad9954a1632', '1bcae45f-64de-4d1e-8ccc-650a638fc9fb', 'Emp67', 'User67', 'emp67@nexacorp.com', 'Manager', 193371, '2022-09-19', 'ACTIVE');
INSERT INTO employees (id, department_id, first_name, last_name, email, role, salary, join_date, status) VALUES ('1915aef9-65cd-4b00-a75a-e8d43a9e7c95', '52d27a0f-c5fe-475e-8818-7d10abe1c389', 'Emp68', 'User68', 'emp68@nexacorp.com', 'Engineer', 158994, '2022-06-20', 'ACTIVE');
INSERT INTO employees (id, department_id, first_name, last_name, email, role, salary, join_date, status) VALUES ('32facee9-cb78-4c97-9830-f7410ff0fd6b', 'dcb2283b-f426-4305-ad8a-86d8ce8eff4f', 'Emp69', 'User69', 'emp69@nexacorp.com', 'Analyst', 67592, '2023-07-14', 'ACTIVE');
INSERT INTO employees (id, department_id, first_name, last_name, email, role, salary, join_date, status) VALUES ('85ecf15b-fb03-4df5-85ff-5b5e1618456a', '9992acfa-b38c-428d-bc2a-76125a3eeeb4', 'Emp70', 'User70', 'emp70@nexacorp.com', 'Senior Engineer', 188591, '2025-03-04', 'ACTIVE');
INSERT INTO employees (id, department_id, first_name, last_name, email, role, salary, join_date, status) VALUES ('a81a3c7a-77ea-4845-881f-dcfa3e276b6d', '9992acfa-b38c-428d-bc2a-76125a3eeeb4', 'Emp71', 'User71', 'emp71@nexacorp.com', 'Manager', 66087, '2025-03-01', 'ACTIVE');
INSERT INTO employees (id, department_id, first_name, last_name, email, role, salary, join_date, status) VALUES ('61fffefc-7fda-49f0-9126-d92bea48859d', '1bcae45f-64de-4d1e-8ccc-650a638fc9fb', 'Emp72', 'User72', 'emp72@nexacorp.com', 'Manager', 153274, '2023-12-25', 'ACTIVE');
INSERT INTO employees (id, department_id, first_name, last_name, email, role, salary, join_date, status) VALUES ('80d6793d-0243-4afc-8615-7a7725883805', '1bcae45f-64de-4d1e-8ccc-650a638fc9fb', 'Emp73', 'User73', 'emp73@nexacorp.com', 'Analyst', 190073, '2024-02-17', 'ACTIVE');
INSERT INTO employees (id, department_id, first_name, last_name, email, role, salary, join_date, status) VALUES ('e0f5e0af-0bab-4ba6-8ae6-9c00b0b7ac2b', '6a54b953-6a35-4e6b-944b-75c8d2b54501', 'Emp74', 'User74', 'emp74@nexacorp.com', 'Lead', 132880, '2022-07-24', 'ACTIVE');
INSERT INTO employees (id, department_id, first_name, last_name, email, role, salary, join_date, status) VALUES ('56d6025a-6ac3-4338-b727-84071eb87e2f', '6d9b02d5-f0cc-4c42-8f46-4d99f522e1c4', 'Emp75', 'User75', 'emp75@nexacorp.com', 'Executive', 101318, '2023-11-21', 'ACTIVE');
INSERT INTO employees (id, department_id, first_name, last_name, email, role, salary, join_date, status) VALUES ('f1984ae8-a19d-4273-865a-4375aa4b6e3f', '52d27a0f-c5fe-475e-8818-7d10abe1c389', 'Emp76', 'User76', 'emp76@nexacorp.com', 'Analyst', 180184, '2024-06-19', 'ACTIVE');
INSERT INTO employees (id, department_id, first_name, last_name, email, role, salary, join_date, status) VALUES ('603bc1dc-a3cd-46ab-8319-4c843e7815c5', '3599d5cb-89d7-4a51-afe0-cfc0f46a4bf0', 'Emp77', 'User77', 'emp77@nexacorp.com', 'Executive', 115486, '2023-11-13', 'ACTIVE');
INSERT INTO employees (id, department_id, first_name, last_name, email, role, salary, join_date, status) VALUES ('52f34ea8-e691-48e1-9dc0-c485e7d4971b', '3599d5cb-89d7-4a51-afe0-cfc0f46a4bf0', 'Emp78', 'User78', 'emp78@nexacorp.com', 'Lead', 217717, '2024-07-08', 'EXITED');
INSERT INTO employees (id, department_id, first_name, last_name, email, role, salary, join_date, status) VALUES ('a8535cb8-87a4-4b96-9e68-213962888092', '52d27a0f-c5fe-475e-8818-7d10abe1c389', 'Emp79', 'User79', 'emp79@nexacorp.com', 'Manager', 125083, '2025-03-06', 'EXITED');
INSERT INTO employees (id, department_id, first_name, last_name, email, role, salary, join_date, status) VALUES ('1b13d141-2b18-43fc-8ba6-6e09647d427d', '3599d5cb-89d7-4a51-afe0-cfc0f46a4bf0', 'Emp80', 'User80', 'emp80@nexacorp.com', 'Analyst', 114399, '2025-02-04', 'ACTIVE');
INSERT INTO employees (id, department_id, first_name, last_name, email, role, salary, join_date, status) VALUES ('270977fc-2579-4a01-a815-af3f96197ad6', 'dcb2283b-f426-4305-ad8a-86d8ce8eff4f', 'Emp81', 'User81', 'emp81@nexacorp.com', 'Senior Engineer', 72978, '2024-10-30', 'ACTIVE');
INSERT INTO employees (id, department_id, first_name, last_name, email, role, salary, join_date, status) VALUES ('0fc53f12-2f3d-47eb-85ba-98e8473b0df0', '1bcae45f-64de-4d1e-8ccc-650a638fc9fb', 'Emp82', 'User82', 'emp82@nexacorp.com', 'Executive', 132566, '2025-03-30', 'ACTIVE');
INSERT INTO employees (id, department_id, first_name, last_name, email, role, salary, join_date, status) VALUES ('78dd62bf-44b7-4ee2-a68b-13269056af4b', '3599d5cb-89d7-4a51-afe0-cfc0f46a4bf0', 'Emp83', 'User83', 'emp83@nexacorp.com', 'Senior Engineer', 149748, '2024-02-06', 'EXITED');
INSERT INTO employees (id, department_id, first_name, last_name, email, role, salary, join_date, status) VALUES ('8694ccee-1e08-43c3-b000-69ef702a4116', 'dcb2283b-f426-4305-ad8a-86d8ce8eff4f', 'Emp84', 'User84', 'emp84@nexacorp.com', 'Manager', 185962, '2023-07-09', 'ACTIVE');
INSERT INTO employees (id, department_id, first_name, last_name, email, role, salary, join_date, status) VALUES ('ee27be1e-c2e4-4c9c-b632-d0f04fd22003', 'dcb2283b-f426-4305-ad8a-86d8ce8eff4f', 'Emp85', 'User85', 'emp85@nexacorp.com', 'Engineer', 73328, '2023-02-17', 'ACTIVE');
INSERT INTO employees (id, department_id, first_name, last_name, email, role, salary, join_date, status) VALUES ('74f7fcc0-2830-4deb-b7c3-3f98180698b7', 'dcb2283b-f426-4305-ad8a-86d8ce8eff4f', 'Emp86', 'User86', 'emp86@nexacorp.com', 'Executive', 153108, '2023-06-15', 'EXITED');
INSERT INTO employees (id, department_id, first_name, last_name, email, role, salary, join_date, status) VALUES ('b75538f7-e9b6-469f-bae0-a14463fb9469', '6d9b02d5-f0cc-4c42-8f46-4d99f522e1c4', 'Emp87', 'User87', 'emp87@nexacorp.com', 'Manager', 128099, '2025-01-21', 'ACTIVE');
INSERT INTO employees (id, department_id, first_name, last_name, email, role, salary, join_date, status) VALUES ('cee9a30e-1677-4ff2-9bc5-ce7cb33d5463', '1bcae45f-64de-4d1e-8ccc-650a638fc9fb', 'Emp88', 'User88', 'emp88@nexacorp.com', 'Engineer', 82452, '2024-10-27', 'ACTIVE');
INSERT INTO employees (id, department_id, first_name, last_name, email, role, salary, join_date, status) VALUES ('b1b137ff-dff0-45ed-ab6b-b8ead2078d49', '9992acfa-b38c-428d-bc2a-76125a3eeeb4', 'Emp89', 'User89', 'emp89@nexacorp.com', 'Executive', 173209, '2022-07-29', 'ACTIVE');
INSERT INTO employees (id, department_id, first_name, last_name, email, role, salary, join_date, status) VALUES ('d772297c-e204-42e7-a22e-2843e655396c', '52d27a0f-c5fe-475e-8818-7d10abe1c389', 'Emp90', 'User90', 'emp90@nexacorp.com', 'Lead', 132088, '2024-02-09', 'EXITED');
INSERT INTO employees (id, department_id, first_name, last_name, email, role, salary, join_date, status) VALUES ('c5e66021-c5e9-444a-9733-cfa16342f7e3', '6d9b02d5-f0cc-4c42-8f46-4d99f522e1c4', 'Emp91', 'User91', 'emp91@nexacorp.com', 'Lead', 163575, '2023-06-27', 'ACTIVE');
INSERT INTO employees (id, department_id, first_name, last_name, email, role, salary, join_date, status) VALUES ('cbacdd4e-f902-4226-8bdb-b236b5520976', '6d9b02d5-f0cc-4c42-8f46-4d99f522e1c4', 'Emp92', 'User92', 'emp92@nexacorp.com', 'Executive', 76252, '2024-05-07', 'EXITED');
INSERT INTO employees (id, department_id, first_name, last_name, email, role, salary, join_date, status) VALUES ('afc4b571-ba67-441a-a2f6-9593c3dc6df8', '6d9b02d5-f0cc-4c42-8f46-4d99f522e1c4', 'Emp93', 'User93', 'emp93@nexacorp.com', 'Engineer', 75547, '2024-10-02', 'EXITED');
INSERT INTO employees (id, department_id, first_name, last_name, email, role, salary, join_date, status) VALUES ('5dc0a9d7-687c-41c9-95db-26111280584a', 'dcb2283b-f426-4305-ad8a-86d8ce8eff4f', 'Emp94', 'User94', 'emp94@nexacorp.com', 'Engineer', 214064, '2025-06-13', 'ACTIVE');
INSERT INTO employees (id, department_id, first_name, last_name, email, role, salary, join_date, status) VALUES ('bd43a84d-af5a-45c6-91ad-8e435ec5b01f', '52d27a0f-c5fe-475e-8818-7d10abe1c389', 'Emp95', 'User95', 'emp95@nexacorp.com', 'Manager', 182318, '2023-07-29', 'ACTIVE');
INSERT INTO employees (id, department_id, first_name, last_name, email, role, salary, join_date, status) VALUES ('b9f4674b-2b0f-4aa3-bbdd-8fa58ca87510', '1bcae45f-64de-4d1e-8ccc-650a638fc9fb', 'Emp96', 'User96', 'emp96@nexacorp.com', 'Senior Engineer', 95923, '2025-01-06', 'ACTIVE');
INSERT INTO employees (id, department_id, first_name, last_name, email, role, salary, join_date, status) VALUES ('bb66ec52-1c06-4633-95dc-41d57e0d019a', '52d27a0f-c5fe-475e-8818-7d10abe1c389', 'Emp97', 'User97', 'emp97@nexacorp.com', 'Analyst', 184170, '2024-07-31', 'ACTIVE');
INSERT INTO employees (id, department_id, first_name, last_name, email, role, salary, join_date, status) VALUES ('7b765a0d-97d5-4949-ba62-da15062e6aff', '6a54b953-6a35-4e6b-944b-75c8d2b54501', 'Emp98', 'User98', 'emp98@nexacorp.com', 'Lead', 208836, '2023-01-28', 'EXITED');
INSERT INTO employees (id, department_id, first_name, last_name, email, role, salary, join_date, status) VALUES ('232419c4-be83-4194-bfab-3e3342f1afa5', '52d27a0f-c5fe-475e-8818-7d10abe1c389', 'Emp99', 'User99', 'emp99@nexacorp.com', 'Analyst', 107944, '2022-11-30', 'ACTIVE');
INSERT INTO employees (id, department_id, first_name, last_name, email, role, salary, join_date, status) VALUES ('7a2ec50d-9ceb-421b-9c9e-4f670f4aec70', '52d27a0f-c5fe-475e-8818-7d10abe1c389', 'Emp100', 'User100', 'emp100@nexacorp.com', 'Executive', 153589, '2023-06-19', 'ACTIVE');
INSERT INTO employees (id, department_id, first_name, last_name, email, role, salary, join_date, status) VALUES ('6f8bcb65-cb06-4454-ab88-806c9cdb4141', '6a54b953-6a35-4e6b-944b-75c8d2b54501', 'Emp101', 'User101', 'emp101@nexacorp.com', 'Analyst', 118354, '2024-07-14', 'ACTIVE');
INSERT INTO employees (id, department_id, first_name, last_name, email, role, salary, join_date, status) VALUES ('408a3734-6447-42ee-bfb9-058c25b5a664', '1bcae45f-64de-4d1e-8ccc-650a638fc9fb', 'Emp102', 'User102', 'emp102@nexacorp.com', 'Lead', 127080, '2023-03-11', 'ACTIVE');
INSERT INTO employees (id, department_id, first_name, last_name, email, role, salary, join_date, status) VALUES ('c3d9cf09-4022-4250-a000-76df1b212758', '6a54b953-6a35-4e6b-944b-75c8d2b54501', 'Emp103', 'User103', 'emp103@nexacorp.com', 'Manager', 205259, '2023-01-24', 'ACTIVE');
INSERT INTO employees (id, department_id, first_name, last_name, email, role, salary, join_date, status) VALUES ('a14e29a5-c444-46fa-95d4-afbd591ad9d9', '52d27a0f-c5fe-475e-8818-7d10abe1c389', 'Emp104', 'User104', 'emp104@nexacorp.com', 'Lead', 202997, '2025-01-03', 'EXITED');
INSERT INTO employees (id, department_id, first_name, last_name, email, role, salary, join_date, status) VALUES ('eab9025a-317e-46a3-a720-542baefc7c42', '1bcae45f-64de-4d1e-8ccc-650a638fc9fb', 'Emp105', 'User105', 'emp105@nexacorp.com', 'Senior Engineer', 64602, '2025-05-23', 'ACTIVE');
INSERT INTO employees (id, department_id, first_name, last_name, email, role, salary, join_date, status) VALUES ('c4eaf8d2-0ef0-4e30-8844-fae3e092a056', '3599d5cb-89d7-4a51-afe0-cfc0f46a4bf0', 'Emp106', 'User106', 'emp106@nexacorp.com', 'Manager', 86755, '2023-11-15', 'ACTIVE');
INSERT INTO employees (id, department_id, first_name, last_name, email, role, salary, join_date, status) VALUES ('00ac8275-e02e-45a0-b9d4-94f07ac66c4f', '3599d5cb-89d7-4a51-afe0-cfc0f46a4bf0', 'Emp107', 'User107', 'emp107@nexacorp.com', 'Engineer', 135286, '2023-06-16', 'EXITED');
INSERT INTO employees (id, department_id, first_name, last_name, email, role, salary, join_date, status) VALUES ('95eb4f13-fde1-43cf-a500-cce55d6afccb', '9992acfa-b38c-428d-bc2a-76125a3eeeb4', 'Emp108', 'User108', 'emp108@nexacorp.com', 'Engineer', 210308, '2024-02-15', 'ACTIVE');
INSERT INTO employees (id, department_id, first_name, last_name, email, role, salary, join_date, status) VALUES ('dd8648e6-442f-4bcc-8dee-de864ef90b2a', 'dcb2283b-f426-4305-ad8a-86d8ce8eff4f', 'Emp109', 'User109', 'emp109@nexacorp.com', 'Engineer', 130721, '2024-01-05', 'ACTIVE');
INSERT INTO employees (id, department_id, first_name, last_name, email, role, salary, join_date, status) VALUES ('d2c9f45b-0ae9-4b42-b5e0-a5a0fc6fe14b', '1bcae45f-64de-4d1e-8ccc-650a638fc9fb', 'Emp110', 'User110', 'emp110@nexacorp.com', 'Manager', 173190, '2023-02-02', 'ACTIVE');
INSERT INTO employees (id, department_id, first_name, last_name, email, role, salary, join_date, status) VALUES ('7ee2dabf-88a0-48e5-9dd7-9a68a25a0b94', '6d9b02d5-f0cc-4c42-8f46-4d99f522e1c4', 'Emp111', 'User111', 'emp111@nexacorp.com', 'Lead', 113895, '2023-11-09', 'EXITED');
INSERT INTO employees (id, department_id, first_name, last_name, email, role, salary, join_date, status) VALUES ('85ebc9b0-4e2e-4243-96bd-b429168b9c23', '9992acfa-b38c-428d-bc2a-76125a3eeeb4', 'Emp112', 'User112', 'emp112@nexacorp.com', 'Manager', 215849, '2025-01-24', 'ACTIVE');
INSERT INTO employees (id, department_id, first_name, last_name, email, role, salary, join_date, status) VALUES ('d6e10d89-9dbc-447c-9cf9-e9e647cd6851', '52d27a0f-c5fe-475e-8818-7d10abe1c389', 'Emp113', 'User113', 'emp113@nexacorp.com', 'Manager', 74799, '2025-04-01', 'EXITED');
INSERT INTO employees (id, department_id, first_name, last_name, email, role, salary, join_date, status) VALUES ('c5ce31eb-7b5f-4c41-acc7-872db57971f3', '9992acfa-b38c-428d-bc2a-76125a3eeeb4', 'Emp114', 'User114', 'emp114@nexacorp.com', 'Manager', 106203, '2025-03-30', 'ACTIVE');
INSERT INTO employees (id, department_id, first_name, last_name, email, role, salary, join_date, status) VALUES ('95bb1a6b-fefd-4a85-b2f6-803ad2a44600', '6a54b953-6a35-4e6b-944b-75c8d2b54501', 'Emp115', 'User115', 'emp115@nexacorp.com', 'Manager', 191877, '2024-06-24', 'EXITED');
INSERT INTO employees (id, department_id, first_name, last_name, email, role, salary, join_date, status) VALUES ('d94b6c64-768c-4f1c-93df-4a1a599abf1f', '1bcae45f-64de-4d1e-8ccc-650a638fc9fb', 'Emp116', 'User116', 'emp116@nexacorp.com', 'Executive', 108767, '2024-10-19', 'EXITED');
INSERT INTO employees (id, department_id, first_name, last_name, email, role, salary, join_date, status) VALUES ('957a3353-eba2-477c-b093-b425a0e1ed1f', '52d27a0f-c5fe-475e-8818-7d10abe1c389', 'Emp117', 'User117', 'emp117@nexacorp.com', 'Lead', 112486, '2023-04-24', 'EXITED');
INSERT INTO employees (id, department_id, first_name, last_name, email, role, salary, join_date, status) VALUES ('741d7ad6-76e0-438c-8263-94274da53e33', '9992acfa-b38c-428d-bc2a-76125a3eeeb4', 'Emp118', 'User118', 'emp118@nexacorp.com', 'Executive', 216399, '2025-03-24', 'ACTIVE');
INSERT INTO employees (id, department_id, first_name, last_name, email, role, salary, join_date, status) VALUES ('65cb57cb-5452-4c46-90b9-a5fe41a9420d', '6a54b953-6a35-4e6b-944b-75c8d2b54501', 'Emp119', 'User119', 'emp119@nexacorp.com', 'Lead', 104531, '2023-05-05', 'EXITED');
INSERT INTO employees (id, department_id, first_name, last_name, email, role, salary, join_date, status) VALUES ('6f503803-db52-4b25-9b36-4cddf3d20b4c', '52d27a0f-c5fe-475e-8818-7d10abe1c389', 'Emp120', 'User120', 'emp120@nexacorp.com', 'Manager', 134318, '2024-10-25', 'ACTIVE');
INSERT INTO employees (id, department_id, first_name, last_name, email, role, salary, join_date, status) VALUES ('5201566d-96b0-466d-bba3-54a3e9509bcb', '1bcae45f-64de-4d1e-8ccc-650a638fc9fb', 'Emp121', 'User121', 'emp121@nexacorp.com', 'Engineer', 143299, '2025-06-08', 'ACTIVE');
INSERT INTO employees (id, department_id, first_name, last_name, email, role, salary, join_date, status) VALUES ('1fa605f9-b358-41e3-8f3c-5cc97b23ec89', '6d9b02d5-f0cc-4c42-8f46-4d99f522e1c4', 'Emp122', 'User122', 'emp122@nexacorp.com', 'Manager', 151855, '2024-12-03', 'ACTIVE');
INSERT INTO employees (id, department_id, first_name, last_name, email, role, salary, join_date, status) VALUES ('5f547598-ae9f-4823-925d-8574ad5322bb', '6a54b953-6a35-4e6b-944b-75c8d2b54501', 'Emp123', 'User123', 'emp123@nexacorp.com', 'Executive', 163580, '2022-12-21', 'EXITED');
INSERT INTO employees (id, department_id, first_name, last_name, email, role, salary, join_date, status) VALUES ('2c7a21c4-a92e-4bbf-a64a-7143c1f36ec4', '6a54b953-6a35-4e6b-944b-75c8d2b54501', 'Emp124', 'User124', 'emp124@nexacorp.com', 'Senior Engineer', 136939, '2024-09-29', 'ACTIVE');
INSERT INTO employees (id, department_id, first_name, last_name, email, role, salary, join_date, status) VALUES ('dd82acb0-5b17-497f-aaa9-7ca799a3583a', 'dcb2283b-f426-4305-ad8a-86d8ce8eff4f', 'Emp125', 'User125', 'emp125@nexacorp.com', 'Manager', 179624, '2022-09-17', 'ACTIVE');
INSERT INTO employees (id, department_id, first_name, last_name, email, role, salary, join_date, status) VALUES ('cb27e8cd-29ed-4fbc-b39e-ebdb88702d1f', '1bcae45f-64de-4d1e-8ccc-650a638fc9fb', 'Emp126', 'User126', 'emp126@nexacorp.com', 'Manager', 99856, '2022-05-25', 'ACTIVE');
INSERT INTO employees (id, department_id, first_name, last_name, email, role, salary, join_date, status) VALUES ('9eeed87e-2371-4c68-b3aa-fa9d191237a4', 'dcb2283b-f426-4305-ad8a-86d8ce8eff4f', 'Emp127', 'User127', 'emp127@nexacorp.com', 'Senior Engineer', 187327, '2023-10-21', 'ACTIVE');
INSERT INTO employees (id, department_id, first_name, last_name, email, role, salary, join_date, status) VALUES ('2ba222ca-07b9-41ee-98c7-78f2f19adb75', '52d27a0f-c5fe-475e-8818-7d10abe1c389', 'Emp128', 'User128', 'emp128@nexacorp.com', 'Senior Engineer', 197014, '2024-11-06', 'EXITED');
INSERT INTO employees (id, department_id, first_name, last_name, email, role, salary, join_date, status) VALUES ('b9ce1390-e508-4a1f-88bf-85aa8ccbbffd', '52d27a0f-c5fe-475e-8818-7d10abe1c389', 'Emp129', 'User129', 'emp129@nexacorp.com', 'Manager', 135632, '2024-01-30', 'ACTIVE');
INSERT INTO employees (id, department_id, first_name, last_name, email, role, salary, join_date, status) VALUES ('dbb32a9a-7c45-4973-a4d7-50248e25171a', '1bcae45f-64de-4d1e-8ccc-650a638fc9fb', 'Emp130', 'User130', 'emp130@nexacorp.com', 'Executive', 211226, '2024-11-05', 'EXITED');
INSERT INTO employees (id, department_id, first_name, last_name, email, role, salary, join_date, status) VALUES ('34846a60-a506-4225-9b78-f1d8d8998206', '6d9b02d5-f0cc-4c42-8f46-4d99f522e1c4', 'Emp131', 'User131', 'emp131@nexacorp.com', 'Senior Engineer', 150954, '2022-06-30', 'ACTIVE');
INSERT INTO employees (id, department_id, first_name, last_name, email, role, salary, join_date, status) VALUES ('cb66f957-6caa-4b71-b95d-11c60d27d807', '6d9b02d5-f0cc-4c42-8f46-4d99f522e1c4', 'Emp132', 'User132', 'emp132@nexacorp.com', 'Senior Engineer', 175661, '2024-01-16', 'ACTIVE');
INSERT INTO employees (id, department_id, first_name, last_name, email, role, salary, join_date, status) VALUES ('12f8c177-6bb9-4121-bc9b-7d8c30791e06', '6d9b02d5-f0cc-4c42-8f46-4d99f522e1c4', 'Emp133', 'User133', 'emp133@nexacorp.com', 'Senior Engineer', 167694, '2024-12-09', 'ACTIVE');
INSERT INTO employees (id, department_id, first_name, last_name, email, role, salary, join_date, status) VALUES ('d58d8662-22e0-4e48-944c-ac05dfaa06a2', '52d27a0f-c5fe-475e-8818-7d10abe1c389', 'Emp134', 'User134', 'emp134@nexacorp.com', 'Executive', 186293, '2025-06-23', 'ACTIVE');
INSERT INTO employees (id, department_id, first_name, last_name, email, role, salary, join_date, status) VALUES ('2ca61f1b-16d5-444d-bde1-d0ca96a2b2ae', '52d27a0f-c5fe-475e-8818-7d10abe1c389', 'Emp135', 'User135', 'emp135@nexacorp.com', 'Lead', 74849, '2023-03-15', 'EXITED');
INSERT INTO employees (id, department_id, first_name, last_name, email, role, salary, join_date, status) VALUES ('ebb9fc32-988b-4d02-9221-f816e1b03d11', '1bcae45f-64de-4d1e-8ccc-650a638fc9fb', 'Emp136', 'User136', 'emp136@nexacorp.com', 'Analyst', 90709, '2023-11-20', 'EXITED');
INSERT INTO employees (id, department_id, first_name, last_name, email, role, salary, join_date, status) VALUES ('461b0d4f-021f-44de-bd24-3953c84a352b', '6d9b02d5-f0cc-4c42-8f46-4d99f522e1c4', 'Emp137', 'User137', 'emp137@nexacorp.com', 'Analyst', 103547, '2023-03-11', 'ACTIVE');
INSERT INTO employees (id, department_id, first_name, last_name, email, role, salary, join_date, status) VALUES ('833905a3-9c6d-4b63-9954-d6f7a252e5d6', '6a54b953-6a35-4e6b-944b-75c8d2b54501', 'Emp138', 'User138', 'emp138@nexacorp.com', 'Manager', 65866, '2023-08-16', 'ACTIVE');
INSERT INTO employees (id, department_id, first_name, last_name, email, role, salary, join_date, status) VALUES ('b4e5ae27-2c64-4777-990e-55582f74c811', '1bcae45f-64de-4d1e-8ccc-650a638fc9fb', 'Emp139', 'User139', 'emp139@nexacorp.com', 'Executive', 110857, '2023-05-04', 'ACTIVE');
INSERT INTO employees (id, department_id, first_name, last_name, email, role, salary, join_date, status) VALUES ('58d4a130-3c8e-4c11-b526-da7820649980', '52d27a0f-c5fe-475e-8818-7d10abe1c389', 'Emp140', 'User140', 'emp140@nexacorp.com', 'Analyst', 119942, '2025-01-03', 'ACTIVE');
INSERT INTO employees (id, department_id, first_name, last_name, email, role, salary, join_date, status) VALUES ('e8be2c05-b393-4ead-a7e9-11f79df68c4c', '1bcae45f-64de-4d1e-8ccc-650a638fc9fb', 'Emp141', 'User141', 'emp141@nexacorp.com', 'Analyst', 214220, '2025-05-12', 'EXITED');
INSERT INTO employees (id, department_id, first_name, last_name, email, role, salary, join_date, status) VALUES ('0cd17457-4884-486c-8930-defb91b3618d', 'dcb2283b-f426-4305-ad8a-86d8ce8eff4f', 'Emp142', 'User142', 'emp142@nexacorp.com', 'Executive', 70326, '2025-01-22', 'ACTIVE');
INSERT INTO employees (id, department_id, first_name, last_name, email, role, salary, join_date, status) VALUES ('07b5b75d-8071-418c-92bd-33721a29c022', '9992acfa-b38c-428d-bc2a-76125a3eeeb4', 'Emp143', 'User143', 'emp143@nexacorp.com', 'Engineer', 61148, '2023-02-05', 'ACTIVE');
INSERT INTO employees (id, department_id, first_name, last_name, email, role, salary, join_date, status) VALUES ('c8dcf899-ec57-4ce5-9a20-8ac63b687215', '3599d5cb-89d7-4a51-afe0-cfc0f46a4bf0', 'Emp144', 'User144', 'emp144@nexacorp.com', 'Senior Engineer', 171859, '2023-09-09', 'EXITED');
INSERT INTO employees (id, department_id, first_name, last_name, email, role, salary, join_date, status) VALUES ('e5505183-eb91-4fda-8962-f1e596d35f7e', '9992acfa-b38c-428d-bc2a-76125a3eeeb4', 'Emp145', 'User145', 'emp145@nexacorp.com', 'Engineer', 166501, '2023-03-30', 'ACTIVE');
INSERT INTO employees (id, department_id, first_name, last_name, email, role, salary, join_date, status) VALUES ('43df0fed-3a44-4b1d-8628-4e4f0888cabd', '1bcae45f-64de-4d1e-8ccc-650a638fc9fb', 'Emp146', 'User146', 'emp146@nexacorp.com', 'Senior Engineer', 215207, '2025-03-29', 'ACTIVE');
INSERT INTO employees (id, department_id, first_name, last_name, email, role, salary, join_date, status) VALUES ('4279496a-158d-40b7-8897-f9c88e6fa646', '3599d5cb-89d7-4a51-afe0-cfc0f46a4bf0', 'Emp147', 'User147', 'emp147@nexacorp.com', 'Analyst', 142915, '2024-02-01', 'ACTIVE');
INSERT INTO employees (id, department_id, first_name, last_name, email, role, salary, join_date, status) VALUES ('097b75b4-7e6e-4605-929e-725375f9cb03', '6d9b02d5-f0cc-4c42-8f46-4d99f522e1c4', 'Emp148', 'User148', 'emp148@nexacorp.com', 'Executive', 128809, '2022-09-19', 'EXITED');
INSERT INTO employees (id, department_id, first_name, last_name, email, role, salary, join_date, status) VALUES ('81c93f46-61ad-4783-b704-ece8cadaa5d8', '6d9b02d5-f0cc-4c42-8f46-4d99f522e1c4', 'Emp149', 'User149', 'emp149@nexacorp.com', 'Lead', 152212, '2023-02-15', 'ACTIVE');

INSERT INTO projects (id, department_id, name, budget, start_date, status) VALUES ('f88ae8d1-12db-48db-b1f2-3b9b06110670', '1bcae45f-64de-4d1e-8ccc-650a638fc9fb', 'Project-0', 417245, '2025-01-20', 'COMPLETED');
INSERT INTO projects (id, department_id, name, budget, start_date, status) VALUES ('fbf38e52-e929-4978-9bc8-1d3a05e3764e', '3599d5cb-89d7-4a51-afe0-cfc0f46a4bf0', 'Project-1', 55867, '2024-09-19', 'COMPLETED');
INSERT INTO projects (id, department_id, name, budget, start_date, status) VALUES ('65775319-ac0b-4da6-92bb-002dc036facd', '52d27a0f-c5fe-475e-8818-7d10abe1c389', 'Project-2', 57815, '2024-04-11', 'PLANNED');
INSERT INTO projects (id, department_id, name, budget, start_date, status) VALUES ('4c63c689-e6d2-44ef-a286-8aabb9ddc3ee', '1bcae45f-64de-4d1e-8ccc-650a638fc9fb', 'Project-3', 463808, '2024-12-25', 'PLANNED');
INSERT INTO projects (id, department_id, name, budget, start_date, status) VALUES ('af9409e8-a3a8-4c61-8efd-196e0425a9ab', 'dcb2283b-f426-4305-ad8a-86d8ce8eff4f', 'Project-4', 74609, '2024-07-22', 'PLANNED');
INSERT INTO projects (id, department_id, name, budget, start_date, status) VALUES ('682dc0a6-d9c0-4623-ab1c-c52b5ce8a82d', '6d9b02d5-f0cc-4c42-8f46-4d99f522e1c4', 'Project-5', 355021, '2023-12-23', 'COMPLETED');
INSERT INTO projects (id, department_id, name, budget, start_date, status) VALUES ('ca370401-eeb0-400f-bdfe-42fc751543d7', '9992acfa-b38c-428d-bc2a-76125a3eeeb4', 'Project-6', 127325, '2023-09-03', 'PLANNED');
INSERT INTO projects (id, department_id, name, budget, start_date, status) VALUES ('3a4c83a3-d862-4229-9ca3-ed60d3ad668f', '6a54b953-6a35-4e6b-944b-75c8d2b54501', 'Project-7', 133848, '2024-06-05', 'ACTIVE');
INSERT INTO projects (id, department_id, name, budget, start_date, status) VALUES ('68498ead-101e-4681-bb69-05a8e3d30a74', '52d27a0f-c5fe-475e-8818-7d10abe1c389', 'Project-8', 202290, '2024-06-12', 'ACTIVE');
INSERT INTO projects (id, department_id, name, budget, start_date, status) VALUES ('14cb1f8d-32e0-439b-8eda-8c74bbdc1724', '1bcae45f-64de-4d1e-8ccc-650a638fc9fb', 'Project-9', 253235, '2025-02-26', 'COMPLETED');
INSERT INTO projects (id, department_id, name, budget, start_date, status) VALUES ('ed2c8435-020d-4faa-a77b-f25753809fbe', '1bcae45f-64de-4d1e-8ccc-650a638fc9fb', 'Project-10', 130019, '2024-07-24', 'PLANNED');
INSERT INTO projects (id, department_id, name, budget, start_date, status) VALUES ('85139fcc-9593-42c0-9368-368407abc6d1', 'dcb2283b-f426-4305-ad8a-86d8ce8eff4f', 'Project-11', 428388, '2024-08-21', 'COMPLETED');
INSERT INTO projects (id, department_id, name, budget, start_date, status) VALUES ('f0403f65-9d84-4376-ae33-adfcea864299', '52d27a0f-c5fe-475e-8818-7d10abe1c389', 'Project-12', 373712, '2025-02-26', 'COMPLETED');
INSERT INTO projects (id, department_id, name, budget, start_date, status) VALUES ('77181793-ccf3-4f2f-9362-cfd78a61be67', '52d27a0f-c5fe-475e-8818-7d10abe1c389', 'Project-13', 143354, '2023-08-04', 'PLANNED');
INSERT INTO projects (id, department_id, name, budget, start_date, status) VALUES ('74219a89-7bd4-4407-9536-88b2a51af2c4', 'dcb2283b-f426-4305-ad8a-86d8ce8eff4f', 'Project-14', 379039, '2024-07-19', 'PLANNED');
INSERT INTO projects (id, department_id, name, budget, start_date, status) VALUES ('7e83df79-75d4-47a4-ad90-50522a30dc58', 'dcb2283b-f426-4305-ad8a-86d8ce8eff4f', 'Project-15', 84626, '2024-08-26', 'ACTIVE');
INSERT INTO projects (id, department_id, name, budget, start_date, status) VALUES ('ad721b7b-927b-42e3-80f8-97ed631daa21', '6d9b02d5-f0cc-4c42-8f46-4d99f522e1c4', 'Project-16', 289315, '2025-01-21', 'ACTIVE');
INSERT INTO projects (id, department_id, name, budget, start_date, status) VALUES ('2d5b4271-fc86-468e-99e3-48014453692e', '6d9b02d5-f0cc-4c42-8f46-4d99f522e1c4', 'Project-17', 222139, '2025-02-08', 'ACTIVE');
INSERT INTO projects (id, department_id, name, budget, start_date, status) VALUES ('7095f885-002d-40cc-acab-a19150cb7310', '3599d5cb-89d7-4a51-afe0-cfc0f46a4bf0', 'Project-18', 141138, '2025-03-02', 'COMPLETED');
INSERT INTO projects (id, department_id, name, budget, start_date, status) VALUES ('d4853d02-158c-4242-b9bf-cfc8822ab3e5', '9992acfa-b38c-428d-bc2a-76125a3eeeb4', 'Project-19', 357385, '2024-08-20', 'COMPLETED');
INSERT INTO projects (id, department_id, name, budget, start_date, status) VALUES ('7145f05a-44d6-4e32-ba40-571bdd8acfb2', '3599d5cb-89d7-4a51-afe0-cfc0f46a4bf0', 'Project-20', 90920, '2023-11-17', 'COMPLETED');
INSERT INTO projects (id, department_id, name, budget, start_date, status) VALUES ('e4018d9b-8a06-4123-b668-e12e3ec84de9', '3599d5cb-89d7-4a51-afe0-cfc0f46a4bf0', 'Project-21', 330254, '2025-01-08', 'COMPLETED');
INSERT INTO projects (id, department_id, name, budget, start_date, status) VALUES ('67b2d693-c1b1-4cf3-a3b6-6b21bebd2eb1', '6d9b02d5-f0cc-4c42-8f46-4d99f522e1c4', 'Project-22', 451245, '2024-03-20', 'PLANNED');
INSERT INTO projects (id, department_id, name, budget, start_date, status) VALUES ('fe214dbd-11b9-4ce4-847d-696ed8c3ac17', '1bcae45f-64de-4d1e-8ccc-650a638fc9fb', 'Project-23', 337610, '2023-10-15', 'ACTIVE');
INSERT INTO projects (id, department_id, name, budget, start_date, status) VALUES ('eb39450a-fd76-415c-9fb3-9194239704dc', '3599d5cb-89d7-4a51-afe0-cfc0f46a4bf0', 'Project-24', 76412, '2024-09-16', 'PLANNED');
INSERT INTO projects (id, department_id, name, budget, start_date, status) VALUES ('91354707-ad87-4a87-b737-134d3868185e', '9992acfa-b38c-428d-bc2a-76125a3eeeb4', 'Project-25', 289671, '2025-01-28', 'PLANNED');
INSERT INTO projects (id, department_id, name, budget, start_date, status) VALUES ('bfb093dc-2b8c-4ebd-b45b-5c6861e32abc', '9992acfa-b38c-428d-bc2a-76125a3eeeb4', 'Project-26', 338750, '2024-05-28', 'PLANNED');
INSERT INTO projects (id, department_id, name, budget, start_date, status) VALUES ('61982cea-97dc-47f8-ba7b-4c97a1927fb4', '6d9b02d5-f0cc-4c42-8f46-4d99f522e1c4', 'Project-27', 395711, '2024-07-08', 'ACTIVE');
INSERT INTO projects (id, department_id, name, budget, start_date, status) VALUES ('7065f825-ac98-40f5-b83e-128f809c25a8', '1bcae45f-64de-4d1e-8ccc-650a638fc9fb', 'Project-28', 227372, '2024-02-22', 'ACTIVE');
INSERT INTO projects (id, department_id, name, budget, start_date, status) VALUES ('29af50f7-80fc-4baa-aee4-04550617e788', '3599d5cb-89d7-4a51-afe0-cfc0f46a4bf0', 'Project-29', 490310, '2023-10-23', 'PLANNED');

INSERT INTO project_assignments (id, project_id, employee_id, allocation_pct, assigned_date) VALUES ('dc028169-f2b6-467c-ae93-62be51b9b9c2', 'f88ae8d1-12db-48db-b1f2-3b9b06110670', '819dec47-3e3b-4771-8885-66fae18b9d32', 100, '2025-09-01');
INSERT INTO project_assignments (id, project_id, employee_id, allocation_pct, assigned_date) VALUES ('550e31c8-0650-46e0-aa07-9be40db062db', 'f88ae8d1-12db-48db-b1f2-3b9b06110670', '6e795564-779e-4750-80b0-ca64e32aeb9d', 75, '2025-05-27');
INSERT INTO project_assignments (id, project_id, employee_id, allocation_pct, assigned_date) VALUES ('8bb7da9f-b04b-4ae8-a469-06d2072a2f3e', 'f88ae8d1-12db-48db-b1f2-3b9b06110670', 'e0f5e0af-0bab-4ba6-8ae6-9c00b0b7ac2b', 100, '2025-05-14');
INSERT INTO project_assignments (id, project_id, employee_id, allocation_pct, assigned_date) VALUES ('0b869ab8-274a-45f9-aac5-fde3883c62be', 'f88ae8d1-12db-48db-b1f2-3b9b06110670', 'c5ce31eb-7b5f-4c41-acc7-872db57971f3', 50, '2025-01-15');
INSERT INTO project_assignments (id, project_id, employee_id, allocation_pct, assigned_date) VALUES ('0be9e3a9-1d3d-4e9c-a82b-6dbe98bb2d28', 'f88ae8d1-12db-48db-b1f2-3b9b06110670', '56d6025a-6ac3-4338-b727-84071eb87e2f', 50, '2025-08-03');
INSERT INTO project_assignments (id, project_id, employee_id, allocation_pct, assigned_date) VALUES ('08cfd511-3496-4fbc-83dc-9a353afea545', 'f88ae8d1-12db-48db-b1f2-3b9b06110670', '603bc1dc-a3cd-46ab-8319-4c843e7815c5', 50, '2025-08-27');
INSERT INTO project_assignments (id, project_id, employee_id, allocation_pct, assigned_date) VALUES ('d21f180f-71f1-4263-a687-07cfdd362b97', 'f88ae8d1-12db-48db-b1f2-3b9b06110670', 'b4e5ae27-2c64-4777-990e-55582f74c811', 75, '2025-12-03');
INSERT INTO project_assignments (id, project_id, employee_id, allocation_pct, assigned_date) VALUES ('18d96b33-a55f-4f63-80f1-1b28c99346d5', 'f88ae8d1-12db-48db-b1f2-3b9b06110670', 'b75538f7-e9b6-469f-bae0-a14463fb9469', 75, '2025-06-22');
INSERT INTO project_assignments (id, project_id, employee_id, allocation_pct, assigned_date) VALUES ('b565b8fe-d985-4311-abb7-fa1c821d4ad0', 'f88ae8d1-12db-48db-b1f2-3b9b06110670', '1e13ac37-0b87-4c82-9378-cc002b81ab4d', 50, '2024-06-12');
INSERT INTO project_assignments (id, project_id, employee_id, allocation_pct, assigned_date) VALUES ('6fe348f1-054e-471e-972f-1614156fa3df', 'f88ae8d1-12db-48db-b1f2-3b9b06110670', '91599d34-7024-4bba-a127-3d18f66d9962', 50, '2025-08-12');
INSERT INTO project_assignments (id, project_id, employee_id, allocation_pct, assigned_date) VALUES ('829c2b64-b877-44b2-9c6d-32de657d9391', 'f88ae8d1-12db-48db-b1f2-3b9b06110670', 'b1770d6f-5b7b-408e-9556-e85c15409468', 100, '2025-08-08');
INSERT INTO project_assignments (id, project_id, employee_id, allocation_pct, assigned_date) VALUES ('a5c0f21e-a49c-439a-8fc0-35a366409f64', 'f88ae8d1-12db-48db-b1f2-3b9b06110670', '34846a60-a506-4225-9b78-f1d8d8998206', 100, '2024-12-18');
INSERT INTO project_assignments (id, project_id, employee_id, allocation_pct, assigned_date) VALUES ('2d9f72d2-a31c-4c47-a74b-390cb172044a', 'f88ae8d1-12db-48db-b1f2-3b9b06110670', '43df0fed-3a44-4b1d-8628-4e4f0888cabd', 100, '2024-08-19');
INSERT INTO project_assignments (id, project_id, employee_id, allocation_pct, assigned_date) VALUES ('58ddaac7-4bb4-438e-8be8-fc625ddd16f5', 'f88ae8d1-12db-48db-b1f2-3b9b06110670', '56a8a5c2-5b5f-4556-8aa6-206f9b72fe84', 25, '2024-10-09');
INSERT INTO project_assignments (id, project_id, employee_id, allocation_pct, assigned_date) VALUES ('8ff39001-092f-4f2e-abd0-cf0dac0dcd41', 'f88ae8d1-12db-48db-b1f2-3b9b06110670', 'd913f2f3-95c7-4299-aa7b-7721fafc588d', 25, '2025-07-23');
INSERT INTO project_assignments (id, project_id, employee_id, allocation_pct, assigned_date) VALUES ('e662213c-5a7c-4a68-8a39-bef47845125c', 'fbf38e52-e929-4978-9bc8-1d3a05e3764e', '5af1f408-1e4d-4c76-a624-5d8022d08fc9', 50, '2025-07-06');
INSERT INTO project_assignments (id, project_id, employee_id, allocation_pct, assigned_date) VALUES ('5280ba77-9732-468e-a5cc-84442b944b3a', 'fbf38e52-e929-4978-9bc8-1d3a05e3764e', '270977fc-2579-4a01-a815-af3f96197ad6', 75, '2024-10-07');
INSERT INTO project_assignments (id, project_id, employee_id, allocation_pct, assigned_date) VALUES ('5151b161-0ee3-44ee-afdc-4141d5c4d86c', 'fbf38e52-e929-4978-9bc8-1d3a05e3764e', 'b9ce1390-e508-4a1f-88bf-85aa8ccbbffd', 50, '2025-09-29');
INSERT INTO project_assignments (id, project_id, employee_id, allocation_pct, assigned_date) VALUES ('a3da9764-9b38-4e22-ad4d-7b219a6ef1e7', 'fbf38e52-e929-4978-9bc8-1d3a05e3764e', 'eab9025a-317e-46a3-a720-542baefc7c42', 50, '2024-06-30');
INSERT INTO project_assignments (id, project_id, employee_id, allocation_pct, assigned_date) VALUES ('1c47c779-d4b6-4afa-a0ed-bd080d21beef', 'fbf38e52-e929-4978-9bc8-1d3a05e3764e', '712f9bd9-71b3-40a1-9ff7-cad9954a1632', 100, '2024-06-03');
INSERT INTO project_assignments (id, project_id, employee_id, allocation_pct, assigned_date) VALUES ('c4dd1d2f-d3a0-4e9d-9a8b-d9d5c1481b58', 'fbf38e52-e929-4978-9bc8-1d3a05e3764e', '6bb912f2-3e34-4e5f-b35f-dae1c8da1e58', 25, '2024-10-11');
INSERT INTO project_assignments (id, project_id, employee_id, allocation_pct, assigned_date) VALUES ('180b3c40-dcec-41c5-8f7a-b15dc567f8e2', 'fbf38e52-e929-4978-9bc8-1d3a05e3764e', 'e2958af5-1a46-486f-baa3-53bfa1bd7693', 100, '2024-06-01');
INSERT INTO project_assignments (id, project_id, employee_id, allocation_pct, assigned_date) VALUES ('448f47ac-9c03-478c-839b-30613273096a', '65775319-ac0b-4da6-92bb-002dc036facd', '61fffefc-7fda-49f0-9126-d92bea48859d', 50, '2024-12-24');
INSERT INTO project_assignments (id, project_id, employee_id, allocation_pct, assigned_date) VALUES ('443207ba-c04d-4700-8a3c-3a0e1094aefe', '65775319-ac0b-4da6-92bb-002dc036facd', '2c7a21c4-a92e-4bbf-a64a-7143c1f36ec4', 75, '2024-08-24');
INSERT INTO project_assignments (id, project_id, employee_id, allocation_pct, assigned_date) VALUES ('9f5785de-9811-498e-91fc-564b586aa7c4', '65775319-ac0b-4da6-92bb-002dc036facd', '695ef135-df2a-49aa-90f3-413e4b5224bf', 50, '2024-07-21');
INSERT INTO project_assignments (id, project_id, employee_id, allocation_pct, assigned_date) VALUES ('ec351d9d-f03d-43fb-9c3b-c3025fe95577', '65775319-ac0b-4da6-92bb-002dc036facd', '1915aef9-65cd-4b00-a75a-e8d43a9e7c95', 50, '2025-09-25');
INSERT INTO project_assignments (id, project_id, employee_id, allocation_pct, assigned_date) VALUES ('a955bbeb-849b-467d-a4ef-7b5e75758d8e', '65775319-ac0b-4da6-92bb-002dc036facd', 'c02dcfeb-f08b-41ce-8c06-95461fc610ba', 25, '2024-06-07');
INSERT INTO project_assignments (id, project_id, employee_id, allocation_pct, assigned_date) VALUES ('e9271e57-ff28-4d6b-a328-2088f47e8e23', '65775319-ac0b-4da6-92bb-002dc036facd', '13e15208-89da-425d-8b37-f96c6a3ac8d0', 100, '2024-05-26');
INSERT INTO project_assignments (id, project_id, employee_id, allocation_pct, assigned_date) VALUES ('d2074a57-3db8-450a-acbf-5ed8b948164c', '65775319-ac0b-4da6-92bb-002dc036facd', 'dbb32a9a-7c45-4973-a4d7-50248e25171a', 75, '2025-07-29');
INSERT INTO project_assignments (id, project_id, employee_id, allocation_pct, assigned_date) VALUES ('5a7f926c-42e1-416d-a163-c2d9a8b73e3e', '65775319-ac0b-4da6-92bb-002dc036facd', '21536a26-74de-4e38-b836-2e5ed657457d', 100, '2025-03-03');
INSERT INTO project_assignments (id, project_id, employee_id, allocation_pct, assigned_date) VALUES ('207bbb7c-47e7-4d7d-9646-72cefb5badeb', '65775319-ac0b-4da6-92bb-002dc036facd', '461b0d4f-021f-44de-bd24-3953c84a352b', 50, '2024-09-14');
INSERT INTO project_assignments (id, project_id, employee_id, allocation_pct, assigned_date) VALUES ('a9ab381d-9ce6-49d0-bdad-f63275cb16a0', '65775319-ac0b-4da6-92bb-002dc036facd', '2ff8475d-ce36-415a-95d4-fe9b7c3fdf27', 25, '2024-07-23');
INSERT INTO project_assignments (id, project_id, employee_id, allocation_pct, assigned_date) VALUES ('168dd901-b4ba-4578-82e9-4c0780a66414', '65775319-ac0b-4da6-92bb-002dc036facd', '4f95c3b8-2d68-4201-9b8d-94b7822d25b1', 75, '2024-08-02');
INSERT INTO project_assignments (id, project_id, employee_id, allocation_pct, assigned_date) VALUES ('07f99826-87b0-4793-8fb8-5624a68ca57b', '65775319-ac0b-4da6-92bb-002dc036facd', '95eb4f13-fde1-43cf-a500-cce55d6afccb', 50, '2025-03-22');
INSERT INTO project_assignments (id, project_id, employee_id, allocation_pct, assigned_date) VALUES ('559201aa-bd84-4623-9829-9ddbf6a0f708', '4c63c689-e6d2-44ef-a286-8aabb9ddc3ee', '56a8a5c2-5b5f-4556-8aa6-206f9b72fe84', 50, '2024-10-01');
INSERT INTO project_assignments (id, project_id, employee_id, allocation_pct, assigned_date) VALUES ('d7c7a22c-092b-41ba-9bbf-4a0681d0bab9', '4c63c689-e6d2-44ef-a286-8aabb9ddc3ee', '833905a3-9c6d-4b63-9954-d6f7a252e5d6', 75, '2025-10-06');
INSERT INTO project_assignments (id, project_id, employee_id, allocation_pct, assigned_date) VALUES ('c5e2b148-7184-422e-972d-0ac9b426835a', '4c63c689-e6d2-44ef-a286-8aabb9ddc3ee', 'b452b4e3-d024-4f77-8409-8e81130c4233', 50, '2025-05-18');
INSERT INTO project_assignments (id, project_id, employee_id, allocation_pct, assigned_date) VALUES ('2d76bf9c-fb47-4cce-9a23-b82bb9451061', '4c63c689-e6d2-44ef-a286-8aabb9ddc3ee', '4279496a-158d-40b7-8897-f9c88e6fa646', 50, '2024-06-26');
INSERT INTO project_assignments (id, project_id, employee_id, allocation_pct, assigned_date) VALUES ('57e79e6f-cd00-4a48-8df0-728b5b7da0bb', '4c63c689-e6d2-44ef-a286-8aabb9ddc3ee', '65cb57cb-5452-4c46-90b9-a5fe41a9420d', 100, '2024-05-28');
INSERT INTO project_assignments (id, project_id, employee_id, allocation_pct, assigned_date) VALUES ('68b855b6-a636-4327-82ab-917381532573', '4c63c689-e6d2-44ef-a286-8aabb9ddc3ee', '6bb912f2-3e34-4e5f-b35f-dae1c8da1e58', 75, '2025-06-22');
INSERT INTO project_assignments (id, project_id, employee_id, allocation_pct, assigned_date) VALUES ('7cc6f8b6-c3cf-42c4-a199-3610a9a8ce18', '4c63c689-e6d2-44ef-a286-8aabb9ddc3ee', 'b1770d6f-5b7b-408e-9556-e85c15409468', 50, '2024-08-19');
INSERT INTO project_assignments (id, project_id, employee_id, allocation_pct, assigned_date) VALUES ('799270b3-c6ee-488f-aef1-85aa110861f3', '4c63c689-e6d2-44ef-a286-8aabb9ddc3ee', '61fffefc-7fda-49f0-9126-d92bea48859d', 50, '2025-11-01');
INSERT INTO project_assignments (id, project_id, employee_id, allocation_pct, assigned_date) VALUES ('a66eba9a-348b-45ab-a06d-59ee61c2716f', '4c63c689-e6d2-44ef-a286-8aabb9ddc3ee', '58d4a130-3c8e-4c11-b526-da7820649980', 75, '2024-12-29');
INSERT INTO project_assignments (id, project_id, employee_id, allocation_pct, assigned_date) VALUES ('aafb1279-b719-4d42-810a-901ab6098fd7', '4c63c689-e6d2-44ef-a286-8aabb9ddc3ee', '85ebc9b0-4e2e-4243-96bd-b429168b9c23', 50, '2025-07-17');
INSERT INTO project_assignments (id, project_id, employee_id, allocation_pct, assigned_date) VALUES ('64e29709-8d39-4509-8357-cdea552ea139', '4c63c689-e6d2-44ef-a286-8aabb9ddc3ee', 'd6e10d89-9dbc-447c-9cf9-e9e647cd6851', 75, '2025-01-31');
INSERT INTO project_assignments (id, project_id, employee_id, allocation_pct, assigned_date) VALUES ('c0004a1d-37af-43d7-8039-a1b021d8957a', '4c63c689-e6d2-44ef-a286-8aabb9ddc3ee', '461b0d4f-021f-44de-bd24-3953c84a352b', 50, '2024-11-29');
INSERT INTO project_assignments (id, project_id, employee_id, allocation_pct, assigned_date) VALUES ('752c24f9-507b-4da9-95ca-c857ca842f6d', '4c63c689-e6d2-44ef-a286-8aabb9ddc3ee', 'b4e5ae27-2c64-4777-990e-55582f74c811', 50, '2024-10-18');
INSERT INTO project_assignments (id, project_id, employee_id, allocation_pct, assigned_date) VALUES ('418c0175-2274-496a-b715-ee8a631fb9f1', '4c63c689-e6d2-44ef-a286-8aabb9ddc3ee', '343618c1-0aaa-461f-b004-6c38f154e20e', 25, '2025-08-19');
INSERT INTO project_assignments (id, project_id, employee_id, allocation_pct, assigned_date) VALUES ('c5c7fd3a-9355-4173-96f1-993cc1719822', '4c63c689-e6d2-44ef-a286-8aabb9ddc3ee', 'b9f4674b-2b0f-4aa3-bbdd-8fa58ca87510', 75, '2025-04-13');
INSERT INTO project_assignments (id, project_id, employee_id, allocation_pct, assigned_date) VALUES ('ccd62f98-b671-4a26-b595-3e0bb23717b4', 'af9409e8-a3a8-4c61-8efd-196e0425a9ab', 'e522424b-2d76-4169-8ce8-1aeaf12e7339', 25, '2025-10-21');
INSERT INTO project_assignments (id, project_id, employee_id, allocation_pct, assigned_date) VALUES ('b8b1ee68-a0b6-416b-9b93-b0d3ec407171', 'af9409e8-a3a8-4c61-8efd-196e0425a9ab', '56d6025a-6ac3-4338-b727-84071eb87e2f', 100, '2025-11-26');
INSERT INTO project_assignments (id, project_id, employee_id, allocation_pct, assigned_date) VALUES ('e8cc99ce-9a3d-4393-81bf-9f3e6bab8bd1', 'af9409e8-a3a8-4c61-8efd-196e0425a9ab', '9f7d6ae8-b79c-42a5-b945-f9ec2101a3fb', 100, '2024-08-01');
INSERT INTO project_assignments (id, project_id, employee_id, allocation_pct, assigned_date) VALUES ('a30bcb65-4a1b-4b3c-ac36-401c901e81f6', 'af9409e8-a3a8-4c61-8efd-196e0425a9ab', '12f8c177-6bb9-4121-bc9b-7d8c30791e06', 75, '2025-08-08');
INSERT INTO project_assignments (id, project_id, employee_id, allocation_pct, assigned_date) VALUES ('af222e2c-fe54-4657-a299-d8b36d7f1009', 'af9409e8-a3a8-4c61-8efd-196e0425a9ab', 'cb2a0ac9-9fb0-4438-91a9-0a16ef89a81a', 50, '2024-06-17');
INSERT INTO project_assignments (id, project_id, employee_id, allocation_pct, assigned_date) VALUES ('136f2cf2-627e-49fe-94b1-1f4dfe1c7676', 'af9409e8-a3a8-4c61-8efd-196e0425a9ab', 'd58d8662-22e0-4e48-944c-ac05dfaa06a2', 50, '2025-03-22');
INSERT INTO project_assignments (id, project_id, employee_id, allocation_pct, assigned_date) VALUES ('05fc1a5d-27d2-451d-861d-d069dc18ac2c', 'af9409e8-a3a8-4c61-8efd-196e0425a9ab', '6328a0b6-4830-45a2-87d6-60fcb98e8aff', 100, '2025-08-09');
INSERT INTO project_assignments (id, project_id, employee_id, allocation_pct, assigned_date) VALUES ('c67ed409-b54e-4465-b3f5-23684507a829', '682dc0a6-d9c0-4623-ab1c-c52b5ce8a82d', 'e522424b-2d76-4169-8ce8-1aeaf12e7339', 75, '2025-02-03');
INSERT INTO project_assignments (id, project_id, employee_id, allocation_pct, assigned_date) VALUES ('dfe84b6d-5d91-4500-b71c-e7aefdafe3d7', '682dc0a6-d9c0-4623-ab1c-c52b5ce8a82d', '704c1360-6cb0-4d71-9374-5fa4abe8ca07', 25, '2024-10-01');
INSERT INTO project_assignments (id, project_id, employee_id, allocation_pct, assigned_date) VALUES ('44218be4-81b3-446b-9e04-4e2fe30a698d', '682dc0a6-d9c0-4623-ab1c-c52b5ce8a82d', '6328a0b6-4830-45a2-87d6-60fcb98e8aff', 100, '2025-05-21');
INSERT INTO project_assignments (id, project_id, employee_id, allocation_pct, assigned_date) VALUES ('70ad8be4-1838-434d-954a-e52444d35d7b', '682dc0a6-d9c0-4623-ab1c-c52b5ce8a82d', 'a81a3c7a-77ea-4845-881f-dcfa3e276b6d', 75, '2025-05-12');
INSERT INTO project_assignments (id, project_id, employee_id, allocation_pct, assigned_date) VALUES ('99fca0e1-7566-4c62-8650-418988a78873', '682dc0a6-d9c0-4623-ab1c-c52b5ce8a82d', '3ee3c6a3-d993-46c1-9153-fc69683c4699', 25, '2025-06-13');
INSERT INTO project_assignments (id, project_id, employee_id, allocation_pct, assigned_date) VALUES ('b07f86c7-0552-48c0-ace4-e161c32c4b31', '682dc0a6-d9c0-4623-ab1c-c52b5ce8a82d', '08c66601-b2b4-4066-918b-ae89bbbb73ae', 50, '2025-03-29');
INSERT INTO project_assignments (id, project_id, employee_id, allocation_pct, assigned_date) VALUES ('29bfaf79-9934-4d15-909b-b1cef2d443b3', '682dc0a6-d9c0-4623-ab1c-c52b5ce8a82d', '3d734d19-18dc-4972-bca6-822201a45c7b', 50, '2025-08-24');
INSERT INTO project_assignments (id, project_id, employee_id, allocation_pct, assigned_date) VALUES ('0ff6d952-5992-4d37-bb11-95bbfb383ddf', '682dc0a6-d9c0-4623-ab1c-c52b5ce8a82d', '1db7b7f7-3635-4258-95a7-106b9eb1f7ab', 50, '2025-12-10');
INSERT INTO project_assignments (id, project_id, employee_id, allocation_pct, assigned_date) VALUES ('f99d7204-50d3-45fb-b60c-b9ba83c080cf', '682dc0a6-d9c0-4623-ab1c-c52b5ce8a82d', '461b0d4f-021f-44de-bd24-3953c84a352b', 75, '2025-11-25');
INSERT INTO project_assignments (id, project_id, employee_id, allocation_pct, assigned_date) VALUES ('e0a82beb-c730-4bef-926c-ee9348816f5f', '682dc0a6-d9c0-4623-ab1c-c52b5ce8a82d', '65cb57cb-5452-4c46-90b9-a5fe41a9420d', 50, '2025-08-07');
INSERT INTO project_assignments (id, project_id, employee_id, allocation_pct, assigned_date) VALUES ('afdd0529-f697-4811-a8ae-61cf11492119', '682dc0a6-d9c0-4623-ab1c-c52b5ce8a82d', '95bb1a6b-fefd-4a85-b2f6-803ad2a44600', 75, '2024-06-13');
INSERT INTO project_assignments (id, project_id, employee_id, allocation_pct, assigned_date) VALUES ('12a2a81c-c19e-470d-b74d-97d2c05974eb', 'ca370401-eeb0-400f-bdfe-42fc751543d7', '2c7a21c4-a92e-4bbf-a64a-7143c1f36ec4', 25, '2025-01-26');
INSERT INTO project_assignments (id, project_id, employee_id, allocation_pct, assigned_date) VALUES ('38e73229-75d5-451f-acc9-72dd21447170', 'ca370401-eeb0-400f-bdfe-42fc751543d7', 'd772297c-e204-42e7-a22e-2843e655396c', 25, '2025-02-07');
INSERT INTO project_assignments (id, project_id, employee_id, allocation_pct, assigned_date) VALUES ('36125799-849a-4c3f-a313-34bf1cd58b70', 'ca370401-eeb0-400f-bdfe-42fc751543d7', 'b9ce1390-e508-4a1f-88bf-85aa8ccbbffd', 100, '2025-01-01');
INSERT INTO project_assignments (id, project_id, employee_id, allocation_pct, assigned_date) VALUES ('3bc46d34-f868-4fc5-9b76-f268bd33c87b', 'ca370401-eeb0-400f-bdfe-42fc751543d7', 'cbacdd4e-f902-4226-8bdb-b236b5520976', 75, '2024-12-01');
INSERT INTO project_assignments (id, project_id, employee_id, allocation_pct, assigned_date) VALUES ('83c49674-c519-4336-8ae3-6feefa068921', 'ca370401-eeb0-400f-bdfe-42fc751543d7', 'cee9a30e-1677-4ff2-9bc5-ce7cb33d5463', 50, '2024-09-04');
INSERT INTO project_assignments (id, project_id, employee_id, allocation_pct, assigned_date) VALUES ('75c7794c-a22c-401a-b491-01abbe211ea4', 'ca370401-eeb0-400f-bdfe-42fc751543d7', 'd6e10d89-9dbc-447c-9cf9-e9e647cd6851', 50, '2024-08-03');
INSERT INTO project_assignments (id, project_id, employee_id, allocation_pct, assigned_date) VALUES ('cf0c0be3-d2e5-4ba1-afd8-1ab16af0243f', 'ca370401-eeb0-400f-bdfe-42fc751543d7', 'b452b4e3-d024-4f77-8409-8e81130c4233', 75, '2025-07-29');
INSERT INTO project_assignments (id, project_id, employee_id, allocation_pct, assigned_date) VALUES ('8a7a4592-7d06-4e2e-8a47-1cbc93d66d10', 'ca370401-eeb0-400f-bdfe-42fc751543d7', '6111a741-8c3b-4029-9e1d-827525f04bbc', 25, '2025-02-21');
INSERT INTO project_assignments (id, project_id, employee_id, allocation_pct, assigned_date) VALUES ('6a58183e-ab00-49d2-891a-39d2d563a868', 'ca370401-eeb0-400f-bdfe-42fc751543d7', '1915aef9-65cd-4b00-a75a-e8d43a9e7c95', 50, '2025-10-14');
INSERT INTO project_assignments (id, project_id, employee_id, allocation_pct, assigned_date) VALUES ('0366456b-6081-4570-9a69-6c2a0a2051be', '3a4c83a3-d862-4229-9ca3-ed60d3ad668f', '9eeed87e-2371-4c68-b3aa-fa9d191237a4', 50, '2025-09-15');
INSERT INTO project_assignments (id, project_id, employee_id, allocation_pct, assigned_date) VALUES ('39d08175-351a-4a1d-a426-9ee2c1d7ad2c', '3a4c83a3-d862-4229-9ca3-ed60d3ad668f', '81c93f46-61ad-4783-b704-ece8cadaa5d8', 25, '2025-01-15');
INSERT INTO project_assignments (id, project_id, employee_id, allocation_pct, assigned_date) VALUES ('91c8ba85-0220-4ecf-9467-b18c1160bc03', '3a4c83a3-d862-4229-9ca3-ed60d3ad668f', '9f7d6ae8-b79c-42a5-b945-f9ec2101a3fb', 25, '2025-03-12');
INSERT INTO project_assignments (id, project_id, employee_id, allocation_pct, assigned_date) VALUES ('fc1ca5b6-2495-4ada-b453-6199c5dfa1d9', '3a4c83a3-d862-4229-9ca3-ed60d3ad668f', '74f7fcc0-2830-4deb-b7c3-3f98180698b7', 100, '2024-12-02');
INSERT INTO project_assignments (id, project_id, employee_id, allocation_pct, assigned_date) VALUES ('f4da4012-1505-41a8-b06b-101308c96abe', '3a4c83a3-d862-4229-9ca3-ed60d3ad668f', 'ebb9fc32-988b-4d02-9221-f816e1b03d11', 75, '2025-10-21');
INSERT INTO project_assignments (id, project_id, employee_id, allocation_pct, assigned_date) VALUES ('e2910ec9-9c44-47d4-9c8c-02adb2b0746f', '3a4c83a3-d862-4229-9ca3-ed60d3ad668f', 'cf8c408b-24bf-44ae-9ca1-0d01ba881838', 75, '2024-07-06');
INSERT INTO project_assignments (id, project_id, employee_id, allocation_pct, assigned_date) VALUES ('fafda79c-81a4-40b0-b059-5e1306aed7f6', '3a4c83a3-d862-4229-9ca3-ed60d3ad668f', 'dc3343f9-eaa5-46b8-863b-358509229274', 75, '2024-06-26');
INSERT INTO project_assignments (id, project_id, employee_id, allocation_pct, assigned_date) VALUES ('4690a9a4-41b9-49fd-8927-25b4a27e2b99', '3a4c83a3-d862-4229-9ca3-ed60d3ad668f', 'ad5ab95b-e1c0-433a-bffa-6c6c402da8b5', 50, '2025-11-15');
INSERT INTO project_assignments (id, project_id, employee_id, allocation_pct, assigned_date) VALUES ('15c7fc8d-32b4-4b79-a28e-a1a582b4b973', '3a4c83a3-d862-4229-9ca3-ed60d3ad668f', '9cb1a73f-a98c-41b0-a2c0-14bf6d34799e', 100, '2025-10-10');
INSERT INTO project_assignments (id, project_id, employee_id, allocation_pct, assigned_date) VALUES ('87e43862-96d1-4af6-b75a-15de7cb525ea', '3a4c83a3-d862-4229-9ca3-ed60d3ad668f', '5195feae-27bd-4546-bd52-d922b77aceea', 50, '2024-12-11');
INSERT INTO project_assignments (id, project_id, employee_id, allocation_pct, assigned_date) VALUES ('6148c095-1699-4191-8631-a1d707deca9a', '3a4c83a3-d862-4229-9ca3-ed60d3ad668f', 'bd43a84d-af5a-45c6-91ad-8e435ec5b01f', 50, '2025-08-29');
INSERT INTO project_assignments (id, project_id, employee_id, allocation_pct, assigned_date) VALUES ('4cae190c-d6e6-477c-9c74-f70ed171e632', '3a4c83a3-d862-4229-9ca3-ed60d3ad668f', '297c8d39-108c-4f2b-8ee0-52527e2c1551', 25, '2025-01-06');
INSERT INTO project_assignments (id, project_id, employee_id, allocation_pct, assigned_date) VALUES ('67a6ea99-cb94-4e1c-af25-dffbff41f0f1', '68498ead-101e-4681-bb69-05a8e3d30a74', '42545324-1412-492b-97c6-ad28de15777d', 75, '2025-11-12');
INSERT INTO project_assignments (id, project_id, employee_id, allocation_pct, assigned_date) VALUES ('dba958bf-1c44-4e6f-9294-d893594d68ba', '68498ead-101e-4681-bb69-05a8e3d30a74', '6111a741-8c3b-4029-9e1d-827525f04bbc', 100, '2024-08-01');
INSERT INTO project_assignments (id, project_id, employee_id, allocation_pct, assigned_date) VALUES ('4828d3a2-f336-4032-a515-68f31b3df266', '68498ead-101e-4681-bb69-05a8e3d30a74', 'cee9a30e-1677-4ff2-9bc5-ce7cb33d5463', 50, '2024-06-26');
INSERT INTO project_assignments (id, project_id, employee_id, allocation_pct, assigned_date) VALUES ('6328b818-df65-4899-8cd4-93437fdaa6f0', '68498ead-101e-4681-bb69-05a8e3d30a74', '819dec47-3e3b-4771-8885-66fae18b9d32', 50, '2025-11-01');
INSERT INTO project_assignments (id, project_id, employee_id, allocation_pct, assigned_date) VALUES ('87c17bee-d725-4d09-b272-29dbcbc9b5e0', '68498ead-101e-4681-bb69-05a8e3d30a74', '695ef135-df2a-49aa-90f3-413e4b5224bf', 25, '2025-05-07');
INSERT INTO project_assignments (id, project_id, employee_id, allocation_pct, assigned_date) VALUES ('ea666605-c390-4f93-8ba9-cc131acdde71', '68498ead-101e-4681-bb69-05a8e3d30a74', '097b75b4-7e6e-4605-929e-725375f9cb03', 25, '2025-10-18');
INSERT INTO project_assignments (id, project_id, employee_id, allocation_pct, assigned_date) VALUES ('34a861b9-952b-4e0d-912b-3e3a06d64a72', '14cb1f8d-32e0-439b-8eda-8c74bbdc1724', 'e8be2c05-b393-4ead-a7e9-11f79df68c4c', 50, '2025-09-14');
INSERT INTO project_assignments (id, project_id, employee_id, allocation_pct, assigned_date) VALUES ('fe73c7b5-e57d-4321-b664-f331431b3961', '14cb1f8d-32e0-439b-8eda-8c74bbdc1724', 'c4eaf8d2-0ef0-4e30-8844-fae3e092a056', 100, '2024-06-06');
INSERT INTO project_assignments (id, project_id, employee_id, allocation_pct, assigned_date) VALUES ('483d6e7d-8ca6-4322-948f-4f1d96d2647a', '14cb1f8d-32e0-439b-8eda-8c74bbdc1724', '12f8c177-6bb9-4121-bc9b-7d8c30791e06', 75, '2024-10-28');
INSERT INTO project_assignments (id, project_id, employee_id, allocation_pct, assigned_date) VALUES ('2c638b1a-5d1c-4de2-a933-62f10c9564a4', '14cb1f8d-32e0-439b-8eda-8c74bbdc1724', '6bb912f2-3e34-4e5f-b35f-dae1c8da1e58', 25, '2025-05-26');
INSERT INTO project_assignments (id, project_id, employee_id, allocation_pct, assigned_date) VALUES ('b479a8e2-7b5a-4a0d-bd67-6d36a73d41c4', '14cb1f8d-32e0-439b-8eda-8c74bbdc1724', 'f006b7cd-ae66-42c0-9fe4-76676e43aed8', 75, '2025-04-18');
INSERT INTO project_assignments (id, project_id, employee_id, allocation_pct, assigned_date) VALUES ('21b3d4db-1272-48bb-9d8b-f02b8f4f03d1', '14cb1f8d-32e0-439b-8eda-8c74bbdc1724', '66420dae-1d3e-423a-be8a-772bc985d64b', 75, '2025-05-06');
INSERT INTO project_assignments (id, project_id, employee_id, allocation_pct, assigned_date) VALUES ('8fe9a5f9-e617-4c34-8c34-0463cbf9b85c', '14cb1f8d-32e0-439b-8eda-8c74bbdc1724', '1738c02e-682e-40bd-a188-1d0b3b0f74a9', 100, '2025-05-01');
INSERT INTO project_assignments (id, project_id, employee_id, allocation_pct, assigned_date) VALUES ('db75945a-1887-465d-9156-96e566846bc7', '14cb1f8d-32e0-439b-8eda-8c74bbdc1724', '6111a741-8c3b-4029-9e1d-827525f04bbc', 100, '2024-12-01');
INSERT INTO project_assignments (id, project_id, employee_id, allocation_pct, assigned_date) VALUES ('3f515358-40c6-413e-af85-d07a53a20c25', '14cb1f8d-32e0-439b-8eda-8c74bbdc1724', 'cf8c408b-24bf-44ae-9ca1-0d01ba881838', 25, '2024-12-30');
INSERT INTO project_assignments (id, project_id, employee_id, allocation_pct, assigned_date) VALUES ('1c5508be-623f-495a-ade2-a2056420b5c5', '14cb1f8d-32e0-439b-8eda-8c74bbdc1724', '142f7461-5d18-4529-9941-9283db4b5dc5', 25, '2025-01-31');
INSERT INTO project_assignments (id, project_id, employee_id, allocation_pct, assigned_date) VALUES ('e29e5e4a-7c95-495d-987f-500670298eb6', '14cb1f8d-32e0-439b-8eda-8c74bbdc1724', '957a3353-eba2-477c-b093-b425a0e1ed1f', 75, '2024-07-19');
INSERT INTO project_assignments (id, project_id, employee_id, allocation_pct, assigned_date) VALUES ('3e09127b-302a-4ade-8d2e-44279a87dbcc', 'ed2c8435-020d-4faa-a77b-f25753809fbe', '66420dae-1d3e-423a-be8a-772bc985d64b', 100, '2025-09-25');
INSERT INTO project_assignments (id, project_id, employee_id, allocation_pct, assigned_date) VALUES ('058a5c97-0065-4759-81a6-002d7f1f5471', 'ed2c8435-020d-4faa-a77b-f25753809fbe', '461b0d4f-021f-44de-bd24-3953c84a352b', 50, '2024-06-20');
INSERT INTO project_assignments (id, project_id, employee_id, allocation_pct, assigned_date) VALUES ('a9d406a2-1739-4d29-8bc1-05052d99cd48', 'ed2c8435-020d-4faa-a77b-f25753809fbe', 'dc3343f9-eaa5-46b8-863b-358509229274', 100, '2025-02-26');
INSERT INTO project_assignments (id, project_id, employee_id, allocation_pct, assigned_date) VALUES ('fd75c84b-0323-4c2d-9253-7976113cd08d', 'ed2c8435-020d-4faa-a77b-f25753809fbe', '78dd62bf-44b7-4ee2-a68b-13269056af4b', 75, '2025-06-22');
INSERT INTO project_assignments (id, project_id, employee_id, allocation_pct, assigned_date) VALUES ('77b4bb71-5203-4331-b421-7e7bd49235c8', 'ed2c8435-020d-4faa-a77b-f25753809fbe', 'f006b7cd-ae66-42c0-9fe4-76676e43aed8', 50, '2025-05-05');
INSERT INTO project_assignments (id, project_id, employee_id, allocation_pct, assigned_date) VALUES ('234621aa-8734-4034-b530-2d11f51e9523', 'ed2c8435-020d-4faa-a77b-f25753809fbe', '2c7a21c4-a92e-4bbf-a64a-7143c1f36ec4', 25, '2025-03-01');
INSERT INTO project_assignments (id, project_id, employee_id, allocation_pct, assigned_date) VALUES ('6cf8d5fb-e071-4e6f-b712-e74d121a279d', '85139fcc-9593-42c0-9368-368407abc6d1', 'b4e5ae27-2c64-4777-990e-55582f74c811', 25, '2025-04-28');
INSERT INTO project_assignments (id, project_id, employee_id, allocation_pct, assigned_date) VALUES ('414d6c18-767f-4e0c-9436-a888ade85f28', '85139fcc-9593-42c0-9368-368407abc6d1', 'd6e10d89-9dbc-447c-9cf9-e9e647cd6851', 50, '2024-08-29');
INSERT INTO project_assignments (id, project_id, employee_id, allocation_pct, assigned_date) VALUES ('8829c9c1-817d-4141-bc39-004d578d6917', '85139fcc-9593-42c0-9368-368407abc6d1', 'eab9025a-317e-46a3-a720-542baefc7c42', 25, '2025-10-21');
INSERT INTO project_assignments (id, project_id, employee_id, allocation_pct, assigned_date) VALUES ('f12e87de-d8f4-40bd-8df1-833c82aa77c9', '85139fcc-9593-42c0-9368-368407abc6d1', '50c27838-73c5-46bd-ba1b-043abf8249ec', 100, '2025-11-26');
INSERT INTO project_assignments (id, project_id, employee_id, allocation_pct, assigned_date) VALUES ('cd791045-a1ba-4c5e-87d0-6784fcc66ed4', '85139fcc-9593-42c0-9368-368407abc6d1', '7ee2dabf-88a0-48e5-9dd7-9a68a25a0b94', 75, '2025-09-29');
INSERT INTO project_assignments (id, project_id, employee_id, allocation_pct, assigned_date) VALUES ('82e7f47f-d1b2-4a66-8004-a3ea97d28dca', '85139fcc-9593-42c0-9368-368407abc6d1', 'd913f2f3-95c7-4299-aa7b-7721fafc588d', 75, '2025-04-15');
INSERT INTO project_assignments (id, project_id, employee_id, allocation_pct, assigned_date) VALUES ('d127674c-f1f7-4931-92bc-87c71a36d5da', '85139fcc-9593-42c0-9368-368407abc6d1', 'f1984ae8-a19d-4273-865a-4375aa4b6e3f', 25, '2024-12-07');
INSERT INTO project_assignments (id, project_id, employee_id, allocation_pct, assigned_date) VALUES ('bf22f004-398b-4707-899b-57b7eadbb3a5', '85139fcc-9593-42c0-9368-368407abc6d1', 'e2ccc14a-1a84-4287-9b82-f1b51bc26777', 25, '2025-08-26');
INSERT INTO project_assignments (id, project_id, employee_id, allocation_pct, assigned_date) VALUES ('bb877109-bd60-4e67-818b-3405afe7b3b5', '85139fcc-9593-42c0-9368-368407abc6d1', '1b13d141-2b18-43fc-8ba6-6e09647d427d', 25, '2024-08-22');
INSERT INTO project_assignments (id, project_id, employee_id, allocation_pct, assigned_date) VALUES ('fcc697c7-c7b1-4dd0-a1ce-e6dabfb69d49', '85139fcc-9593-42c0-9368-368407abc6d1', 'bd43a84d-af5a-45c6-91ad-8e435ec5b01f', 75, '2025-01-16');
INSERT INTO project_assignments (id, project_id, employee_id, allocation_pct, assigned_date) VALUES ('12401f05-2554-457e-a88e-6e9b155423d1', '85139fcc-9593-42c0-9368-368407abc6d1', '270977fc-2579-4a01-a815-af3f96197ad6', 25, '2025-11-18');
INSERT INTO project_assignments (id, project_id, employee_id, allocation_pct, assigned_date) VALUES ('5e448237-5470-4862-83a3-d1201fa7b369', '85139fcc-9593-42c0-9368-368407abc6d1', '56d6025a-6ac3-4338-b727-84071eb87e2f', 100, '2025-02-09');
INSERT INTO project_assignments (id, project_id, employee_id, allocation_pct, assigned_date) VALUES ('1e167378-0400-4a2b-8fc3-40dd59d3321a', '85139fcc-9593-42c0-9368-368407abc6d1', 'c3d9cf09-4022-4250-a000-76df1b212758', 50, '2024-11-10');
INSERT INTO project_assignments (id, project_id, employee_id, allocation_pct, assigned_date) VALUES ('8ec57102-fee9-4c90-9388-080867ac1bab', 'f0403f65-9d84-4376-ae33-adfcea864299', 'a14e29a5-c444-46fa-95d4-afbd591ad9d9', 25, '2025-03-22');
INSERT INTO project_assignments (id, project_id, employee_id, allocation_pct, assigned_date) VALUES ('ef52d674-7ed5-496e-9aac-4a6a731c9606', 'f0403f65-9d84-4376-ae33-adfcea864299', 'f1984ae8-a19d-4273-865a-4375aa4b6e3f', 50, '2025-09-17');
INSERT INTO project_assignments (id, project_id, employee_id, allocation_pct, assigned_date) VALUES ('263ce9b5-8936-41c6-9ec9-9d4818a9fbf9', 'f0403f65-9d84-4376-ae33-adfcea864299', '097b75b4-7e6e-4605-929e-725375f9cb03', 50, '2024-10-29');
INSERT INTO project_assignments (id, project_id, employee_id, allocation_pct, assigned_date) VALUES ('227136d9-a796-439b-9b50-6ef8f459982d', 'f0403f65-9d84-4376-ae33-adfcea864299', 'fca9a77b-001c-4e4c-8e92-8aa611ed4986', 75, '2024-12-24');
INSERT INTO project_assignments (id, project_id, employee_id, allocation_pct, assigned_date) VALUES ('db32b68b-9a7a-4e37-8c33-61a273a49ec3', 'f0403f65-9d84-4376-ae33-adfcea864299', '2ca61f1b-16d5-444d-bde1-d0ca96a2b2ae', 100, '2024-09-11');
INSERT INTO project_assignments (id, project_id, employee_id, allocation_pct, assigned_date) VALUES ('09cc916c-a13c-41a1-9626-a4ca6b47d810', 'f0403f65-9d84-4376-ae33-adfcea864299', 'eab9025a-317e-46a3-a720-542baefc7c42', 75, '2025-04-12');
INSERT INTO project_assignments (id, project_id, employee_id, allocation_pct, assigned_date) VALUES ('6348035c-ad63-44eb-a910-45d2225e9729', 'f0403f65-9d84-4376-ae33-adfcea864299', '03df65e2-9666-4161-9e75-339f0589cfb9', 75, '2024-08-24');
INSERT INTO project_assignments (id, project_id, employee_id, allocation_pct, assigned_date) VALUES ('cccbab6c-4658-48a0-a63a-ecbebcc75877', 'f0403f65-9d84-4376-ae33-adfcea864299', '1915aef9-65cd-4b00-a75a-e8d43a9e7c95', 50, '2025-10-08');
INSERT INTO project_assignments (id, project_id, employee_id, allocation_pct, assigned_date) VALUES ('eb81d704-6ebc-49fa-8f5a-84c6a47fc4fd', 'f0403f65-9d84-4376-ae33-adfcea864299', 'cb66f957-6caa-4b71-b95d-11c60d27d807', 75, '2024-10-09');
INSERT INTO project_assignments (id, project_id, employee_id, allocation_pct, assigned_date) VALUES ('69b897db-45dc-4a53-8953-48e428556fd8', 'f0403f65-9d84-4376-ae33-adfcea864299', '0cd17457-4884-486c-8930-defb91b3618d', 50, '2025-06-06');
INSERT INTO project_assignments (id, project_id, employee_id, allocation_pct, assigned_date) VALUES ('13b8c933-675a-4262-8c51-16d6fca40683', 'f0403f65-9d84-4376-ae33-adfcea864299', '2925273a-7984-47e0-9e75-420e65eb10b4', 75, '2025-06-16');
INSERT INTO project_assignments (id, project_id, employee_id, allocation_pct, assigned_date) VALUES ('91d46ecb-0c5c-4226-a67d-bd44b6687e3a', 'f0403f65-9d84-4376-ae33-adfcea864299', '13e15208-89da-425d-8b37-f96c6a3ac8d0', 50, '2025-09-14');
INSERT INTO project_assignments (id, project_id, employee_id, allocation_pct, assigned_date) VALUES ('2e38eb2b-e4eb-4f8f-a1f5-fdd0b5ad3392', 'f0403f65-9d84-4376-ae33-adfcea864299', '3d734d19-18dc-4972-bca6-822201a45c7b', 75, '2025-12-03');
INSERT INTO project_assignments (id, project_id, employee_id, allocation_pct, assigned_date) VALUES ('30c5dd31-99fb-46c1-bdf7-d391ad9b3c7d', 'f0403f65-9d84-4376-ae33-adfcea864299', 'c8dcf899-ec57-4ce5-9a20-8ac63b687215', 75, '2024-10-09');
INSERT INTO project_assignments (id, project_id, employee_id, allocation_pct, assigned_date) VALUES ('710b8a50-5b73-40c7-a59a-eb92dbffbdf6', 'f0403f65-9d84-4376-ae33-adfcea864299', 'b9f4674b-2b0f-4aa3-bbdd-8fa58ca87510', 50, '2025-09-26');
INSERT INTO project_assignments (id, project_id, employee_id, allocation_pct, assigned_date) VALUES ('92bcc2b8-503d-478b-8988-b0618f7d735a', '77181793-ccf3-4f2f-9362-cfd78a61be67', 'a8535cb8-87a4-4b96-9e68-213962888092', 100, '2024-12-14');
INSERT INTO project_assignments (id, project_id, employee_id, allocation_pct, assigned_date) VALUES ('927f97c1-aa97-4de6-b3d1-d08eacdd4bc7', '77181793-ccf3-4f2f-9362-cfd78a61be67', 'd58d8662-22e0-4e48-944c-ac05dfaa06a2', 100, '2024-09-04');
INSERT INTO project_assignments (id, project_id, employee_id, allocation_pct, assigned_date) VALUES ('f003ba12-6bfa-4fb4-83df-1a0ae72d6038', '77181793-ccf3-4f2f-9362-cfd78a61be67', '8e4e8819-f729-4316-8bf3-95d7853aaed2', 100, '2025-02-26');
INSERT INTO project_assignments (id, project_id, employee_id, allocation_pct, assigned_date) VALUES ('b8d49ad0-8843-4cbd-a856-a421abf5543e', '77181793-ccf3-4f2f-9362-cfd78a61be67', '81c93f46-61ad-4783-b704-ece8cadaa5d8', 50, '2024-11-28');
INSERT INTO project_assignments (id, project_id, employee_id, allocation_pct, assigned_date) VALUES ('634f459d-20ae-46aa-84be-d583a3d76022', '77181793-ccf3-4f2f-9362-cfd78a61be67', 'c02dcfeb-f08b-41ce-8c06-95461fc610ba', 75, '2025-11-29');
INSERT INTO project_assignments (id, project_id, employee_id, allocation_pct, assigned_date) VALUES ('dd9dfe24-f71f-4bac-b0cb-09c883d40bed', '74219a89-7bd4-4407-9536-88b2a51af2c4', '13e15208-89da-425d-8b37-f96c6a3ac8d0', 100, '2024-07-12');
INSERT INTO project_assignments (id, project_id, employee_id, allocation_pct, assigned_date) VALUES ('3430e4dc-9475-45ed-9921-9377e3743311', '74219a89-7bd4-4407-9536-88b2a51af2c4', 'eab9025a-317e-46a3-a720-542baefc7c42', 100, '2025-04-28');
INSERT INTO project_assignments (id, project_id, employee_id, allocation_pct, assigned_date) VALUES ('7c776207-0f9d-4c06-be68-25dec53907f0', '74219a89-7bd4-4407-9536-88b2a51af2c4', '07523b3c-d6f8-4341-b586-eede00d30b3b', 100, '2025-11-28');
INSERT INTO project_assignments (id, project_id, employee_id, allocation_pct, assigned_date) VALUES ('0e53e142-c3a0-4c0c-b34f-16ffa1c75917', '74219a89-7bd4-4407-9536-88b2a51af2c4', '85ebc9b0-4e2e-4243-96bd-b429168b9c23', 75, '2025-08-31');
INSERT INTO project_assignments (id, project_id, employee_id, allocation_pct, assigned_date) VALUES ('4d0134fd-689c-4654-8708-600b8ef00c85', '74219a89-7bd4-4407-9536-88b2a51af2c4', 'ec93ec67-8923-418d-9868-35b0cab21015', 75, '2025-05-15');
INSERT INTO project_assignments (id, project_id, employee_id, allocation_pct, assigned_date) VALUES ('bbf39963-1285-4a01-9961-59f90a610958', '74219a89-7bd4-4407-9536-88b2a51af2c4', '4b08bc3a-5f1e-4e96-8c64-5726c3387952', 100, '2024-09-21');
INSERT INTO project_assignments (id, project_id, employee_id, allocation_pct, assigned_date) VALUES ('d3647060-e8b4-473f-9fb1-0d28304abffd', '74219a89-7bd4-4407-9536-88b2a51af2c4', 'cbacdd4e-f902-4226-8bdb-b236b5520976', 50, '2025-01-03');
INSERT INTO project_assignments (id, project_id, employee_id, allocation_pct, assigned_date) VALUES ('68123d37-ff04-430d-9915-e09ad514ba19', '74219a89-7bd4-4407-9536-88b2a51af2c4', 'd772297c-e204-42e7-a22e-2843e655396c', 50, '2025-05-05');
INSERT INTO project_assignments (id, project_id, employee_id, allocation_pct, assigned_date) VALUES ('488ced68-78eb-42b4-a258-14238375e811', '74219a89-7bd4-4407-9536-88b2a51af2c4', '2c7a21c4-a92e-4bbf-a64a-7143c1f36ec4', 100, '2025-03-14');
INSERT INTO project_assignments (id, project_id, employee_id, allocation_pct, assigned_date) VALUES ('7ca348ea-543f-4687-8ad0-e653cf686a4e', '74219a89-7bd4-4407-9536-88b2a51af2c4', '833905a3-9c6d-4b63-9954-d6f7a252e5d6', 50, '2025-10-23');
INSERT INTO project_assignments (id, project_id, employee_id, allocation_pct, assigned_date) VALUES ('7bab2ed4-2210-410f-9265-4fb44f360949', '7e83df79-75d4-47a4-ad90-50522a30dc58', '50c27838-73c5-46bd-ba1b-043abf8249ec', 50, '2025-04-13');
INSERT INTO project_assignments (id, project_id, employee_id, allocation_pct, assigned_date) VALUES ('5afab497-f581-4d5e-9b74-63c85fa421f1', '7e83df79-75d4-47a4-ad90-50522a30dc58', '461b0d4f-021f-44de-bd24-3953c84a352b', 100, '2024-07-03');
INSERT INTO project_assignments (id, project_id, employee_id, allocation_pct, assigned_date) VALUES ('b81cee32-5999-4254-b77d-bdbb9b39e035', '7e83df79-75d4-47a4-ad90-50522a30dc58', 'eab9025a-317e-46a3-a720-542baefc7c42', 25, '2025-05-29');
INSERT INTO project_assignments (id, project_id, employee_id, allocation_pct, assigned_date) VALUES ('4ea7f849-3c59-479f-b0b5-528e980d30c6', '7e83df79-75d4-47a4-ad90-50522a30dc58', '7ee2dabf-88a0-48e5-9dd7-9a68a25a0b94', 50, '2025-01-01');
INSERT INTO project_assignments (id, project_id, employee_id, allocation_pct, assigned_date) VALUES ('25c7d58a-9d0a-49c2-a7cb-d498a64b5c5f', '7e83df79-75d4-47a4-ad90-50522a30dc58', '80d6793d-0243-4afc-8615-7a7725883805', 50, '2024-10-29');
INSERT INTO project_assignments (id, project_id, employee_id, allocation_pct, assigned_date) VALUES ('f4cdf0db-a3ac-4ca3-82e6-27c6e5e0b683', '7e83df79-75d4-47a4-ad90-50522a30dc58', 'c02dcfeb-f08b-41ce-8c06-95461fc610ba', 75, '2025-12-11');
INSERT INTO project_assignments (id, project_id, employee_id, allocation_pct, assigned_date) VALUES ('48363fec-8dcc-43f7-b07e-ac05c1b61235', '7e83df79-75d4-47a4-ad90-50522a30dc58', '833905a3-9c6d-4b63-9954-d6f7a252e5d6', 75, '2024-08-27');
INSERT INTO project_assignments (id, project_id, employee_id, allocation_pct, assigned_date) VALUES ('6f906d7c-22de-40ca-8f79-b80693415a68', '7e83df79-75d4-47a4-ad90-50522a30dc58', '32facee9-cb78-4c97-9830-f7410ff0fd6b', 75, '2025-10-21');
INSERT INTO project_assignments (id, project_id, employee_id, allocation_pct, assigned_date) VALUES ('b5da4293-4457-4798-9284-9d1ce1237ca8', '7e83df79-75d4-47a4-ad90-50522a30dc58', '81c93f46-61ad-4783-b704-ece8cadaa5d8', 50, '2025-07-04');
INSERT INTO project_assignments (id, project_id, employee_id, allocation_pct, assigned_date) VALUES ('8a2c0dd4-8c28-4843-88ac-0809ecf519cb', '7e83df79-75d4-47a4-ad90-50522a30dc58', 'cf8c408b-24bf-44ae-9ca1-0d01ba881838', 75, '2025-02-26');
INSERT INTO project_assignments (id, project_id, employee_id, allocation_pct, assigned_date) VALUES ('06818f26-f5ca-49de-9cad-7f96aeaa2ed1', '7e83df79-75d4-47a4-ad90-50522a30dc58', '0cd17457-4884-486c-8930-defb91b3618d', 75, '2024-07-30');
INSERT INTO project_assignments (id, project_id, employee_id, allocation_pct, assigned_date) VALUES ('eed97023-19f1-4558-80f3-e06ee89ed9c8', 'ad721b7b-927b-42e3-80f8-97ed631daa21', 'd58d8662-22e0-4e48-944c-ac05dfaa06a2', 100, '2025-02-07');
INSERT INTO project_assignments (id, project_id, employee_id, allocation_pct, assigned_date) VALUES ('df9082e3-8255-45d6-8d74-32a3d68bdc6d', 'ad721b7b-927b-42e3-80f8-97ed631daa21', '58d4a130-3c8e-4c11-b526-da7820649980', 25, '2024-10-03');
INSERT INTO project_assignments (id, project_id, employee_id, allocation_pct, assigned_date) VALUES ('d4a0d955-496e-41d2-a053-8454bc3e2839', 'ad721b7b-927b-42e3-80f8-97ed631daa21', '712f9bd9-71b3-40a1-9ff7-cad9954a1632', 25, '2024-12-04');
INSERT INTO project_assignments (id, project_id, employee_id, allocation_pct, assigned_date) VALUES ('ffb08812-0004-44bb-9a79-30b3bd56549c', 'ad721b7b-927b-42e3-80f8-97ed631daa21', '56a8a5c2-5b5f-4556-8aa6-206f9b72fe84', 75, '2025-04-01');
INSERT INTO project_assignments (id, project_id, employee_id, allocation_pct, assigned_date) VALUES ('eefeae76-a3b6-4fc1-8d13-d6b0ad810fab', 'ad721b7b-927b-42e3-80f8-97ed631daa21', 'd94b6c64-768c-4f1c-93df-4a1a599abf1f', 50, '2025-08-31');
INSERT INTO project_assignments (id, project_id, employee_id, allocation_pct, assigned_date) VALUES ('93b71e2a-421c-42ef-a792-2326965eff9d', 'ad721b7b-927b-42e3-80f8-97ed631daa21', '85ecf15b-fb03-4df5-85ff-5b5e1618456a', 100, '2025-01-06');
INSERT INTO project_assignments (id, project_id, employee_id, allocation_pct, assigned_date) VALUES ('f65b2b51-93a4-450f-952f-fb1282d77e65', 'ad721b7b-927b-42e3-80f8-97ed631daa21', '741d7ad6-76e0-438c-8263-94274da53e33', 25, '2025-10-20');
INSERT INTO project_assignments (id, project_id, employee_id, allocation_pct, assigned_date) VALUES ('6f947a12-339b-415d-a224-9ae8aaf0900b', 'ad721b7b-927b-42e3-80f8-97ed631daa21', 'd2c9f45b-0ae9-4b42-b5e0-a5a0fc6fe14b', 25, '2025-11-09');
INSERT INTO project_assignments (id, project_id, employee_id, allocation_pct, assigned_date) VALUES ('853a1cd1-42ff-4545-908c-84ba2c5ce49b', 'ad721b7b-927b-42e3-80f8-97ed631daa21', '95eb4f13-fde1-43cf-a500-cce55d6afccb', 75, '2024-07-12');
INSERT INTO project_assignments (id, project_id, employee_id, allocation_pct, assigned_date) VALUES ('dfe6dac4-fdce-49ed-97c1-ed671a1a7710', '2d5b4271-fc86-468e-99e3-48014453692e', '957a3353-eba2-477c-b093-b425a0e1ed1f', 75, '2025-08-25');
INSERT INTO project_assignments (id, project_id, employee_id, allocation_pct, assigned_date) VALUES ('2c47ca6a-7c2b-43d9-b80c-8886ef5927ce', '2d5b4271-fc86-468e-99e3-48014453692e', '297c8d39-108c-4f2b-8ee0-52527e2c1551', 100, '2025-04-28');
INSERT INTO project_assignments (id, project_id, employee_id, allocation_pct, assigned_date) VALUES ('8cd68d4a-885b-4b6e-9821-d39b051edda6', '2d5b4271-fc86-468e-99e3-48014453692e', '08c66601-b2b4-4066-918b-ae89bbbb73ae', 50, '2024-06-26');
INSERT INTO project_assignments (id, project_id, employee_id, allocation_pct, assigned_date) VALUES ('4bb334cf-d628-4e4b-ac38-171983a89374', '2d5b4271-fc86-468e-99e3-48014453692e', '2925273a-7984-47e0-9e75-420e65eb10b4', 75, '2025-10-17');
INSERT INTO project_assignments (id, project_id, employee_id, allocation_pct, assigned_date) VALUES ('a42bdc93-f8c5-4b56-b723-0df58c949b50', '2d5b4271-fc86-468e-99e3-48014453692e', 'b452b4e3-d024-4f77-8409-8e81130c4233', 75, '2025-03-13');
INSERT INTO project_assignments (id, project_id, employee_id, allocation_pct, assigned_date) VALUES ('ea645523-b4b8-476b-b4ca-63381ff1f395', '2d5b4271-fc86-468e-99e3-48014453692e', 'cee9a30e-1677-4ff2-9bc5-ce7cb33d5463', 25, '2024-07-05');
INSERT INTO project_assignments (id, project_id, employee_id, allocation_pct, assigned_date) VALUES ('3917e7a6-6a3c-44fa-bf1f-1e2ed734a7ea', '2d5b4271-fc86-468e-99e3-48014453692e', '9eeed87e-2371-4c68-b3aa-fa9d191237a4', 100, '2025-06-29');
INSERT INTO project_assignments (id, project_id, employee_id, allocation_pct, assigned_date) VALUES ('f04cb2a2-ac7b-43d8-9439-3081a6f902d2', '2d5b4271-fc86-468e-99e3-48014453692e', 'e2958af5-1a46-486f-baa3-53bfa1bd7693', 50, '2025-05-06');
INSERT INTO project_assignments (id, project_id, employee_id, allocation_pct, assigned_date) VALUES ('5302005a-3c3e-42c8-8271-f968fb6d35a9', '2d5b4271-fc86-468e-99e3-48014453692e', '81c93f46-61ad-4783-b704-ece8cadaa5d8', 100, '2025-11-11');
INSERT INTO project_assignments (id, project_id, employee_id, allocation_pct, assigned_date) VALUES ('93b23eda-c148-4f63-8249-1c96b7b778d1', '2d5b4271-fc86-468e-99e3-48014453692e', '712f9bd9-71b3-40a1-9ff7-cad9954a1632', 75, '2025-05-03');
INSERT INTO project_assignments (id, project_id, employee_id, allocation_pct, assigned_date) VALUES ('37a27ff5-a78f-4521-8381-ea26a08bac07', '2d5b4271-fc86-468e-99e3-48014453692e', '3c742121-9521-44bb-9412-4d7ac6a39361', 75, '2025-03-10');
INSERT INTO project_assignments (id, project_id, employee_id, allocation_pct, assigned_date) VALUES ('1e3f4197-b02d-40c6-a261-b7a258dd3176', '7095f885-002d-40cc-acab-a19150cb7310', 'ee27be1e-c2e4-4c9c-b632-d0f04fd22003', 50, '2025-10-30');
INSERT INTO project_assignments (id, project_id, employee_id, allocation_pct, assigned_date) VALUES ('222b9c8b-ecbe-46f5-ab73-a8e158af0835', '7095f885-002d-40cc-acab-a19150cb7310', 'd6e10d89-9dbc-447c-9cf9-e9e647cd6851', 100, '2024-09-18');
INSERT INTO project_assignments (id, project_id, employee_id, allocation_pct, assigned_date) VALUES ('b2c9e4b8-6498-4547-9ab8-84afb8fe85f8', '7095f885-002d-40cc-acab-a19150cb7310', '7ee2dabf-88a0-48e5-9dd7-9a68a25a0b94', 25, '2025-06-05');
INSERT INTO project_assignments (id, project_id, employee_id, allocation_pct, assigned_date) VALUES ('0e9ae4e1-7d3c-4093-a6e0-c3c88dbe2f6f', '7095f885-002d-40cc-acab-a19150cb7310', '704c1360-6cb0-4d71-9374-5fa4abe8ca07', 50, '2025-10-13');
INSERT INTO project_assignments (id, project_id, employee_id, allocation_pct, assigned_date) VALUES ('dbaa5862-c287-4780-928a-f2dbfe91e944', '7095f885-002d-40cc-acab-a19150cb7310', '34846a60-a506-4225-9b78-f1d8d8998206', 100, '2024-06-11');
INSERT INTO project_assignments (id, project_id, employee_id, allocation_pct, assigned_date) VALUES ('55e5bd2f-2376-43dd-ab4f-ce3129d0955c', '7095f885-002d-40cc-acab-a19150cb7310', '1db7b7f7-3635-4258-95a7-106b9eb1f7ab', 25, '2025-10-28');
INSERT INTO project_assignments (id, project_id, employee_id, allocation_pct, assigned_date) VALUES ('27f85693-cae0-4ba8-89c2-34b4745c5856', '7095f885-002d-40cc-acab-a19150cb7310', '1b13d141-2b18-43fc-8ba6-6e09647d427d', 50, '2024-07-13');
INSERT INTO project_assignments (id, project_id, employee_id, allocation_pct, assigned_date) VALUES ('7e8ffaa8-7978-443e-b765-06df949a2e27', '7095f885-002d-40cc-acab-a19150cb7310', '695ef135-df2a-49aa-90f3-413e4b5224bf', 50, '2025-12-02');
INSERT INTO project_assignments (id, project_id, employee_id, allocation_pct, assigned_date) VALUES ('0cb56ac5-f09e-4b27-b4a5-e1fd05c7807d', 'd4853d02-158c-4242-b9bf-cfc8822ab3e5', '270977fc-2579-4a01-a815-af3f96197ad6', 75, '2025-02-22');
INSERT INTO project_assignments (id, project_id, employee_id, allocation_pct, assigned_date) VALUES ('687f635d-418d-45c0-9d8b-9a7273635be6', 'd4853d02-158c-4242-b9bf-cfc8822ab3e5', '0d3ca52e-5ac8-4e98-83e8-954fc9697f60', 100, '2025-09-12');
INSERT INTO project_assignments (id, project_id, employee_id, allocation_pct, assigned_date) VALUES ('4995f3da-4f64-406d-a948-eb7871bdd874', 'd4853d02-158c-4242-b9bf-cfc8822ab3e5', 'd94b6c64-768c-4f1c-93df-4a1a599abf1f', 50, '2025-02-23');
INSERT INTO project_assignments (id, project_id, employee_id, allocation_pct, assigned_date) VALUES ('5a82a2ef-7a4f-450a-94fa-505df64c231a', 'd4853d02-158c-4242-b9bf-cfc8822ab3e5', '08c66601-b2b4-4066-918b-ae89bbbb73ae', 50, '2024-11-09');
INSERT INTO project_assignments (id, project_id, employee_id, allocation_pct, assigned_date) VALUES ('0bf5e866-5152-4c21-be8b-729b699fb002', 'd4853d02-158c-4242-b9bf-cfc8822ab3e5', 'f1984ae8-a19d-4273-865a-4375aa4b6e3f', 25, '2025-10-15');
INSERT INTO project_assignments (id, project_id, employee_id, allocation_pct, assigned_date) VALUES ('29b0a4cd-33c3-4c9a-87b8-642cf7742047', '7145f05a-44d6-4e32-ba40-571bdd8acfb2', 'c5e66021-c5e9-444a-9733-cfa16342f7e3', 25, '2024-12-01');
INSERT INTO project_assignments (id, project_id, employee_id, allocation_pct, assigned_date) VALUES ('5c4f7400-9908-4525-8d5d-588c64c9cf41', '7145f05a-44d6-4e32-ba40-571bdd8acfb2', '13e15208-89da-425d-8b37-f96c6a3ac8d0', 100, '2025-04-03');
INSERT INTO project_assignments (id, project_id, employee_id, allocation_pct, assigned_date) VALUES ('c6e79947-ceb5-4e70-87d5-232caaf9a1c8', '7145f05a-44d6-4e32-ba40-571bdd8acfb2', 'b4e5ae27-2c64-4777-990e-55582f74c811', 100, '2025-10-04');
INSERT INTO project_assignments (id, project_id, employee_id, allocation_pct, assigned_date) VALUES ('cdf54012-6e26-49ff-a82d-5a30aa1cc619', '7145f05a-44d6-4e32-ba40-571bdd8acfb2', '0eae1b7c-409c-4da9-b51b-3eb3561c93f0', 100, '2024-11-21');
INSERT INTO project_assignments (id, project_id, employee_id, allocation_pct, assigned_date) VALUES ('aac874d3-821a-4d2b-a8be-e3e7320b6a6a', '7145f05a-44d6-4e32-ba40-571bdd8acfb2', '675721ce-7e0a-44b2-bc41-bb48a46e7d6d', 100, '2025-03-21');
INSERT INTO project_assignments (id, project_id, employee_id, allocation_pct, assigned_date) VALUES ('7f9e7605-bcce-4d58-9e04-baae7435681e', '7145f05a-44d6-4e32-ba40-571bdd8acfb2', 'd6e10d89-9dbc-447c-9cf9-e9e647cd6851', 75, '2025-01-28');
INSERT INTO project_assignments (id, project_id, employee_id, allocation_pct, assigned_date) VALUES ('4de1d545-4efd-455c-ad1d-11e76909dd36', '7145f05a-44d6-4e32-ba40-571bdd8acfb2', '85ebc9b0-4e2e-4243-96bd-b429168b9c23', 25, '2024-10-23');
INSERT INTO project_assignments (id, project_id, employee_id, allocation_pct, assigned_date) VALUES ('88f3e6eb-7f30-4e6b-b772-2ebe733fb705', '7145f05a-44d6-4e32-ba40-571bdd8acfb2', '56d6025a-6ac3-4338-b727-84071eb87e2f', 25, '2024-11-22');
INSERT INTO project_assignments (id, project_id, employee_id, allocation_pct, assigned_date) VALUES ('2f3d6667-a54e-43d5-b7c1-572cc5da66fb', '7145f05a-44d6-4e32-ba40-571bdd8acfb2', '8e4e8819-f729-4316-8bf3-95d7853aaed2', 75, '2024-12-23');
INSERT INTO project_assignments (id, project_id, employee_id, allocation_pct, assigned_date) VALUES ('ed61ccd4-dfde-426b-a97e-19f3ef40287e', '7145f05a-44d6-4e32-ba40-571bdd8acfb2', 'bc07b5f4-80f6-4c12-a6fd-17c9b7ae591d', 50, '2025-10-19');
INSERT INTO project_assignments (id, project_id, employee_id, allocation_pct, assigned_date) VALUES ('95602873-2528-4816-9a76-9b8a31615adc', '7145f05a-44d6-4e32-ba40-571bdd8acfb2', '5201566d-96b0-466d-bba3-54a3e9509bcb', 25, '2025-01-17');
INSERT INTO project_assignments (id, project_id, employee_id, allocation_pct, assigned_date) VALUES ('e4ff69c2-2031-46f7-bcd3-32584ce677c0', '7145f05a-44d6-4e32-ba40-571bdd8acfb2', '32facee9-cb78-4c97-9830-f7410ff0fd6b', 25, '2025-07-07');
INSERT INTO project_assignments (id, project_id, employee_id, allocation_pct, assigned_date) VALUES ('f6a0f2b4-38be-45e9-9294-e2581bc5988b', '7145f05a-44d6-4e32-ba40-571bdd8acfb2', '7b765a0d-97d5-4949-ba62-da15062e6aff', 25, '2024-06-26');
INSERT INTO project_assignments (id, project_id, employee_id, allocation_pct, assigned_date) VALUES ('e9817488-7ed3-4638-b28a-56c51251a578', 'e4018d9b-8a06-4123-b668-e12e3ec84de9', '50c27838-73c5-46bd-ba1b-043abf8249ec', 100, '2024-07-16');
INSERT INTO project_assignments (id, project_id, employee_id, allocation_pct, assigned_date) VALUES ('86d5a47e-4c55-47dc-aa4e-47e3d37ca1b5', 'e4018d9b-8a06-4123-b668-e12e3ec84de9', 'a81a3c7a-77ea-4845-881f-dcfa3e276b6d', 50, '2025-08-25');
INSERT INTO project_assignments (id, project_id, employee_id, allocation_pct, assigned_date) VALUES ('f1bed4a4-c0fc-4d31-b75f-4e2405b5efd9', 'e4018d9b-8a06-4123-b668-e12e3ec84de9', 'e5505183-eb91-4fda-8962-f1e596d35f7e', 100, '2024-06-22');
INSERT INTO project_assignments (id, project_id, employee_id, allocation_pct, assigned_date) VALUES ('9d7be33d-a81e-4e3e-b1ca-c396c002cd8e', 'e4018d9b-8a06-4123-b668-e12e3ec84de9', '21536a26-74de-4e38-b836-2e5ed657457d', 25, '2025-01-18');
INSERT INTO project_assignments (id, project_id, employee_id, allocation_pct, assigned_date) VALUES ('f844a230-50eb-4ae5-8313-c50cebbbf57f', 'e4018d9b-8a06-4123-b668-e12e3ec84de9', 'ad5ab95b-e1c0-433a-bffa-6c6c402da8b5', 100, '2025-10-07');
INSERT INTO project_assignments (id, project_id, employee_id, allocation_pct, assigned_date) VALUES ('492949ea-c3a9-4835-903d-0e9992a47384', 'e4018d9b-8a06-4123-b668-e12e3ec84de9', '07b5b75d-8071-418c-92bd-33721a29c022', 100, '2025-09-17');
INSERT INTO project_assignments (id, project_id, employee_id, allocation_pct, assigned_date) VALUES ('7ee030cc-cce5-4cef-9114-89d24a4042e2', 'e4018d9b-8a06-4123-b668-e12e3ec84de9', '3d734d19-18dc-4972-bca6-822201a45c7b', 75, '2025-10-08');
INSERT INTO project_assignments (id, project_id, employee_id, allocation_pct, assigned_date) VALUES ('6c6c29f8-0255-43bd-9796-93d27a368074', '67b2d693-c1b1-4cf3-a3b6-6b21bebd2eb1', 'a14e29a5-c444-46fa-95d4-afbd591ad9d9', 75, '2025-03-19');
INSERT INTO project_assignments (id, project_id, employee_id, allocation_pct, assigned_date) VALUES ('65dacc0c-9750-4f5d-8c24-75a43c64b43d', '67b2d693-c1b1-4cf3-a3b6-6b21bebd2eb1', 'd772297c-e204-42e7-a22e-2843e655396c', 100, '2025-05-23');
INSERT INTO project_assignments (id, project_id, employee_id, allocation_pct, assigned_date) VALUES ('b068923c-e59a-4b79-9410-ee06252bcaf5', '67b2d693-c1b1-4cf3-a3b6-6b21bebd2eb1', '07523b3c-d6f8-4341-b586-eede00d30b3b', 25, '2024-06-23');
INSERT INTO project_assignments (id, project_id, employee_id, allocation_pct, assigned_date) VALUES ('34837c12-0499-4ab5-86f7-765cfff46584', '67b2d693-c1b1-4cf3-a3b6-6b21bebd2eb1', '6f8bcb65-cb06-4454-ab88-806c9cdb4141', 25, '2025-07-09');
INSERT INTO project_assignments (id, project_id, employee_id, allocation_pct, assigned_date) VALUES ('d8bbf984-a43a-4b13-8a35-7d61265aebaf', '67b2d693-c1b1-4cf3-a3b6-6b21bebd2eb1', '957a3353-eba2-477c-b093-b425a0e1ed1f', 25, '2024-08-03');
INSERT INTO project_assignments (id, project_id, employee_id, allocation_pct, assigned_date) VALUES ('6af39c59-d520-4490-8555-4c571a278167', '67b2d693-c1b1-4cf3-a3b6-6b21bebd2eb1', '011d668d-e843-41d9-82fa-d0af81b6fd00', 50, '2025-05-07');
INSERT INTO project_assignments (id, project_id, employee_id, allocation_pct, assigned_date) VALUES ('622cff1f-8b34-4b17-8661-07c5b91e7fc0', '67b2d693-c1b1-4cf3-a3b6-6b21bebd2eb1', 'cf3aa524-fe27-4dd6-8254-ede70c451955', 100, '2024-08-26');
INSERT INTO project_assignments (id, project_id, employee_id, allocation_pct, assigned_date) VALUES ('c7171b49-e972-4269-9c57-0f0b48a5b0ac', '67b2d693-c1b1-4cf3-a3b6-6b21bebd2eb1', 'cf8c408b-24bf-44ae-9ca1-0d01ba881838', 100, '2025-11-27');
INSERT INTO project_assignments (id, project_id, employee_id, allocation_pct, assigned_date) VALUES ('84955e89-d192-4632-bf33-9429a141bbf8', '67b2d693-c1b1-4cf3-a3b6-6b21bebd2eb1', 'b9f4674b-2b0f-4aa3-bbdd-8fa58ca87510', 75, '2025-06-04');
INSERT INTO project_assignments (id, project_id, employee_id, allocation_pct, assigned_date) VALUES ('62d68455-8533-496e-87a8-d11a6a9eacea', '67b2d693-c1b1-4cf3-a3b6-6b21bebd2eb1', '5af1f408-1e4d-4c76-a624-5d8022d08fc9', 50, '2024-12-09');
INSERT INTO project_assignments (id, project_id, employee_id, allocation_pct, assigned_date) VALUES ('09babea7-5920-47d3-a38d-5b41052c0eb7', '67b2d693-c1b1-4cf3-a3b6-6b21bebd2eb1', '12f8c177-6bb9-4121-bc9b-7d8c30791e06', 50, '2025-01-25');
INSERT INTO project_assignments (id, project_id, employee_id, allocation_pct, assigned_date) VALUES ('af3011fa-9576-40e1-9154-31792b0db186', '67b2d693-c1b1-4cf3-a3b6-6b21bebd2eb1', 'c02dcfeb-f08b-41ce-8c06-95461fc610ba', 25, '2025-04-27');
INSERT INTO project_assignments (id, project_id, employee_id, allocation_pct, assigned_date) VALUES ('432c69c6-cafd-4711-a878-dd1cc8e8c98e', '67b2d693-c1b1-4cf3-a3b6-6b21bebd2eb1', 'd78bb69f-2bbc-430b-ba77-073864f55755', 25, '2024-08-06');
INSERT INTO project_assignments (id, project_id, employee_id, allocation_pct, assigned_date) VALUES ('d683fd27-5594-4569-9b97-8533495c9cf5', '67b2d693-c1b1-4cf3-a3b6-6b21bebd2eb1', 'cbacdd4e-f902-4226-8bdb-b236b5520976', 25, '2024-12-30');
INSERT INTO project_assignments (id, project_id, employee_id, allocation_pct, assigned_date) VALUES ('efac8984-3b73-454d-b390-b81079935566', '67b2d693-c1b1-4cf3-a3b6-6b21bebd2eb1', 'bd43a84d-af5a-45c6-91ad-8e435ec5b01f', 50, '2024-08-11');
INSERT INTO project_assignments (id, project_id, employee_id, allocation_pct, assigned_date) VALUES ('15244506-afa9-4ed9-b004-a1e6c87e07bc', 'fe214dbd-11b9-4ce4-847d-696ed8c3ac17', '3d734d19-18dc-4972-bca6-822201a45c7b', 100, '2025-06-30');
INSERT INTO project_assignments (id, project_id, employee_id, allocation_pct, assigned_date) VALUES ('c2e0f7c1-b527-4ad5-9b04-c3a793f09fde', 'fe214dbd-11b9-4ce4-847d-696ed8c3ac17', '56d6025a-6ac3-4338-b727-84071eb87e2f', 25, '2024-12-31');
INSERT INTO project_assignments (id, project_id, employee_id, allocation_pct, assigned_date) VALUES ('5bd3f0d2-d636-4d80-a39a-60adcb53c16c', 'fe214dbd-11b9-4ce4-847d-696ed8c3ac17', '5af1f408-1e4d-4c76-a624-5d8022d08fc9', 25, '2025-11-11');
INSERT INTO project_assignments (id, project_id, employee_id, allocation_pct, assigned_date) VALUES ('3d8e4ddc-0d9d-4acc-8153-2873c23e797a', 'fe214dbd-11b9-4ce4-847d-696ed8c3ac17', '00ac8275-e02e-45a0-b9d4-94f07ac66c4f', 100, '2024-08-30');
INSERT INTO project_assignments (id, project_id, employee_id, allocation_pct, assigned_date) VALUES ('2423df71-d098-4881-b863-46da2cea0a47', 'fe214dbd-11b9-4ce4-847d-696ed8c3ac17', 'ebb9fc32-988b-4d02-9221-f816e1b03d11', 100, '2024-06-24');
INSERT INTO project_assignments (id, project_id, employee_id, allocation_pct, assigned_date) VALUES ('ef238c93-27fb-42ca-80f1-2036cee7d552', 'eb39450a-fd76-415c-9fb3-9194239704dc', '7ee2dabf-88a0-48e5-9dd7-9a68a25a0b94', 75, '2025-05-01');
INSERT INTO project_assignments (id, project_id, employee_id, allocation_pct, assigned_date) VALUES ('077ef123-88ec-465f-923e-07e3d2efac09', 'eb39450a-fd76-415c-9fb3-9194239704dc', 'ec93ec67-8923-418d-9868-35b0cab21015', 25, '2025-01-15');
INSERT INTO project_assignments (id, project_id, employee_id, allocation_pct, assigned_date) VALUES ('a23dff8a-2404-4ce9-9fd5-65a1195d37b3', 'eb39450a-fd76-415c-9fb3-9194239704dc', 'd6afa3f2-eb38-42e5-b944-7ae6468219fb', 75, '2025-04-16');
INSERT INTO project_assignments (id, project_id, employee_id, allocation_pct, assigned_date) VALUES ('a4ab4d6a-ddcd-44dd-826e-ec8e835b8e02', 'eb39450a-fd76-415c-9fb3-9194239704dc', '95eb4f13-fde1-43cf-a500-cce55d6afccb', 25, '2025-06-15');
INSERT INTO project_assignments (id, project_id, employee_id, allocation_pct, assigned_date) VALUES ('a21e5c20-8fe9-42e0-bc8b-51303cec0cab', 'eb39450a-fd76-415c-9fb3-9194239704dc', '5dc0a9d7-687c-41c9-95db-26111280584a', 25, '2025-12-04');
INSERT INTO project_assignments (id, project_id, employee_id, allocation_pct, assigned_date) VALUES ('48e25f00-d658-431e-ad38-304760f091e2', 'eb39450a-fd76-415c-9fb3-9194239704dc', 'c3d9cf09-4022-4250-a000-76df1b212758', 50, '2025-01-23');
INSERT INTO project_assignments (id, project_id, employee_id, allocation_pct, assigned_date) VALUES ('3e623b3c-ceb9-4014-a256-699bbc3a72f7', 'eb39450a-fd76-415c-9fb3-9194239704dc', '7a2ec50d-9ceb-421b-9c9e-4f670f4aec70', 50, '2024-08-30');
INSERT INTO project_assignments (id, project_id, employee_id, allocation_pct, assigned_date) VALUES ('beb0de0e-46db-4979-a372-bb0005cf53bd', 'eb39450a-fd76-415c-9fb3-9194239704dc', 'b9ce1390-e508-4a1f-88bf-85aa8ccbbffd', 25, '2025-02-22');
INSERT INTO project_assignments (id, project_id, employee_id, allocation_pct, assigned_date) VALUES ('c81c6a50-2ae4-43cd-88fc-d2e194b0c754', 'eb39450a-fd76-415c-9fb3-9194239704dc', '3c742121-9521-44bb-9412-4d7ac6a39361', 75, '2024-08-29');
INSERT INTO project_assignments (id, project_id, employee_id, allocation_pct, assigned_date) VALUES ('f2ae1cb9-e95b-4c3d-a118-652f9c4f3c95', 'eb39450a-fd76-415c-9fb3-9194239704dc', '5195feae-27bd-4546-bd52-d922b77aceea', 50, '2024-07-30');
INSERT INTO project_assignments (id, project_id, employee_id, allocation_pct, assigned_date) VALUES ('80a934f1-6a51-424d-8759-1ee55fac0601', 'eb39450a-fd76-415c-9fb3-9194239704dc', 'dd82acb0-5b17-497f-aaa9-7ca799a3583a', 100, '2025-02-04');
INSERT INTO project_assignments (id, project_id, employee_id, allocation_pct, assigned_date) VALUES ('a5726f7a-17e8-456e-9b6d-23476e2094f8', 'eb39450a-fd76-415c-9fb3-9194239704dc', '2ff8475d-ce36-415a-95d4-fe9b7c3fdf27', 50, '2024-06-15');
INSERT INTO project_assignments (id, project_id, employee_id, allocation_pct, assigned_date) VALUES ('8b22f7c7-ad34-422e-beaa-908e10b0fe85', 'eb39450a-fd76-415c-9fb3-9194239704dc', 'cb27e8cd-29ed-4fbc-b39e-ebdb88702d1f', 25, '2024-08-30');
INSERT INTO project_assignments (id, project_id, employee_id, allocation_pct, assigned_date) VALUES ('ce1c1247-e1d7-4a00-a0cd-f5252095f944', '91354707-ad87-4a87-b737-134d3868185e', '03df65e2-9666-4161-9e75-339f0589cfb9', 50, '2025-01-18');
INSERT INTO project_assignments (id, project_id, employee_id, allocation_pct, assigned_date) VALUES ('89db8be7-584f-4ea8-b619-901eca8f0d76', '91354707-ad87-4a87-b737-134d3868185e', 'c02dcfeb-f08b-41ce-8c06-95461fc610ba', 50, '2025-06-01');
INSERT INTO project_assignments (id, project_id, employee_id, allocation_pct, assigned_date) VALUES ('6029604b-e6d2-47cc-807e-a591522401cb', '91354707-ad87-4a87-b737-134d3868185e', 'cb66f957-6caa-4b71-b95d-11c60d27d807', 25, '2025-07-06');
INSERT INTO project_assignments (id, project_id, employee_id, allocation_pct, assigned_date) VALUES ('f27056f4-8053-43da-86cf-9f527e528598', '91354707-ad87-4a87-b737-134d3868185e', '011d668d-e843-41d9-82fa-d0af81b6fd00', 100, '2025-05-23');
INSERT INTO project_assignments (id, project_id, employee_id, allocation_pct, assigned_date) VALUES ('1e632302-98b4-4c38-a655-757b63d77668', '91354707-ad87-4a87-b737-134d3868185e', 'e0f5e0af-0bab-4ba6-8ae6-9c00b0b7ac2b', 75, '2024-07-22');
INSERT INTO project_assignments (id, project_id, employee_id, allocation_pct, assigned_date) VALUES ('67558d9f-78f4-422c-878b-11e8adb63978', '91354707-ad87-4a87-b737-134d3868185e', '704c1360-6cb0-4d71-9374-5fa4abe8ca07', 50, '2025-02-19');
INSERT INTO project_assignments (id, project_id, employee_id, allocation_pct, assigned_date) VALUES ('562a233d-ac4b-4ef8-ba61-f9d1cf8c6a76', '91354707-ad87-4a87-b737-134d3868185e', '603bc1dc-a3cd-46ab-8319-4c843e7815c5', 75, '2025-09-05');
INSERT INTO project_assignments (id, project_id, employee_id, allocation_pct, assigned_date) VALUES ('66f73e37-1176-4994-a0c5-f271cf09acc1', '91354707-ad87-4a87-b737-134d3868185e', '704a444e-856c-4077-b1ed-b793072bfe0d', 50, '2024-07-16');
INSERT INTO project_assignments (id, project_id, employee_id, allocation_pct, assigned_date) VALUES ('096a93c0-fe81-41a6-ad53-1e148183cfce', '91354707-ad87-4a87-b737-134d3868185e', 'e5505183-eb91-4fda-8962-f1e596d35f7e', 100, '2025-07-06');
INSERT INTO project_assignments (id, project_id, employee_id, allocation_pct, assigned_date) VALUES ('5f29fc4f-d718-42da-ad9c-ead30702e29d', '91354707-ad87-4a87-b737-134d3868185e', 'dc3343f9-eaa5-46b8-863b-358509229274', 50, '2024-07-02');
INSERT INTO project_assignments (id, project_id, employee_id, allocation_pct, assigned_date) VALUES ('5d05f734-5ed1-48ff-aa7f-76b7eb9128da', '91354707-ad87-4a87-b737-134d3868185e', '6f8bcb65-cb06-4454-ab88-806c9cdb4141', 50, '2025-04-15');
INSERT INTO project_assignments (id, project_id, employee_id, allocation_pct, assigned_date) VALUES ('8f261c3f-f0d5-4b53-893c-b0cd131d964b', '91354707-ad87-4a87-b737-134d3868185e', 'afc4b571-ba67-441a-a2f6-9593c3dc6df8', 50, '2025-10-06');
INSERT INTO project_assignments (id, project_id, employee_id, allocation_pct, assigned_date) VALUES ('64dd3cf1-ad5c-474a-b9d1-a180d5b34ad5', 'bfb093dc-2b8c-4ebd-b45b-5c6861e32abc', '9f7d6ae8-b79c-42a5-b945-f9ec2101a3fb', 25, '2024-08-12');
INSERT INTO project_assignments (id, project_id, employee_id, allocation_pct, assigned_date) VALUES ('2a187f00-757f-44f0-9bc2-5910939118a6', 'bfb093dc-2b8c-4ebd-b45b-5c6861e32abc', '3ee3c6a3-d993-46c1-9153-fc69683c4699', 50, '2025-10-16');
INSERT INTO project_assignments (id, project_id, employee_id, allocation_pct, assigned_date) VALUES ('f0d0416b-2187-41f2-a4eb-ce2197bfd4e3', 'bfb093dc-2b8c-4ebd-b45b-5c6861e32abc', '833905a3-9c6d-4b63-9954-d6f7a252e5d6', 75, '2024-10-13');
INSERT INTO project_assignments (id, project_id, employee_id, allocation_pct, assigned_date) VALUES ('9f5fba7e-da01-43be-b38f-f2dc0297f541', 'bfb093dc-2b8c-4ebd-b45b-5c6861e32abc', 'eebdd777-017a-4c6e-9632-400f3d1a6d70', 100, '2025-06-08');
INSERT INTO project_assignments (id, project_id, employee_id, allocation_pct, assigned_date) VALUES ('970e2b98-7002-4874-800c-f79b8bb55f41', 'bfb093dc-2b8c-4ebd-b45b-5c6861e32abc', '85ebc9b0-4e2e-4243-96bd-b429168b9c23', 50, '2025-04-27');
INSERT INTO project_assignments (id, project_id, employee_id, allocation_pct, assigned_date) VALUES ('41e54b0a-2e7c-4a46-af85-c6ff1739df40', 'bfb093dc-2b8c-4ebd-b45b-5c6861e32abc', '0cd17457-4884-486c-8930-defb91b3618d', 25, '2024-09-25');
INSERT INTO project_assignments (id, project_id, employee_id, allocation_pct, assigned_date) VALUES ('69acda51-5d9c-48b8-9c58-abee05a04a0a', 'bfb093dc-2b8c-4ebd-b45b-5c6861e32abc', '50c27838-73c5-46bd-ba1b-043abf8249ec', 50, '2025-09-23');
INSERT INTO project_assignments (id, project_id, employee_id, allocation_pct, assigned_date) VALUES ('dda6c0e2-1121-4ab4-99dc-662c144df917', 'bfb093dc-2b8c-4ebd-b45b-5c6861e32abc', '819dec47-3e3b-4771-8885-66fae18b9d32', 75, '2024-09-20');
INSERT INTO project_assignments (id, project_id, employee_id, allocation_pct, assigned_date) VALUES ('6faf49ba-1b97-462a-ae3d-4a938cc1b8a7', '61982cea-97dc-47f8-ba7b-4c97a1927fb4', '1738c02e-682e-40bd-a188-1d0b3b0f74a9', 25, '2025-07-20');
INSERT INTO project_assignments (id, project_id, employee_id, allocation_pct, assigned_date) VALUES ('5c412dbe-7c48-4a98-a1cb-006da82b5ca6', '61982cea-97dc-47f8-ba7b-4c97a1927fb4', 'dd82acb0-5b17-497f-aaa9-7ca799a3583a', 75, '2024-08-07');
INSERT INTO project_assignments (id, project_id, employee_id, allocation_pct, assigned_date) VALUES ('7f41ca87-f3c8-4575-8894-8d1ee4af9bd0', '61982cea-97dc-47f8-ba7b-4c97a1927fb4', '56d6025a-6ac3-4338-b727-84071eb87e2f', 25, '2024-12-13');
INSERT INTO project_assignments (id, project_id, employee_id, allocation_pct, assigned_date) VALUES ('770e207d-1dbd-4447-aa55-b243c8a105d1', '61982cea-97dc-47f8-ba7b-4c97a1927fb4', '0d3ca52e-5ac8-4e98-83e8-954fc9697f60', 50, '2025-11-19');
INSERT INTO project_assignments (id, project_id, employee_id, allocation_pct, assigned_date) VALUES ('9d28bfc8-b220-4ca6-99f3-72a53dcb0608', '61982cea-97dc-47f8-ba7b-4c97a1927fb4', '408a3734-6447-42ee-bfb9-058c25b5a664', 25, '2025-10-02');
INSERT INTO project_assignments (id, project_id, employee_id, allocation_pct, assigned_date) VALUES ('2ad44889-eb10-40ad-8af0-3e74e2dfa514', '61982cea-97dc-47f8-ba7b-4c97a1927fb4', '675721ce-7e0a-44b2-bc41-bb48a46e7d6d', 25, '2025-12-11');
INSERT INTO project_assignments (id, project_id, employee_id, allocation_pct, assigned_date) VALUES ('d3fc1e51-cab1-4e77-b90e-17960434a350', '61982cea-97dc-47f8-ba7b-4c97a1927fb4', 'cb2a0ac9-9fb0-4438-91a9-0a16ef89a81a', 50, '2025-11-08');
INSERT INTO project_assignments (id, project_id, employee_id, allocation_pct, assigned_date) VALUES ('1d046198-e6ad-4421-9d62-044659e9348b', '61982cea-97dc-47f8-ba7b-4c97a1927fb4', 'e522424b-2d76-4169-8ce8-1aeaf12e7339', 25, '2025-06-02');
INSERT INTO project_assignments (id, project_id, employee_id, allocation_pct, assigned_date) VALUES ('bb3a7469-e58d-42d6-83a9-aaeea6ed0fe3', '61982cea-97dc-47f8-ba7b-4c97a1927fb4', '08c66601-b2b4-4066-918b-ae89bbbb73ae', 25, '2024-11-24');
INSERT INTO project_assignments (id, project_id, employee_id, allocation_pct, assigned_date) VALUES ('7bcdcacc-7d78-44b7-a754-4f5f646cfdde', '61982cea-97dc-47f8-ba7b-4c97a1927fb4', '1915aef9-65cd-4b00-a75a-e8d43a9e7c95', 25, '2025-05-05');
INSERT INTO project_assignments (id, project_id, employee_id, allocation_pct, assigned_date) VALUES ('9cc88286-5032-4b92-aeb3-fae925fdb924', '7065f825-ac98-40f5-b83e-128f809c25a8', '142f7461-5d18-4529-9941-9283db4b5dc5', 100, '2025-02-24');
INSERT INTO project_assignments (id, project_id, employee_id, allocation_pct, assigned_date) VALUES ('3a4f36b6-2009-4574-a6b2-aa3e37ae427c', '7065f825-ac98-40f5-b83e-128f809c25a8', '819dec47-3e3b-4771-8885-66fae18b9d32', 75, '2024-09-19');
INSERT INTO project_assignments (id, project_id, employee_id, allocation_pct, assigned_date) VALUES ('0dad28de-571c-4321-a4c7-6889fe790c0a', '7065f825-ac98-40f5-b83e-128f809c25a8', '1e13ac37-0b87-4c82-9378-cc002b81ab4d', 75, '2025-05-01');
INSERT INTO project_assignments (id, project_id, employee_id, allocation_pct, assigned_date) VALUES ('d3afcb00-8975-402f-ad9d-247bcc0b5bdd', '7065f825-ac98-40f5-b83e-128f809c25a8', '0eae1b7c-409c-4da9-b51b-3eb3561c93f0', 25, '2024-09-07');
INSERT INTO project_assignments (id, project_id, employee_id, allocation_pct, assigned_date) VALUES ('14b3930a-27d4-4028-acef-499ed8ac6840', '7065f825-ac98-40f5-b83e-128f809c25a8', '50c27838-73c5-46bd-ba1b-043abf8249ec', 100, '2025-03-30');
INSERT INTO project_assignments (id, project_id, employee_id, allocation_pct, assigned_date) VALUES ('022e609a-2a16-4006-a892-6f9b3b8dcbc3', '7065f825-ac98-40f5-b83e-128f809c25a8', '297c8d39-108c-4f2b-8ee0-52527e2c1551', 25, '2024-10-04');
INSERT INTO project_assignments (id, project_id, employee_id, allocation_pct, assigned_date) VALUES ('3e049ddf-d6f9-4312-ba8e-3708507a62e5', '7065f825-ac98-40f5-b83e-128f809c25a8', 'f006b7cd-ae66-42c0-9fe4-76676e43aed8', 50, '2024-05-30');
INSERT INTO project_assignments (id, project_id, employee_id, allocation_pct, assigned_date) VALUES ('a34b3729-24ef-451e-8c47-2c4280a61d77', '7065f825-ac98-40f5-b83e-128f809c25a8', '0fc53f12-2f3d-47eb-85ba-98e8473b0df0', 25, '2024-10-16');
INSERT INTO project_assignments (id, project_id, employee_id, allocation_pct, assigned_date) VALUES ('c0c9be2b-152a-4f8d-b2f1-0e137ecf8d21', '7065f825-ac98-40f5-b83e-128f809c25a8', 'd6afa3f2-eb38-42e5-b944-7ae6468219fb', 100, '2024-12-11');
INSERT INTO project_assignments (id, project_id, employee_id, allocation_pct, assigned_date) VALUES ('36159a69-c5e4-430c-a512-d5c940b38f5b', '7065f825-ac98-40f5-b83e-128f809c25a8', 'eab9025a-317e-46a3-a720-542baefc7c42', 25, '2024-11-18');
INSERT INTO project_assignments (id, project_id, employee_id, allocation_pct, assigned_date) VALUES ('c13d5424-6058-47b9-a8bc-90da87ad1d41', '29af50f7-80fc-4baa-aee4-04550617e788', '0d3ca52e-5ac8-4e98-83e8-954fc9697f60', 25, '2025-12-02');
INSERT INTO project_assignments (id, project_id, employee_id, allocation_pct, assigned_date) VALUES ('e5ad3582-ff54-404c-8a04-92998aa98f76', '29af50f7-80fc-4baa-aee4-04550617e788', 'dc3343f9-eaa5-46b8-863b-358509229274', 50, '2025-02-28');
INSERT INTO project_assignments (id, project_id, employee_id, allocation_pct, assigned_date) VALUES ('a27917cc-d498-4eb9-860f-51ef3727e624', '29af50f7-80fc-4baa-aee4-04550617e788', 'd772297c-e204-42e7-a22e-2843e655396c', 50, '2025-04-16');
INSERT INTO project_assignments (id, project_id, employee_id, allocation_pct, assigned_date) VALUES ('eb444591-4bca-45bd-a119-e52fb46bd66a', '29af50f7-80fc-4baa-aee4-04550617e788', '1db7b7f7-3635-4258-95a7-106b9eb1f7ab', 50, '2025-04-13');
INSERT INTO project_assignments (id, project_id, employee_id, allocation_pct, assigned_date) VALUES ('9a00f897-ff92-4867-a4f7-7b8bb7ea076d', '29af50f7-80fc-4baa-aee4-04550617e788', '6f8bcb65-cb06-4454-ab88-806c9cdb4141', 25, '2024-10-29');
INSERT INTO project_assignments (id, project_id, employee_id, allocation_pct, assigned_date) VALUES ('c3dbb006-7d20-488c-bb54-cabc501018c0', '29af50f7-80fc-4baa-aee4-04550617e788', '9eeed87e-2371-4c68-b3aa-fa9d191237a4', 75, '2024-11-20');
INSERT INTO project_assignments (id, project_id, employee_id, allocation_pct, assigned_date) VALUES ('4450222a-4990-4e00-8eb8-6e2370ca4dd6', '29af50f7-80fc-4baa-aee4-04550617e788', '5201566d-96b0-466d-bba3-54a3e9509bcb', 50, '2024-07-03');
INSERT INTO project_assignments (id, project_id, employee_id, allocation_pct, assigned_date) VALUES ('f2473035-f289-4265-91b2-c54529e138ab', '29af50f7-80fc-4baa-aee4-04550617e788', 'd9b0a1d3-410c-4d61-b350-f713d5954016', 25, '2025-09-19');
INSERT INTO project_assignments (id, project_id, employee_id, allocation_pct, assigned_date) VALUES ('63561f85-3530-4698-acdc-7b6e0986ee08', '29af50f7-80fc-4baa-aee4-04550617e788', '011d668d-e843-41d9-82fa-d0af81b6fd00', 25, '2024-08-02');
INSERT INTO project_assignments (id, project_id, employee_id, allocation_pct, assigned_date) VALUES ('6f618756-210f-4d4c-8d5a-1bb53b2f228a', '29af50f7-80fc-4baa-aee4-04550617e788', '0cd17457-4884-486c-8930-defb91b3618d', 50, '2025-01-03');
INSERT INTO project_assignments (id, project_id, employee_id, allocation_pct, assigned_date) VALUES ('5c926d29-6bb1-4db0-a37a-fbaeedeea85d', '29af50f7-80fc-4baa-aee4-04550617e788', '097b75b4-7e6e-4605-929e-725375f9cb03', 25, '2024-08-26');
INSERT INTO project_assignments (id, project_id, employee_id, allocation_pct, assigned_date) VALUES ('d09d7bef-6c1f-4e7b-9c5d-27a3801fe898', '29af50f7-80fc-4baa-aee4-04550617e788', '5195feae-27bd-4546-bd52-d922b77aceea', 25, '2024-10-17');
INSERT INTO project_assignments (id, project_id, employee_id, allocation_pct, assigned_date) VALUES ('3f867247-fbce-4d57-8749-76171615b8dd', '29af50f7-80fc-4baa-aee4-04550617e788', 'fca9a77b-001c-4e4c-8e92-8aa611ed4986', 25, '2024-11-06');

INSERT INTO customers (id, name, industry, country) VALUES ('3be30543-505e-426e-a5d4-af2cc8eee7e0', 'Customer-0', 'FinTech', 'India');
INSERT INTO customers (id, name, industry, country) VALUES ('eff10719-8bd2-4f08-b066-0b4de4189431', 'Customer-1', 'EdTech', 'India');
INSERT INTO customers (id, name, industry, country) VALUES ('d4c2e7f2-f199-45ad-b840-aa69b92b6897', 'Customer-2', 'E-Commerce', 'India');
INSERT INTO customers (id, name, industry, country) VALUES ('2d539ab4-0f03-4779-9897-b5dcb9d681f7', 'Customer-3', 'FinTech', 'India');
INSERT INTO customers (id, name, industry, country) VALUES ('0d300e38-9417-490f-acb1-5df3a049b423', 'Customer-4', 'E-Commerce', 'India');
INSERT INTO customers (id, name, industry, country) VALUES ('eea2d464-d555-4d8b-9666-2dfc9a04fb47', 'Customer-5', 'Healthcare', 'India');
INSERT INTO customers (id, name, industry, country) VALUES ('0ec5d3cb-a507-43ed-9716-67226bba47b6', 'Customer-6', 'Retail', 'India');
INSERT INTO customers (id, name, industry, country) VALUES ('fd3c6c81-eae8-462e-a71b-7bd29c33d38a', 'Customer-7', 'Healthcare', 'India');
INSERT INTO customers (id, name, industry, country) VALUES ('bed30d46-9fe8-46c3-9742-1985d6dd6828', 'Customer-8', 'EdTech', 'India');
INSERT INTO customers (id, name, industry, country) VALUES ('5ece97f6-8dce-46fe-bbb8-36170434f79f', 'Customer-9', 'EdTech', 'India');
INSERT INTO customers (id, name, industry, country) VALUES ('661959c6-63dd-4adf-9163-ace2968cce97', 'Customer-10', 'EdTech', 'India');
INSERT INTO customers (id, name, industry, country) VALUES ('1561ea19-ebbe-4a4f-a32c-a09bc8201f36', 'Customer-11', 'Retail', 'India');
INSERT INTO customers (id, name, industry, country) VALUES ('397db806-85da-4688-83ce-71438b59448d', 'Customer-12', 'EdTech', 'India');
INSERT INTO customers (id, name, industry, country) VALUES ('67c9fdda-5512-4a1b-8fc7-706ceaa16f88', 'Customer-13', 'Retail', 'India');
INSERT INTO customers (id, name, industry, country) VALUES ('42d4f7dc-cbed-4176-b48d-66052c3c3d1d', 'Customer-14', 'Retail', 'India');
INSERT INTO customers (id, name, industry, country) VALUES ('897fb609-c1ca-4fa1-810c-83419928ed76', 'Customer-15', 'Retail', 'India');
INSERT INTO customers (id, name, industry, country) VALUES ('47ab8231-c5c9-44c7-abd7-4829983f7437', 'Customer-16', 'Retail', 'India');
INSERT INTO customers (id, name, industry, country) VALUES ('83d21c80-a876-4fbe-8575-82ec9f3e9437', 'Customer-17', 'Healthcare', 'India');
INSERT INTO customers (id, name, industry, country) VALUES ('e8553fca-2e5e-4ce2-84e6-0f8fbf0d69ba', 'Customer-18', 'E-Commerce', 'India');
INSERT INTO customers (id, name, industry, country) VALUES ('e8285747-afdb-4524-ae18-44ec517d2a0c', 'Customer-19', 'EdTech', 'India');
INSERT INTO customers (id, name, industry, country) VALUES ('3664dd32-5506-4b37-be24-6ccf5605d141', 'Customer-20', 'Retail', 'India');
INSERT INTO customers (id, name, industry, country) VALUES ('288d1c8a-83f7-4885-8735-acd557e7a59d', 'Customer-21', 'Retail', 'India');
INSERT INTO customers (id, name, industry, country) VALUES ('03ab930f-abb9-46b4-bca1-dce5adb31eae', 'Customer-22', 'Retail', 'India');
INSERT INTO customers (id, name, industry, country) VALUES ('5c0b0def-11b1-4f12-9089-b4c6b1e468d1', 'Customer-23', 'Retail', 'India');
INSERT INTO customers (id, name, industry, country) VALUES ('a50ad180-1a5d-4bcb-bd36-8a5cd44c0fc3', 'Customer-24', 'FinTech', 'India');
INSERT INTO customers (id, name, industry, country) VALUES ('5774a517-ac94-4887-9f6d-3cc83a82d3b7', 'Customer-25', 'Healthcare', 'India');
INSERT INTO customers (id, name, industry, country) VALUES ('428abcef-5c08-4ad5-a1c1-04b49bf3d907', 'Customer-26', 'FinTech', 'India');
INSERT INTO customers (id, name, industry, country) VALUES ('255c019c-54db-4e75-8645-65ed6d8dd3a8', 'Customer-27', 'E-Commerce', 'India');
INSERT INTO customers (id, name, industry, country) VALUES ('2ac02cc6-2e73-45d6-85de-323794316f29', 'Customer-28', 'E-Commerce', 'India');
INSERT INTO customers (id, name, industry, country) VALUES ('d6b6d0e1-b1ab-422b-a655-b631bf86a35f', 'Customer-29', 'E-Commerce', 'India');
INSERT INTO customers (id, name, industry, country) VALUES ('2545c593-cd71-46e4-996d-c15221b727a3', 'Customer-30', 'EdTech', 'India');
INSERT INTO customers (id, name, industry, country) VALUES ('e9ac3783-0958-47fb-b15e-721f52ab8326', 'Customer-31', 'E-Commerce', 'India');
INSERT INTO customers (id, name, industry, country) VALUES ('dac1be7a-ce40-4619-ab05-dac670ac16c0', 'Customer-32', 'Healthcare', 'India');
INSERT INTO customers (id, name, industry, country) VALUES ('1ea7263e-8aba-4f66-930d-379289f26bcb', 'Customer-33', 'Retail', 'India');
INSERT INTO customers (id, name, industry, country) VALUES ('a1f387cf-4426-466a-9942-ff85997a0424', 'Customer-34', 'Retail', 'India');
INSERT INTO customers (id, name, industry, country) VALUES ('13e6d7fa-e6d2-4555-adc2-73af025bd871', 'Customer-35', 'Healthcare', 'India');
INSERT INTO customers (id, name, industry, country) VALUES ('37094a0b-a2c2-4cd8-afa1-bff1b0f53621', 'Customer-36', 'Healthcare', 'India');
INSERT INTO customers (id, name, industry, country) VALUES ('f60eebc0-79b2-4639-9053-50428daea24a', 'Customer-37', 'Retail', 'India');
INSERT INTO customers (id, name, industry, country) VALUES ('328b041b-1fa4-4378-a5a0-1f7567a2bd5c', 'Customer-38', 'FinTech', 'India');
INSERT INTO customers (id, name, industry, country) VALUES ('03bf965a-cb24-47e6-9214-40cc57a6dc21', 'Customer-39', 'EdTech', 'India');
INSERT INTO customers (id, name, industry, country) VALUES ('99a62e22-763b-4283-8e98-77b413935432', 'Customer-40', 'FinTech', 'India');
INSERT INTO customers (id, name, industry, country) VALUES ('f25a9a7d-0172-4e8c-ac74-2a8f8d0b6a51', 'Customer-41', 'E-Commerce', 'India');
INSERT INTO customers (id, name, industry, country) VALUES ('ce60a060-f1cb-48bb-85f3-7e50b24093dc', 'Customer-42', 'FinTech', 'India');
INSERT INTO customers (id, name, industry, country) VALUES ('cd01e236-e654-4a99-baf5-f5a5e37d9356', 'Customer-43', 'Retail', 'India');
INSERT INTO customers (id, name, industry, country) VALUES ('aed7d685-c6d4-49eb-9abb-f9f961cf6c3b', 'Customer-44', 'Retail', 'India');
INSERT INTO customers (id, name, industry, country) VALUES ('52d3d463-cb84-4d7e-b260-ce08b002ae3d', 'Customer-45', 'Healthcare', 'India');
INSERT INTO customers (id, name, industry, country) VALUES ('850c894a-7b94-4aa7-a0e3-4feb014df150', 'Customer-46', 'FinTech', 'India');
INSERT INTO customers (id, name, industry, country) VALUES ('4e2a2b31-b2e2-482b-8fc8-6b17ad3e0980', 'Customer-47', 'Retail', 'India');
INSERT INTO customers (id, name, industry, country) VALUES ('5c1bbc65-e7f3-4315-b2c9-5f4d0db89b50', 'Customer-48', 'Healthcare', 'India');
INSERT INTO customers (id, name, industry, country) VALUES ('cd52f98e-2398-41c6-8301-9e4b6cdbfa74', 'Customer-49', 'Healthcare', 'India');


INSERT INTO orders (id, customer_id, order_date, total_amount, status) VALUES ('f688c85c-0e1d-4117-93b1-d32834568f95', '3be30543-505e-426e-a5d4-af2cc8eee7e0', '2025-06-12', 18513, 'COMPLETED');
INSERT INTO invoices (id, order_id, invoice_date, amount, due_date, status) VALUES ('202af050-b641-469f-a7c2-3f7d9465d802', 'f688c85c-0e1d-4117-93b1-d32834568f95', '2025-06-12', 18513, '2025-07-12', 'PAID');
INSERT INTO payments (id, invoice_id, payment_date, amount, method) VALUES ('00fe5d4c-c8da-477a-9970-48bbccc73437', '202af050-b641-469f-a7c2-3f7d9465d802', '2025-06-17', 9256.5, 'BANK_TRANSFER');
INSERT INTO payments (id, invoice_id, payment_date, amount, method) VALUES ('f2c37d70-4fbf-429c-bcba-61e6eb65ce4b', '202af050-b641-469f-a7c2-3f7d9465d802', '2025-06-17', 9256.5, 'BANK_TRANSFER');
INSERT INTO orders (id, customer_id, order_date, total_amount, status) VALUES ('300ca47f-1063-4aa9-8ae0-e3b6050805da', '3be30543-505e-426e-a5d4-af2cc8eee7e0', '2025-08-16', 17184, 'COMPLETED');
INSERT INTO invoices (id, order_id, invoice_date, amount, due_date, status) VALUES ('7f8443a4-caea-4d0f-94df-9db12f6362e1', '300ca47f-1063-4aa9-8ae0-e3b6050805da', '2025-08-16', 17184, '2025-09-15', 'PAID');
INSERT INTO payments (id, invoice_id, payment_date, amount, method) VALUES ('b06442ac-7a3f-44cf-9c8e-c3580903c8f2', '7f8443a4-caea-4d0f-94df-9db12f6362e1', '2025-08-21', 8592.0, 'BANK_TRANSFER');
INSERT INTO payments (id, invoice_id, payment_date, amount, method) VALUES ('d4ed5a40-4341-4dfc-9db2-a6e6f4aad8ee', '7f8443a4-caea-4d0f-94df-9db12f6362e1', '2025-08-21', 8592.0, 'BANK_TRANSFER');
INSERT INTO orders (id, customer_id, order_date, total_amount, status) VALUES ('9c3c6878-0ef8-4c7a-bd11-0439b97e240a', '3be30543-505e-426e-a5d4-af2cc8eee7e0', '2024-02-04', 10419, 'COMPLETED');
INSERT INTO invoices (id, order_id, invoice_date, amount, due_date, status) VALUES ('fbba1529-7d1e-42b9-ac7d-101e4c65488f', '9c3c6878-0ef8-4c7a-bd11-0439b97e240a', '2024-02-04', 10419, '2024-03-05', 'PAID');
INSERT INTO payments (id, invoice_id, payment_date, amount, method) VALUES ('db0b1e83-e38b-498f-bcb3-fa1ab2d8f848', 'fbba1529-7d1e-42b9-ac7d-101e4c65488f', '2024-02-09', 5209.5, 'BANK_TRANSFER');
INSERT INTO payments (id, invoice_id, payment_date, amount, method) VALUES ('375638c3-24b5-4a2f-b21a-909490ae4ea1', 'fbba1529-7d1e-42b9-ac7d-101e4c65488f', '2024-02-09', 5209.5, 'BANK_TRANSFER');
INSERT INTO orders (id, customer_id, order_date, total_amount, status) VALUES ('1e6f17f1-1aca-47f9-b30b-7ba827e1ce0a', '3be30543-505e-426e-a5d4-af2cc8eee7e0', '2025-07-14', 2917, 'COMPLETED');
INSERT INTO invoices (id, order_id, invoice_date, amount, due_date, status) VALUES ('9989edb5-6b3c-4995-9ed2-6b6b36f58e0c', '1e6f17f1-1aca-47f9-b30b-7ba827e1ce0a', '2025-07-14', 2917, '2025-08-13', 'PAID');
INSERT INTO payments (id, invoice_id, payment_date, amount, method) VALUES ('a3ff2ba1-bf96-4c5f-82a4-8b6ba8bac9a0', '9989edb5-6b3c-4995-9ed2-6b6b36f58e0c', '2025-07-19', 2917.0, 'BANK_TRANSFER');
INSERT INTO orders (id, customer_id, order_date, total_amount, status) VALUES ('49f90276-ca00-49f7-9191-72435f939415', 'eff10719-8bd2-4f08-b066-0b4de4189431', '2025-09-17', 21687, 'COMPLETED');
INSERT INTO invoices (id, order_id, invoice_date, amount, due_date, status) VALUES ('2fc0200d-ce76-43a4-95cb-ce8c7ed50939', '49f90276-ca00-49f7-9191-72435f939415', '2025-09-17', 21687, '2025-10-17', 'PAID');
INSERT INTO payments (id, invoice_id, payment_date, amount, method) VALUES ('82ca6a20-f5b1-4960-a2d5-e50544c767c1', '2fc0200d-ce76-43a4-95cb-ce8c7ed50939', '2025-09-22', 21687.0, 'BANK_TRANSFER');
INSERT INTO orders (id, customer_id, order_date, total_amount, status) VALUES ('72b86939-6eca-4b5a-84f1-a99d7d2cbbcd', 'eff10719-8bd2-4f08-b066-0b4de4189431', '2024-11-18', 12309, 'COMPLETED');
INSERT INTO invoices (id, order_id, invoice_date, amount, due_date, status) VALUES ('8b2f58a4-9d8b-4699-920f-56c36419df6a', '72b86939-6eca-4b5a-84f1-a99d7d2cbbcd', '2024-11-18', 12309, '2024-12-18', 'PAID');
INSERT INTO payments (id, invoice_id, payment_date, amount, method) VALUES ('69e6e6b1-2b4e-4310-8099-424f0020109d', '8b2f58a4-9d8b-4699-920f-56c36419df6a', '2024-11-23', 12309.0, 'BANK_TRANSFER');
INSERT INTO orders (id, customer_id, order_date, total_amount, status) VALUES ('d4740a7e-a82c-4944-aae9-2c5616d6a7d2', 'eff10719-8bd2-4f08-b066-0b4de4189431', '2025-11-12', 21730, 'COMPLETED');
INSERT INTO invoices (id, order_id, invoice_date, amount, due_date, status) VALUES ('ca709ee6-94a7-4696-94da-60472a09203d', 'd4740a7e-a82c-4944-aae9-2c5616d6a7d2', '2025-11-12', 21730, '2025-12-12', 'PAID');
INSERT INTO payments (id, invoice_id, payment_date, amount, method) VALUES ('14aaa22e-e270-4091-a2bd-85bc8376cbe7', 'ca709ee6-94a7-4696-94da-60472a09203d', '2025-11-17', 10865.0, 'BANK_TRANSFER');
INSERT INTO payments (id, invoice_id, payment_date, amount, method) VALUES ('a37f85db-2bbf-4a64-bd1e-b09a4dc8ec91', 'ca709ee6-94a7-4696-94da-60472a09203d', '2025-11-17', 10865.0, 'BANK_TRANSFER');
INSERT INTO orders (id, customer_id, order_date, total_amount, status) VALUES ('0964ff44-69b9-4fc7-a5f0-e7d26a4da685', 'eff10719-8bd2-4f08-b066-0b4de4189431', '2025-09-06', 19777, 'COMPLETED');
INSERT INTO invoices (id, order_id, invoice_date, amount, due_date, status) VALUES ('3f49bd09-90f3-4eb5-81a1-2301ed02e172', '0964ff44-69b9-4fc7-a5f0-e7d26a4da685', '2025-09-06', 19777, '2025-10-06', 'PAID');
INSERT INTO payments (id, invoice_id, payment_date, amount, method) VALUES ('1ca6aed6-0dd7-44d4-ab18-8bda1dbb4f1a', '3f49bd09-90f3-4eb5-81a1-2301ed02e172', '2025-09-11', 9888.5, 'BANK_TRANSFER');
INSERT INTO payments (id, invoice_id, payment_date, amount, method) VALUES ('444e290a-acad-4fd9-8e99-2c05362af1ee', '3f49bd09-90f3-4eb5-81a1-2301ed02e172', '2025-09-11', 9888.5, 'BANK_TRANSFER');
INSERT INTO orders (id, customer_id, order_date, total_amount, status) VALUES ('9f8a540b-79ef-4165-b8c4-180ff774c64e', 'eff10719-8bd2-4f08-b066-0b4de4189431', '2024-03-01', 4679, 'COMPLETED');
INSERT INTO invoices (id, order_id, invoice_date, amount, due_date, status) VALUES ('34302f33-525c-489d-b6e5-baffd54593ab', '9f8a540b-79ef-4165-b8c4-180ff774c64e', '2024-03-01', 4679, '2024-03-31', 'PAID');
INSERT INTO payments (id, invoice_id, payment_date, amount, method) VALUES ('66840b1a-ab26-466e-9646-79fe714dceef', '34302f33-525c-489d-b6e5-baffd54593ab', '2024-03-06', 2339.5, 'BANK_TRANSFER');
INSERT INTO payments (id, invoice_id, payment_date, amount, method) VALUES ('3ef127e0-0c0d-4515-9df5-54740a7d2ea8', '34302f33-525c-489d-b6e5-baffd54593ab', '2024-03-06', 2339.5, 'BANK_TRANSFER');
INSERT INTO orders (id, customer_id, order_date, total_amount, status) VALUES ('08885669-6065-450a-83c0-248cfc56d742', 'eff10719-8bd2-4f08-b066-0b4de4189431', '2024-04-24', 24694, 'COMPLETED');
INSERT INTO invoices (id, order_id, invoice_date, amount, due_date, status) VALUES ('66e6d2b2-fff1-4ab7-bcb5-5e5fe96d25ee', '08885669-6065-450a-83c0-248cfc56d742', '2024-04-24', 24694, '2024-05-24', 'PAID');
INSERT INTO payments (id, invoice_id, payment_date, amount, method) VALUES ('6d190d59-fcb6-4c48-baa1-ba08ea3836ed', '66e6d2b2-fff1-4ab7-bcb5-5e5fe96d25ee', '2024-04-29', 12347.0, 'BANK_TRANSFER');
INSERT INTO payments (id, invoice_id, payment_date, amount, method) VALUES ('04411e03-b86d-4d38-94aa-62ebc2e15339', '66e6d2b2-fff1-4ab7-bcb5-5e5fe96d25ee', '2024-04-29', 12347.0, 'BANK_TRANSFER');
INSERT INTO orders (id, customer_id, order_date, total_amount, status) VALUES ('5ff8c3f3-fa21-4f20-a012-bf5a6ca336c5', 'eff10719-8bd2-4f08-b066-0b4de4189431', '2025-08-01', 2720, 'COMPLETED');
INSERT INTO invoices (id, order_id, invoice_date, amount, due_date, status) VALUES ('e5feb236-257d-4cac-a7b4-ad130abadf14', '5ff8c3f3-fa21-4f20-a012-bf5a6ca336c5', '2025-08-01', 2720, '2025-08-31', 'PAID');
INSERT INTO payments (id, invoice_id, payment_date, amount, method) VALUES ('65de4da0-042f-4e91-9d10-506764b13452', 'e5feb236-257d-4cac-a7b4-ad130abadf14', '2025-08-06', 1360.0, 'BANK_TRANSFER');
INSERT INTO payments (id, invoice_id, payment_date, amount, method) VALUES ('24710dd4-e9f6-4cc7-8208-9faf1ad592c4', 'e5feb236-257d-4cac-a7b4-ad130abadf14', '2025-08-06', 1360.0, 'BANK_TRANSFER');
INSERT INTO orders (id, customer_id, order_date, total_amount, status) VALUES ('b6cd9a86-1fe7-4a6e-b985-b907878d3400', 'eff10719-8bd2-4f08-b066-0b4de4189431', '2024-03-24', 22351, 'COMPLETED');
INSERT INTO invoices (id, order_id, invoice_date, amount, due_date, status) VALUES ('403b7547-bd50-4e34-9860-984c3139f4cd', 'b6cd9a86-1fe7-4a6e-b985-b907878d3400', '2024-03-24', 22351, '2024-04-23', 'PAID');
INSERT INTO payments (id, invoice_id, payment_date, amount, method) VALUES ('e592a353-30a0-427f-a0ca-f6e478f5877e', '403b7547-bd50-4e34-9860-984c3139f4cd', '2024-03-29', 22351.0, 'BANK_TRANSFER');
INSERT INTO orders (id, customer_id, order_date, total_amount, status) VALUES ('bc4dd632-ad48-443f-805e-e5ad9456cf43', 'd4c2e7f2-f199-45ad-b840-aa69b92b6897', '2024-07-12', 15276, 'COMPLETED');
INSERT INTO invoices (id, order_id, invoice_date, amount, due_date, status) VALUES ('9c6f9dd8-7340-495e-8403-d12c1c19183d', 'bc4dd632-ad48-443f-805e-e5ad9456cf43', '2024-07-12', 15276, '2024-08-11', 'PAID');
INSERT INTO payments (id, invoice_id, payment_date, amount, method) VALUES ('1bc7fefa-5ca1-4510-9031-71dc6370881c', '9c6f9dd8-7340-495e-8403-d12c1c19183d', '2024-07-17', 7638.0, 'BANK_TRANSFER');
INSERT INTO payments (id, invoice_id, payment_date, amount, method) VALUES ('958638fd-c191-4008-9136-7f2f9698a141', '9c6f9dd8-7340-495e-8403-d12c1c19183d', '2024-07-17', 7638.0, 'BANK_TRANSFER');
INSERT INTO orders (id, customer_id, order_date, total_amount, status) VALUES ('8a741fa3-b3c3-4e1e-b931-21161eff4b74', 'd4c2e7f2-f199-45ad-b840-aa69b92b6897', '2024-06-28', 12918, 'COMPLETED');
INSERT INTO invoices (id, order_id, invoice_date, amount, due_date, status) VALUES ('b1e476c8-3d3b-4dc8-8399-8215fb3c7096', '8a741fa3-b3c3-4e1e-b931-21161eff4b74', '2024-06-28', 12918, '2024-07-28', 'PAID');
INSERT INTO payments (id, invoice_id, payment_date, amount, method) VALUES ('1d0b1a60-130b-4425-b7b1-a99aff715615', 'b1e476c8-3d3b-4dc8-8399-8215fb3c7096', '2024-07-03', 12918.0, 'BANK_TRANSFER');
INSERT INTO orders (id, customer_id, order_date, total_amount, status) VALUES ('61091596-b413-451d-9ad6-bda95adf194d', 'd4c2e7f2-f199-45ad-b840-aa69b92b6897', '2024-11-13', 6432, 'COMPLETED');
INSERT INTO invoices (id, order_id, invoice_date, amount, due_date, status) VALUES ('43f63b68-8db7-45e2-9bf6-c42335a8cedf', '61091596-b413-451d-9ad6-bda95adf194d', '2024-11-13', 6432, '2024-12-13', 'PAID');
INSERT INTO payments (id, invoice_id, payment_date, amount, method) VALUES ('e3b26058-2da5-4de4-93b5-801336b24725', '43f63b68-8db7-45e2-9bf6-c42335a8cedf', '2024-11-18', 3216.0, 'BANK_TRANSFER');
INSERT INTO payments (id, invoice_id, payment_date, amount, method) VALUES ('10a85ab1-6051-49dc-9feb-b70d84de0250', '43f63b68-8db7-45e2-9bf6-c42335a8cedf', '2024-11-18', 3216.0, 'BANK_TRANSFER');
INSERT INTO orders (id, customer_id, order_date, total_amount, status) VALUES ('608e18f1-244b-4610-b355-52e0c5c5d0d8', 'd4c2e7f2-f199-45ad-b840-aa69b92b6897', '2024-11-11', 2503, 'COMPLETED');
INSERT INTO invoices (id, order_id, invoice_date, amount, due_date, status) VALUES ('efe0003e-6a78-460a-97bb-dc12582ad0ac', '608e18f1-244b-4610-b355-52e0c5c5d0d8', '2024-11-11', 2503, '2024-12-11', 'PAID');
INSERT INTO payments (id, invoice_id, payment_date, amount, method) VALUES ('5837ad79-3eff-4dc0-928d-070c5b5d14b2', 'efe0003e-6a78-460a-97bb-dc12582ad0ac', '2024-11-16', 1251.5, 'BANK_TRANSFER');
INSERT INTO payments (id, invoice_id, payment_date, amount, method) VALUES ('0e47d31f-c65e-4927-a474-48eaa121c949', 'efe0003e-6a78-460a-97bb-dc12582ad0ac', '2024-11-16', 1251.5, 'BANK_TRANSFER');
INSERT INTO orders (id, customer_id, order_date, total_amount, status) VALUES ('440a9c52-ff79-4ea0-9b1e-a43af0545dfa', 'd4c2e7f2-f199-45ad-b840-aa69b92b6897', '2024-09-23', 13086, 'COMPLETED');
INSERT INTO invoices (id, order_id, invoice_date, amount, due_date, status) VALUES ('44d8554d-872d-4532-ac85-32f3e5eaf0b4', '440a9c52-ff79-4ea0-9b1e-a43af0545dfa', '2024-09-23', 13086, '2024-10-23', 'PAID');
INSERT INTO payments (id, invoice_id, payment_date, amount, method) VALUES ('1ba03a05-373a-4674-8c85-e0c907007d31', '44d8554d-872d-4532-ac85-32f3e5eaf0b4', '2024-09-28', 13086.0, 'BANK_TRANSFER');
INSERT INTO orders (id, customer_id, order_date, total_amount, status) VALUES ('d02f9565-1acb-4adc-a264-c23768d3b918', 'd4c2e7f2-f199-45ad-b840-aa69b92b6897', '2025-01-12', 10603, 'COMPLETED');
INSERT INTO invoices (id, order_id, invoice_date, amount, due_date, status) VALUES ('b7449033-1bf3-4c46-9136-04b90f89b00f', 'd02f9565-1acb-4adc-a264-c23768d3b918', '2025-01-12', 10603, '2025-02-11', 'PAID');
INSERT INTO payments (id, invoice_id, payment_date, amount, method) VALUES ('7bc2f1c7-6b18-451a-ac28-3556517e71b2', 'b7449033-1bf3-4c46-9136-04b90f89b00f', '2025-01-17', 5301.5, 'BANK_TRANSFER');
INSERT INTO payments (id, invoice_id, payment_date, amount, method) VALUES ('722c3bf9-7967-482d-a9d2-a2c95500ce0f', 'b7449033-1bf3-4c46-9136-04b90f89b00f', '2025-01-17', 5301.5, 'BANK_TRANSFER');
INSERT INTO orders (id, customer_id, order_date, total_amount, status) VALUES ('ba914bb5-3a95-4d00-93b9-4cef62aaa0c6', 'd4c2e7f2-f199-45ad-b840-aa69b92b6897', '2024-01-30', 18535, 'COMPLETED');
INSERT INTO invoices (id, order_id, invoice_date, amount, due_date, status) VALUES ('fdcc480b-0db6-4188-8de4-8b268c188559', 'ba914bb5-3a95-4d00-93b9-4cef62aaa0c6', '2024-01-30', 18535, '2024-02-29', 'PAID');
INSERT INTO payments (id, invoice_id, payment_date, amount, method) VALUES ('307ce564-5514-4c64-a7c8-5489c2bf757a', 'fdcc480b-0db6-4188-8de4-8b268c188559', '2024-02-04', 18535.0, 'BANK_TRANSFER');
INSERT INTO orders (id, customer_id, order_date, total_amount, status) VALUES ('9b2dee5b-eb4d-4331-87ee-b4a4bccd45da', 'd4c2e7f2-f199-45ad-b840-aa69b92b6897', '2025-11-01', 12806, 'COMPLETED');
INSERT INTO invoices (id, order_id, invoice_date, amount, due_date, status) VALUES ('7630b23a-4a14-4648-b139-7b4d96e56be1', '9b2dee5b-eb4d-4331-87ee-b4a4bccd45da', '2025-11-01', 12806, '2025-12-01', 'PAID');
INSERT INTO payments (id, invoice_id, payment_date, amount, method) VALUES ('419a0a76-cbee-47e7-b43b-93542046e7c7', '7630b23a-4a14-4648-b139-7b4d96e56be1', '2025-11-06', 12806.0, 'BANK_TRANSFER');
INSERT INTO orders (id, customer_id, order_date, total_amount, status) VALUES ('f58e47ec-28b5-4f55-9b42-b7b483e97713', '2d539ab4-0f03-4779-9897-b5dcb9d681f7', '2025-02-18', 7570, 'COMPLETED');
INSERT INTO invoices (id, order_id, invoice_date, amount, due_date, status) VALUES ('89b7b6e4-837d-4d5d-809b-19f5cd55ab4a', 'f58e47ec-28b5-4f55-9b42-b7b483e97713', '2025-02-18', 7570, '2025-03-20', 'PAID');
INSERT INTO payments (id, invoice_id, payment_date, amount, method) VALUES ('0649e53e-5c2b-490b-bc6e-39f74dcb7d75', '89b7b6e4-837d-4d5d-809b-19f5cd55ab4a', '2025-02-23', 7570.0, 'BANK_TRANSFER');
INSERT INTO orders (id, customer_id, order_date, total_amount, status) VALUES ('ec13dbac-8aac-4512-9788-d3ea5940fc74', '2d539ab4-0f03-4779-9897-b5dcb9d681f7', '2025-06-08', 20168, 'COMPLETED');
INSERT INTO invoices (id, order_id, invoice_date, amount, due_date, status) VALUES ('7ca3305b-f690-45d6-aeed-2c6956d8ea33', 'ec13dbac-8aac-4512-9788-d3ea5940fc74', '2025-06-08', 20168, '2025-07-08', 'PAID');
INSERT INTO payments (id, invoice_id, payment_date, amount, method) VALUES ('ecccbcab-495b-445c-a796-054745054c98', '7ca3305b-f690-45d6-aeed-2c6956d8ea33', '2025-06-13', 10084.0, 'BANK_TRANSFER');
INSERT INTO payments (id, invoice_id, payment_date, amount, method) VALUES ('104886d1-73a5-4b8c-a5a6-6170ccfa3613', '7ca3305b-f690-45d6-aeed-2c6956d8ea33', '2025-06-13', 10084.0, 'BANK_TRANSFER');
INSERT INTO orders (id, customer_id, order_date, total_amount, status) VALUES ('fc9d93c4-f05a-46b2-92b8-fde185df98a8', '2d539ab4-0f03-4779-9897-b5dcb9d681f7', '2025-09-07', 15774, 'COMPLETED');
INSERT INTO invoices (id, order_id, invoice_date, amount, due_date, status) VALUES ('f9b4e481-0735-42b3-8e2c-35e259021df1', 'fc9d93c4-f05a-46b2-92b8-fde185df98a8', '2025-09-07', 15774, '2025-10-07', 'PAID');
INSERT INTO payments (id, invoice_id, payment_date, amount, method) VALUES ('bbb633ed-91ca-4fe3-a56a-2afa0f6d9c1b', 'f9b4e481-0735-42b3-8e2c-35e259021df1', '2025-09-12', 15774.0, 'BANK_TRANSFER');
INSERT INTO orders (id, customer_id, order_date, total_amount, status) VALUES ('b6739e8b-879d-4b25-882f-db36301c7f17', '2d539ab4-0f03-4779-9897-b5dcb9d681f7', '2024-04-13', 15217, 'COMPLETED');
INSERT INTO invoices (id, order_id, invoice_date, amount, due_date, status) VALUES ('3308078d-a826-44ce-abc5-0134ec12a21a', 'b6739e8b-879d-4b25-882f-db36301c7f17', '2024-04-13', 15217, '2024-05-13', 'PAID');
INSERT INTO payments (id, invoice_id, payment_date, amount, method) VALUES ('74e7301c-cf36-49b1-a16b-997568f18edc', '3308078d-a826-44ce-abc5-0134ec12a21a', '2024-04-18', 7608.5, 'BANK_TRANSFER');
INSERT INTO payments (id, invoice_id, payment_date, amount, method) VALUES ('abad83a4-8e6d-49ea-bad5-69da158a8260', '3308078d-a826-44ce-abc5-0134ec12a21a', '2024-04-18', 7608.5, 'BANK_TRANSFER');
INSERT INTO orders (id, customer_id, order_date, total_amount, status) VALUES ('0bde9a18-916a-4891-babb-10d9695c981b', '0d300e38-9417-490f-acb1-5df3a049b423', '2025-09-05', 9300, 'COMPLETED');
INSERT INTO invoices (id, order_id, invoice_date, amount, due_date, status) VALUES ('281868aa-3dfb-4193-937f-4dea0278276f', '0bde9a18-916a-4891-babb-10d9695c981b', '2025-09-05', 9300, '2025-10-05', 'PAID');
INSERT INTO payments (id, invoice_id, payment_date, amount, method) VALUES ('10ec48e0-d4cc-45b1-ba19-57846688e23b', '281868aa-3dfb-4193-937f-4dea0278276f', '2025-09-10', 4650.0, 'BANK_TRANSFER');
INSERT INTO payments (id, invoice_id, payment_date, amount, method) VALUES ('d61916eb-6e55-4261-9731-23b66c42e042', '281868aa-3dfb-4193-937f-4dea0278276f', '2025-09-10', 4650.0, 'BANK_TRANSFER');
INSERT INTO orders (id, customer_id, order_date, total_amount, status) VALUES ('e25539d2-5a56-40dd-a85c-f2923fc5236b', '0d300e38-9417-490f-acb1-5df3a049b423', '2024-09-17', 19416, 'COMPLETED');
INSERT INTO invoices (id, order_id, invoice_date, amount, due_date, status) VALUES ('23cda030-48d4-4ef9-b83d-a66480472b80', 'e25539d2-5a56-40dd-a85c-f2923fc5236b', '2024-09-17', 19416, '2024-10-17', 'PAID');
INSERT INTO payments (id, invoice_id, payment_date, amount, method) VALUES ('de3cf457-2b1f-40b4-8670-41241984b5db', '23cda030-48d4-4ef9-b83d-a66480472b80', '2024-09-22', 19416.0, 'BANK_TRANSFER');
INSERT INTO orders (id, customer_id, order_date, total_amount, status) VALUES ('35c7fb41-a084-4951-a8b1-4dda28156b89', '0d300e38-9417-490f-acb1-5df3a049b423', '2025-02-24', 17266, 'COMPLETED');
INSERT INTO invoices (id, order_id, invoice_date, amount, due_date, status) VALUES ('eadd1084-1855-45e6-ac08-5533e23b0791', '35c7fb41-a084-4951-a8b1-4dda28156b89', '2025-02-24', 17266, '2025-03-26', 'PAID');
INSERT INTO payments (id, invoice_id, payment_date, amount, method) VALUES ('777988e5-9b7f-4ca8-ab9b-4d371afe9284', 'eadd1084-1855-45e6-ac08-5533e23b0791', '2025-03-01', 8633.0, 'BANK_TRANSFER');
INSERT INTO payments (id, invoice_id, payment_date, amount, method) VALUES ('23193d47-b3be-4878-b4e9-700136ad1fb9', 'eadd1084-1855-45e6-ac08-5533e23b0791', '2025-03-01', 8633.0, 'BANK_TRANSFER');
INSERT INTO orders (id, customer_id, order_date, total_amount, status) VALUES ('00f7842e-5cdf-449e-8ae9-9f9d10a8e5fb', '0d300e38-9417-490f-acb1-5df3a049b423', '2024-04-25', 18929, 'COMPLETED');
INSERT INTO invoices (id, order_id, invoice_date, amount, due_date, status) VALUES ('4a58d4d3-24bf-468d-9c45-14fa3bee84d4', '00f7842e-5cdf-449e-8ae9-9f9d10a8e5fb', '2024-04-25', 18929, '2024-05-25', 'PAID');
INSERT INTO payments (id, invoice_id, payment_date, amount, method) VALUES ('e46b62b2-86d8-4370-9589-57b5594e5951', '4a58d4d3-24bf-468d-9c45-14fa3bee84d4', '2024-04-30', 18929.0, 'BANK_TRANSFER');
INSERT INTO orders (id, customer_id, order_date, total_amount, status) VALUES ('cef34c40-0a6f-464e-a94b-793fc6776dc7', '0d300e38-9417-490f-acb1-5df3a049b423', '2024-06-19', 3583, 'COMPLETED');
INSERT INTO invoices (id, order_id, invoice_date, amount, due_date, status) VALUES ('409e4803-1b38-40c8-9841-caa96c6e6664', 'cef34c40-0a6f-464e-a94b-793fc6776dc7', '2024-06-19', 3583, '2024-07-19', 'PAID');
INSERT INTO payments (id, invoice_id, payment_date, amount, method) VALUES ('7e46c492-f590-4d77-b590-5e876566f077', '409e4803-1b38-40c8-9841-caa96c6e6664', '2024-06-24', 3583.0, 'BANK_TRANSFER');
INSERT INTO orders (id, customer_id, order_date, total_amount, status) VALUES ('ea76469f-c088-4296-9111-e7220cc6104f', '0d300e38-9417-490f-acb1-5df3a049b423', '2024-09-28', 19847, 'COMPLETED');
INSERT INTO invoices (id, order_id, invoice_date, amount, due_date, status) VALUES ('db6aa232-8e8e-45b7-ba57-db52585e332e', 'ea76469f-c088-4296-9111-e7220cc6104f', '2024-09-28', 19847, '2024-10-28', 'PAID');
INSERT INTO payments (id, invoice_id, payment_date, amount, method) VALUES ('5757ba9b-1a6f-46c2-8869-6d6c5a7c9a4c', 'db6aa232-8e8e-45b7-ba57-db52585e332e', '2024-10-03', 19847.0, 'BANK_TRANSFER');
INSERT INTO orders (id, customer_id, order_date, total_amount, status) VALUES ('a53fd2c5-246f-4e7d-a31a-39dce4c9073e', '0d300e38-9417-490f-acb1-5df3a049b423', '2024-06-09', 7741, 'COMPLETED');
INSERT INTO invoices (id, order_id, invoice_date, amount, due_date, status) VALUES ('b3446b48-e68d-4d26-92d1-2bd16c002261', 'a53fd2c5-246f-4e7d-a31a-39dce4c9073e', '2024-06-09', 7741, '2024-07-09', 'PAID');
INSERT INTO payments (id, invoice_id, payment_date, amount, method) VALUES ('26755a9c-1efa-4161-a813-58e93ff13d0d', 'b3446b48-e68d-4d26-92d1-2bd16c002261', '2024-06-14', 3870.5, 'BANK_TRANSFER');
INSERT INTO payments (id, invoice_id, payment_date, amount, method) VALUES ('5e0e3de9-53d4-480f-90c2-781f5d420f77', 'b3446b48-e68d-4d26-92d1-2bd16c002261', '2024-06-14', 3870.5, 'BANK_TRANSFER');
INSERT INTO orders (id, customer_id, order_date, total_amount, status) VALUES ('4a12d40b-63c8-4b41-bf00-eea1d2e9c2e0', '0d300e38-9417-490f-acb1-5df3a049b423', '2025-10-26', 10513, 'COMPLETED');
INSERT INTO invoices (id, order_id, invoice_date, amount, due_date, status) VALUES ('009780fb-cf43-46a1-b3ed-de0d8af6f93c', '4a12d40b-63c8-4b41-bf00-eea1d2e9c2e0', '2025-10-26', 10513, '2025-11-25', 'PAID');
INSERT INTO payments (id, invoice_id, payment_date, amount, method) VALUES ('c3eb46d0-362d-41fc-b9dd-775c5e8d021b', '009780fb-cf43-46a1-b3ed-de0d8af6f93c', '2025-10-31', 10513.0, 'BANK_TRANSFER');
INSERT INTO orders (id, customer_id, order_date, total_amount, status) VALUES ('c8a07ff9-bdfa-4080-b62b-2f459ccd8471', 'eea2d464-d555-4d8b-9666-2dfc9a04fb47', '2024-07-15', 2632, 'COMPLETED');
INSERT INTO invoices (id, order_id, invoice_date, amount, due_date, status) VALUES ('ffabe89a-155c-4c49-a6c7-100ed667e583', 'c8a07ff9-bdfa-4080-b62b-2f459ccd8471', '2024-07-15', 2632, '2024-08-14', 'PAID');
INSERT INTO payments (id, invoice_id, payment_date, amount, method) VALUES ('3903b1f7-ab83-4967-b321-39f8701f337d', 'ffabe89a-155c-4c49-a6c7-100ed667e583', '2024-07-20', 1316.0, 'BANK_TRANSFER');
INSERT INTO payments (id, invoice_id, payment_date, amount, method) VALUES ('2ef6a10e-756d-406b-826e-fe769046ed7c', 'ffabe89a-155c-4c49-a6c7-100ed667e583', '2024-07-20', 1316.0, 'BANK_TRANSFER');
INSERT INTO orders (id, customer_id, order_date, total_amount, status) VALUES ('a28f31c9-7664-4392-b83d-2f6cd07625bb', 'eea2d464-d555-4d8b-9666-2dfc9a04fb47', '2025-10-11', 19143, 'COMPLETED');
INSERT INTO invoices (id, order_id, invoice_date, amount, due_date, status) VALUES ('139627ad-8418-44f4-9dd5-e30e50a70252', 'a28f31c9-7664-4392-b83d-2f6cd07625bb', '2025-10-11', 19143, '2025-11-10', 'PAID');
INSERT INTO payments (id, invoice_id, payment_date, amount, method) VALUES ('91c1dc12-4fba-4057-8b85-f761f867bd71', '139627ad-8418-44f4-9dd5-e30e50a70252', '2025-10-16', 9571.5, 'BANK_TRANSFER');
INSERT INTO payments (id, invoice_id, payment_date, amount, method) VALUES ('d4523bf8-4723-4cdf-8145-009a5e6aaa20', '139627ad-8418-44f4-9dd5-e30e50a70252', '2025-10-16', 9571.5, 'BANK_TRANSFER');
INSERT INTO orders (id, customer_id, order_date, total_amount, status) VALUES ('192e8055-923d-4dfa-a502-1e20254a2cd8', 'eea2d464-d555-4d8b-9666-2dfc9a04fb47', '2024-03-15', 22120, 'COMPLETED');
INSERT INTO invoices (id, order_id, invoice_date, amount, due_date, status) VALUES ('e660bad1-7b36-4edb-9fa2-d12ed184ed7a', '192e8055-923d-4dfa-a502-1e20254a2cd8', '2024-03-15', 22120, '2024-04-14', 'PAID');
INSERT INTO payments (id, invoice_id, payment_date, amount, method) VALUES ('f706a3cb-133b-44f8-9acf-c100c68a9859', 'e660bad1-7b36-4edb-9fa2-d12ed184ed7a', '2024-03-20', 11060.0, 'BANK_TRANSFER');
INSERT INTO payments (id, invoice_id, payment_date, amount, method) VALUES ('e56a3976-55db-4ac0-ac22-4b5e148e0003', 'e660bad1-7b36-4edb-9fa2-d12ed184ed7a', '2024-03-20', 11060.0, 'BANK_TRANSFER');
INSERT INTO orders (id, customer_id, order_date, total_amount, status) VALUES ('db207165-7770-45bd-8d83-6ef014cbcbb4', '0ec5d3cb-a507-43ed-9716-67226bba47b6', '2024-03-21', 24843, 'COMPLETED');
INSERT INTO invoices (id, order_id, invoice_date, amount, due_date, status) VALUES ('7c368aec-e674-4147-832b-056201f8055a', 'db207165-7770-45bd-8d83-6ef014cbcbb4', '2024-03-21', 24843, '2024-04-20', 'PAID');
INSERT INTO payments (id, invoice_id, payment_date, amount, method) VALUES ('86599113-4f98-4921-bbd8-cc12a9a8fb55', '7c368aec-e674-4147-832b-056201f8055a', '2024-03-26', 12421.5, 'BANK_TRANSFER');
INSERT INTO payments (id, invoice_id, payment_date, amount, method) VALUES ('2af98dfa-1fa2-4127-8433-894c24d41f1a', '7c368aec-e674-4147-832b-056201f8055a', '2024-03-26', 12421.5, 'BANK_TRANSFER');
INSERT INTO orders (id, customer_id, order_date, total_amount, status) VALUES ('ef37c700-ac7c-410c-aead-b8eea9882e18', '0ec5d3cb-a507-43ed-9716-67226bba47b6', '2024-10-20', 21984, 'COMPLETED');
INSERT INTO invoices (id, order_id, invoice_date, amount, due_date, status) VALUES ('84c54109-bd81-4d5c-8b72-acf8d9c164cd', 'ef37c700-ac7c-410c-aead-b8eea9882e18', '2024-10-20', 21984, '2024-11-19', 'PAID');
INSERT INTO payments (id, invoice_id, payment_date, amount, method) VALUES ('aaa6336b-6354-41c8-80c2-45efa714a749', '84c54109-bd81-4d5c-8b72-acf8d9c164cd', '2024-10-25', 21984.0, 'BANK_TRANSFER');
INSERT INTO orders (id, customer_id, order_date, total_amount, status) VALUES ('1c602b34-5ed4-48c9-89c1-0e351b909de9', '0ec5d3cb-a507-43ed-9716-67226bba47b6', '2025-01-18', 17110, 'COMPLETED');
INSERT INTO invoices (id, order_id, invoice_date, amount, due_date, status) VALUES ('bf443714-4c65-475e-8946-a3a4c9b62102', '1c602b34-5ed4-48c9-89c1-0e351b909de9', '2025-01-18', 17110, '2025-02-17', 'PAID');
INSERT INTO payments (id, invoice_id, payment_date, amount, method) VALUES ('38a49463-457e-41bb-ab02-81fc150e7b14', 'bf443714-4c65-475e-8946-a3a4c9b62102', '2025-01-23', 8555.0, 'BANK_TRANSFER');
INSERT INTO payments (id, invoice_id, payment_date, amount, method) VALUES ('afac3bef-af95-41a9-aa0f-0f6d2190a9d1', 'bf443714-4c65-475e-8946-a3a4c9b62102', '2025-01-23', 8555.0, 'BANK_TRANSFER');
INSERT INTO orders (id, customer_id, order_date, total_amount, status) VALUES ('544e73c0-99d3-40e9-91d6-e23c89504978', '0ec5d3cb-a507-43ed-9716-67226bba47b6', '2025-09-24', 6949, 'COMPLETED');
INSERT INTO invoices (id, order_id, invoice_date, amount, due_date, status) VALUES ('fa3c8b1e-3afe-41cd-947c-4706ac385c46', '544e73c0-99d3-40e9-91d6-e23c89504978', '2025-09-24', 6949, '2025-10-24', 'PAID');
INSERT INTO payments (id, invoice_id, payment_date, amount, method) VALUES ('b57a1507-f758-4ca0-ac5c-024b8405153d', 'fa3c8b1e-3afe-41cd-947c-4706ac385c46', '2025-09-29', 3474.5, 'BANK_TRANSFER');
INSERT INTO payments (id, invoice_id, payment_date, amount, method) VALUES ('6b2bbcc8-62b2-45c1-b5f1-08ff1755c074', 'fa3c8b1e-3afe-41cd-947c-4706ac385c46', '2025-09-29', 3474.5, 'BANK_TRANSFER');
INSERT INTO orders (id, customer_id, order_date, total_amount, status) VALUES ('d8f55957-c3e9-4f38-b5ec-2ef110083d53', 'fd3c6c81-eae8-462e-a71b-7bd29c33d38a', '2025-10-30', 12989, 'COMPLETED');
INSERT INTO invoices (id, order_id, invoice_date, amount, due_date, status) VALUES ('1a25ec57-fcce-4ee1-9587-2fbf519dff1d', 'd8f55957-c3e9-4f38-b5ec-2ef110083d53', '2025-10-30', 12989, '2025-11-29', 'PAID');
INSERT INTO payments (id, invoice_id, payment_date, amount, method) VALUES ('8f5700f8-c316-4bb9-9d5c-c1cb5fd42d91', '1a25ec57-fcce-4ee1-9587-2fbf519dff1d', '2025-11-04', 6494.5, 'BANK_TRANSFER');
INSERT INTO payments (id, invoice_id, payment_date, amount, method) VALUES ('a419dce6-41de-4763-9c09-45a431f73294', '1a25ec57-fcce-4ee1-9587-2fbf519dff1d', '2025-11-04', 6494.5, 'BANK_TRANSFER');
INSERT INTO orders (id, customer_id, order_date, total_amount, status) VALUES ('fd60adc7-c1d9-4868-8926-642abc6b27c9', 'fd3c6c81-eae8-462e-a71b-7bd29c33d38a', '2025-11-18', 11561, 'COMPLETED');
INSERT INTO invoices (id, order_id, invoice_date, amount, due_date, status) VALUES ('ed269d87-a47d-405f-8f0f-4343e013c801', 'fd60adc7-c1d9-4868-8926-642abc6b27c9', '2025-11-18', 11561, '2025-12-18', 'PAID');
INSERT INTO payments (id, invoice_id, payment_date, amount, method) VALUES ('dc420780-885e-4e7c-bd96-b0bf45aef504', 'ed269d87-a47d-405f-8f0f-4343e013c801', '2025-11-23', 11561.0, 'BANK_TRANSFER');
INSERT INTO orders (id, customer_id, order_date, total_amount, status) VALUES ('482b795a-81fd-413d-ae94-7fc2f7f2963a', 'fd3c6c81-eae8-462e-a71b-7bd29c33d38a', '2024-08-18', 20455, 'COMPLETED');
INSERT INTO invoices (id, order_id, invoice_date, amount, due_date, status) VALUES ('f69d4480-7cf1-40d4-9df9-b18d2c03e5e1', '482b795a-81fd-413d-ae94-7fc2f7f2963a', '2024-08-18', 20455, '2024-09-17', 'PAID');
INSERT INTO payments (id, invoice_id, payment_date, amount, method) VALUES ('eb08693a-3904-4c77-b858-b07a415cf069', 'f69d4480-7cf1-40d4-9df9-b18d2c03e5e1', '2024-08-23', 20455.0, 'BANK_TRANSFER');
INSERT INTO orders (id, customer_id, order_date, total_amount, status) VALUES ('3244e902-da8f-4912-8dfd-3a51a8e01dd2', 'fd3c6c81-eae8-462e-a71b-7bd29c33d38a', '2025-08-23', 24989, 'COMPLETED');
INSERT INTO invoices (id, order_id, invoice_date, amount, due_date, status) VALUES ('c11d2650-c892-4df6-bc61-91417c52db77', '3244e902-da8f-4912-8dfd-3a51a8e01dd2', '2025-08-23', 24989, '2025-09-22', 'PAID');
INSERT INTO payments (id, invoice_id, payment_date, amount, method) VALUES ('79dfee3c-4265-49c8-b658-736fc2114240', 'c11d2650-c892-4df6-bc61-91417c52db77', '2025-08-28', 12494.5, 'BANK_TRANSFER');
INSERT INTO payments (id, invoice_id, payment_date, amount, method) VALUES ('46eb2e35-e69a-4bcd-83ca-e198c9902060', 'c11d2650-c892-4df6-bc61-91417c52db77', '2025-08-28', 12494.5, 'BANK_TRANSFER');
INSERT INTO orders (id, customer_id, order_date, total_amount, status) VALUES ('e4b6d838-6575-4892-a667-a9ecca8a86f9', 'fd3c6c81-eae8-462e-a71b-7bd29c33d38a', '2025-08-05', 12452, 'COMPLETED');
INSERT INTO invoices (id, order_id, invoice_date, amount, due_date, status) VALUES ('31644864-9ce0-4921-9620-33ff7276bd7e', 'e4b6d838-6575-4892-a667-a9ecca8a86f9', '2025-08-05', 12452, '2025-09-04', 'PAID');
INSERT INTO payments (id, invoice_id, payment_date, amount, method) VALUES ('d58a535f-8788-4dc2-831b-d3556d9fd055', '31644864-9ce0-4921-9620-33ff7276bd7e', '2025-08-10', 12452.0, 'BANK_TRANSFER');
INSERT INTO orders (id, customer_id, order_date, total_amount, status) VALUES ('81c28eb5-f192-4532-bddf-680c4061654a', 'bed30d46-9fe8-46c3-9742-1985d6dd6828', '2024-12-26', 23176, 'COMPLETED');
INSERT INTO invoices (id, order_id, invoice_date, amount, due_date, status) VALUES ('64bddb95-71f6-4d73-8f11-9b0159cbb326', '81c28eb5-f192-4532-bddf-680c4061654a', '2024-12-26', 23176, '2025-01-25', 'PAID');
INSERT INTO payments (id, invoice_id, payment_date, amount, method) VALUES ('d8f0842c-2860-4b43-a9da-3cff9be93679', '64bddb95-71f6-4d73-8f11-9b0159cbb326', '2024-12-31', 11588.0, 'BANK_TRANSFER');
INSERT INTO payments (id, invoice_id, payment_date, amount, method) VALUES ('f2bd8505-2767-42c7-8dbf-15c6e51a0175', '64bddb95-71f6-4d73-8f11-9b0159cbb326', '2024-12-31', 11588.0, 'BANK_TRANSFER');
INSERT INTO orders (id, customer_id, order_date, total_amount, status) VALUES ('0bd59ba7-5a9d-4833-b183-606fbac3cd75', 'bed30d46-9fe8-46c3-9742-1985d6dd6828', '2024-06-25', 22028, 'COMPLETED');
INSERT INTO invoices (id, order_id, invoice_date, amount, due_date, status) VALUES ('28e24f6a-7df3-4875-b8f1-c7baa1903c7b', '0bd59ba7-5a9d-4833-b183-606fbac3cd75', '2024-06-25', 22028, '2024-07-25', 'PAID');
INSERT INTO payments (id, invoice_id, payment_date, amount, method) VALUES ('62967745-3b22-49a6-916f-16a18edf9e11', '28e24f6a-7df3-4875-b8f1-c7baa1903c7b', '2024-06-30', 11014.0, 'BANK_TRANSFER');
INSERT INTO payments (id, invoice_id, payment_date, amount, method) VALUES ('0e746937-6bbd-4841-877f-5269fb755e1f', '28e24f6a-7df3-4875-b8f1-c7baa1903c7b', '2024-06-30', 11014.0, 'BANK_TRANSFER');
INSERT INTO orders (id, customer_id, order_date, total_amount, status) VALUES ('0cd7df1f-bff4-4ac7-9aea-aa3c44dba011', 'bed30d46-9fe8-46c3-9742-1985d6dd6828', '2025-08-29', 5557, 'COMPLETED');
INSERT INTO invoices (id, order_id, invoice_date, amount, due_date, status) VALUES ('4eaae011-2760-4f2d-abd4-2b767434f8e5', '0cd7df1f-bff4-4ac7-9aea-aa3c44dba011', '2025-08-29', 5557, '2025-09-28', 'PAID');
INSERT INTO payments (id, invoice_id, payment_date, amount, method) VALUES ('97e173d9-82e4-4e29-8fd4-b4c95425e50d', '4eaae011-2760-4f2d-abd4-2b767434f8e5', '2025-09-03', 5557.0, 'BANK_TRANSFER');
INSERT INTO orders (id, customer_id, order_date, total_amount, status) VALUES ('821c51bc-7530-45c3-a33b-e97bc550bfa5', 'bed30d46-9fe8-46c3-9742-1985d6dd6828', '2025-02-07', 7959, 'COMPLETED');
INSERT INTO invoices (id, order_id, invoice_date, amount, due_date, status) VALUES ('1e8b4edf-f104-4403-99c5-7b25debbe519', '821c51bc-7530-45c3-a33b-e97bc550bfa5', '2025-02-07', 7959, '2025-03-09', 'PAID');
INSERT INTO payments (id, invoice_id, payment_date, amount, method) VALUES ('ecb85fb4-8781-4012-9722-be30df63a1bd', '1e8b4edf-f104-4403-99c5-7b25debbe519', '2025-02-12', 7959.0, 'BANK_TRANSFER');
INSERT INTO orders (id, customer_id, order_date, total_amount, status) VALUES ('87e4a74d-9de4-4ad2-a1da-cbf960ec7225', 'bed30d46-9fe8-46c3-9742-1985d6dd6828', '2024-10-28', 9838, 'COMPLETED');
INSERT INTO invoices (id, order_id, invoice_date, amount, due_date, status) VALUES ('b507d9a4-fbf2-42cb-b82c-898d971cf243', '87e4a74d-9de4-4ad2-a1da-cbf960ec7225', '2024-10-28', 9838, '2024-11-27', 'PAID');
INSERT INTO payments (id, invoice_id, payment_date, amount, method) VALUES ('314f6203-471c-4274-afbd-2c78379789f4', 'b507d9a4-fbf2-42cb-b82c-898d971cf243', '2024-11-02', 9838.0, 'BANK_TRANSFER');
INSERT INTO orders (id, customer_id, order_date, total_amount, status) VALUES ('d87b9397-a5f4-4eb2-abd4-52bb8c367eb8', 'bed30d46-9fe8-46c3-9742-1985d6dd6828', '2025-03-07', 22248, 'COMPLETED');
INSERT INTO invoices (id, order_id, invoice_date, amount, due_date, status) VALUES ('f8bb8059-b7ed-4466-a2c8-2bd8384ad679', 'd87b9397-a5f4-4eb2-abd4-52bb8c367eb8', '2025-03-07', 22248, '2025-04-06', 'PAID');
INSERT INTO payments (id, invoice_id, payment_date, amount, method) VALUES ('225528b2-12db-4943-a657-daa122eb2c3a', 'f8bb8059-b7ed-4466-a2c8-2bd8384ad679', '2025-03-12', 22248.0, 'BANK_TRANSFER');
INSERT INTO orders (id, customer_id, order_date, total_amount, status) VALUES ('4cb3b404-943a-4f52-828e-ea92ddd47585', 'bed30d46-9fe8-46c3-9742-1985d6dd6828', '2025-09-24', 9391, 'COMPLETED');
INSERT INTO invoices (id, order_id, invoice_date, amount, due_date, status) VALUES ('a77a9b2d-a57b-406f-a164-c59d37126b0c', '4cb3b404-943a-4f52-828e-ea92ddd47585', '2025-09-24', 9391, '2025-10-24', 'PAID');
INSERT INTO payments (id, invoice_id, payment_date, amount, method) VALUES ('c8f8cc92-c445-4d20-8c61-0ab7d56a4feb', 'a77a9b2d-a57b-406f-a164-c59d37126b0c', '2025-09-29', 4695.5, 'BANK_TRANSFER');
INSERT INTO payments (id, invoice_id, payment_date, amount, method) VALUES ('896b025a-07a5-4e74-98cf-87675bf7428b', 'a77a9b2d-a57b-406f-a164-c59d37126b0c', '2025-09-29', 4695.5, 'BANK_TRANSFER');
INSERT INTO orders (id, customer_id, order_date, total_amount, status) VALUES ('5c6b7d0d-30c5-4dd7-a026-9fea3a884bef', '5ece97f6-8dce-46fe-bbb8-36170434f79f', '2024-08-21', 24920, 'COMPLETED');
INSERT INTO invoices (id, order_id, invoice_date, amount, due_date, status) VALUES ('738ecfb8-2a6d-4d67-a2aa-8bf4182979ce', '5c6b7d0d-30c5-4dd7-a026-9fea3a884bef', '2024-08-21', 24920, '2024-09-20', 'PAID');
INSERT INTO payments (id, invoice_id, payment_date, amount, method) VALUES ('79598d4f-50fc-4e20-8748-bf8487ee910a', '738ecfb8-2a6d-4d67-a2aa-8bf4182979ce', '2024-08-26', 24920.0, 'BANK_TRANSFER');
INSERT INTO orders (id, customer_id, order_date, total_amount, status) VALUES ('113a5915-9b0a-4a5d-a998-8cae1c015c15', '5ece97f6-8dce-46fe-bbb8-36170434f79f', '2024-07-13', 11030, 'COMPLETED');
INSERT INTO invoices (id, order_id, invoice_date, amount, due_date, status) VALUES ('5d557603-58c7-4ed4-b338-38fe964ac548', '113a5915-9b0a-4a5d-a998-8cae1c015c15', '2024-07-13', 11030, '2024-08-12', 'PAID');
INSERT INTO payments (id, invoice_id, payment_date, amount, method) VALUES ('5df5450f-e6da-47dd-8b57-dbd720c34735', '5d557603-58c7-4ed4-b338-38fe964ac548', '2024-07-18', 5515.0, 'BANK_TRANSFER');
INSERT INTO payments (id, invoice_id, payment_date, amount, method) VALUES ('62837ab3-7873-43a8-bcd4-2937212a0381', '5d557603-58c7-4ed4-b338-38fe964ac548', '2024-07-18', 5515.0, 'BANK_TRANSFER');
INSERT INTO orders (id, customer_id, order_date, total_amount, status) VALUES ('b27c2e4a-a196-4691-953c-c0b7c5bdfeda', '5ece97f6-8dce-46fe-bbb8-36170434f79f', '2025-05-04', 6586, 'COMPLETED');
INSERT INTO invoices (id, order_id, invoice_date, amount, due_date, status) VALUES ('bbe1392d-194f-4f7d-8178-df3d2d61538d', 'b27c2e4a-a196-4691-953c-c0b7c5bdfeda', '2025-05-04', 6586, '2025-06-03', 'PAID');
INSERT INTO payments (id, invoice_id, payment_date, amount, method) VALUES ('ef6a1af6-5ba4-4b35-accd-66a217b1cacf', 'bbe1392d-194f-4f7d-8178-df3d2d61538d', '2025-05-09', 3293.0, 'BANK_TRANSFER');
INSERT INTO payments (id, invoice_id, payment_date, amount, method) VALUES ('12cb6816-3fa8-485b-af6b-239ed83859b2', 'bbe1392d-194f-4f7d-8178-df3d2d61538d', '2025-05-09', 3293.0, 'BANK_TRANSFER');
INSERT INTO orders (id, customer_id, order_date, total_amount, status) VALUES ('dc1e276f-07dd-4938-bd85-ebb0017abae3', '5ece97f6-8dce-46fe-bbb8-36170434f79f', '2025-02-28', 5707, 'COMPLETED');
INSERT INTO invoices (id, order_id, invoice_date, amount, due_date, status) VALUES ('e9e01e76-f402-4cf9-854b-629835a4ffa7', 'dc1e276f-07dd-4938-bd85-ebb0017abae3', '2025-02-28', 5707, '2025-03-30', 'PAID');
INSERT INTO payments (id, invoice_id, payment_date, amount, method) VALUES ('87df2a92-eafd-4c20-b285-ca81c1e00883', 'e9e01e76-f402-4cf9-854b-629835a4ffa7', '2025-03-05', 5707.0, 'BANK_TRANSFER');
INSERT INTO orders (id, customer_id, order_date, total_amount, status) VALUES ('fceef054-48ac-4b69-8273-b166631cdcae', '5ece97f6-8dce-46fe-bbb8-36170434f79f', '2024-07-21', 7961, 'COMPLETED');
INSERT INTO invoices (id, order_id, invoice_date, amount, due_date, status) VALUES ('f1a6ec37-5d6d-4014-90c6-b1c727900869', 'fceef054-48ac-4b69-8273-b166631cdcae', '2024-07-21', 7961, '2024-08-20', 'PAID');
INSERT INTO payments (id, invoice_id, payment_date, amount, method) VALUES ('633ee9b8-27be-4988-9555-768ca4b6538a', 'f1a6ec37-5d6d-4014-90c6-b1c727900869', '2024-07-26', 3980.5, 'BANK_TRANSFER');
INSERT INTO payments (id, invoice_id, payment_date, amount, method) VALUES ('83ef1285-3d91-4959-a820-ecb6d4ca2e5f', 'f1a6ec37-5d6d-4014-90c6-b1c727900869', '2024-07-26', 3980.5, 'BANK_TRANSFER');
INSERT INTO orders (id, customer_id, order_date, total_amount, status) VALUES ('fae12d72-93a5-4c7b-9205-28ba2d7ed439', '5ece97f6-8dce-46fe-bbb8-36170434f79f', '2024-12-09', 21338, 'COMPLETED');
INSERT INTO invoices (id, order_id, invoice_date, amount, due_date, status) VALUES ('151d956c-66b4-445f-8268-194bd3e68f00', 'fae12d72-93a5-4c7b-9205-28ba2d7ed439', '2024-12-09', 21338, '2025-01-08', 'PAID');
INSERT INTO payments (id, invoice_id, payment_date, amount, method) VALUES ('eee3b406-1b09-46c8-83c3-b93b952c01be', '151d956c-66b4-445f-8268-194bd3e68f00', '2024-12-14', 21338.0, 'BANK_TRANSFER');
INSERT INTO orders (id, customer_id, order_date, total_amount, status) VALUES ('3e63e75a-454c-4ba0-9448-90936c98d0d5', '5ece97f6-8dce-46fe-bbb8-36170434f79f', '2025-03-22', 19125, 'COMPLETED');
INSERT INTO invoices (id, order_id, invoice_date, amount, due_date, status) VALUES ('8e6d2c51-3d0b-4137-82f9-6cae029623bc', '3e63e75a-454c-4ba0-9448-90936c98d0d5', '2025-03-22', 19125, '2025-04-21', 'PAID');
INSERT INTO payments (id, invoice_id, payment_date, amount, method) VALUES ('a5ead2f4-e54b-4037-9def-cdc9f243bc4a', '8e6d2c51-3d0b-4137-82f9-6cae029623bc', '2025-03-27', 9562.5, 'BANK_TRANSFER');
INSERT INTO payments (id, invoice_id, payment_date, amount, method) VALUES ('6f4d80d3-a5f9-44e3-b0b7-3685b822ba3a', '8e6d2c51-3d0b-4137-82f9-6cae029623bc', '2025-03-27', 9562.5, 'BANK_TRANSFER');
INSERT INTO orders (id, customer_id, order_date, total_amount, status) VALUES ('f4f804d8-333f-45b3-b6d7-ef199d90bbfd', '661959c6-63dd-4adf-9163-ace2968cce97', '2024-05-11', 3831, 'COMPLETED');
INSERT INTO invoices (id, order_id, invoice_date, amount, due_date, status) VALUES ('532c1790-5639-4924-aa26-7574cd691324', 'f4f804d8-333f-45b3-b6d7-ef199d90bbfd', '2024-05-11', 3831, '2024-06-10', 'PAID');
INSERT INTO payments (id, invoice_id, payment_date, amount, method) VALUES ('8b1394fa-5d7f-4c9d-8b01-786681fa6ae5', '532c1790-5639-4924-aa26-7574cd691324', '2024-05-16', 1915.5, 'BANK_TRANSFER');
INSERT INTO payments (id, invoice_id, payment_date, amount, method) VALUES ('b1841890-3395-4829-920e-4b03b6f49c4d', '532c1790-5639-4924-aa26-7574cd691324', '2024-05-16', 1915.5, 'BANK_TRANSFER');
INSERT INTO orders (id, customer_id, order_date, total_amount, status) VALUES ('6b52c7fa-b4cb-4877-8cf5-5fe682e5845b', '661959c6-63dd-4adf-9163-ace2968cce97', '2025-08-21', 3496, 'COMPLETED');
INSERT INTO invoices (id, order_id, invoice_date, amount, due_date, status) VALUES ('76dd28e6-b28a-4024-a63a-422675c51f06', '6b52c7fa-b4cb-4877-8cf5-5fe682e5845b', '2025-08-21', 3496, '2025-09-20', 'PAID');
INSERT INTO payments (id, invoice_id, payment_date, amount, method) VALUES ('8abcd0d5-beb0-4b73-b85b-aedf3471bb66', '76dd28e6-b28a-4024-a63a-422675c51f06', '2025-08-26', 3496.0, 'BANK_TRANSFER');
INSERT INTO orders (id, customer_id, order_date, total_amount, status) VALUES ('496e3954-dd4a-4495-8c81-865d826119cf', '661959c6-63dd-4adf-9163-ace2968cce97', '2024-09-04', 18137, 'COMPLETED');
INSERT INTO invoices (id, order_id, invoice_date, amount, due_date, status) VALUES ('b0313a72-52c0-4922-880d-be5b33585dee', '496e3954-dd4a-4495-8c81-865d826119cf', '2024-09-04', 18137, '2024-10-04', 'PAID');
INSERT INTO payments (id, invoice_id, payment_date, amount, method) VALUES ('e8a820f9-db00-4ef6-b1fd-5460c9c23983', 'b0313a72-52c0-4922-880d-be5b33585dee', '2024-09-09', 18137.0, 'BANK_TRANSFER');
INSERT INTO orders (id, customer_id, order_date, total_amount, status) VALUES ('7d0e1293-029a-4b50-b558-b5533cc23bd8', '661959c6-63dd-4adf-9163-ace2968cce97', '2024-05-12', 7200, 'COMPLETED');
INSERT INTO invoices (id, order_id, invoice_date, amount, due_date, status) VALUES ('e308e548-f0f2-4321-a6fd-a6691a643fd9', '7d0e1293-029a-4b50-b558-b5533cc23bd8', '2024-05-12', 7200, '2024-06-11', 'PAID');
INSERT INTO payments (id, invoice_id, payment_date, amount, method) VALUES ('6b73047b-c2c1-43b6-ab5c-daf78090e1d6', 'e308e548-f0f2-4321-a6fd-a6691a643fd9', '2024-05-17', 7200.0, 'BANK_TRANSFER');
INSERT INTO orders (id, customer_id, order_date, total_amount, status) VALUES ('fd8b3a44-4c89-440d-92c8-6de12830f7a3', '661959c6-63dd-4adf-9163-ace2968cce97', '2025-11-27', 5263, 'COMPLETED');
INSERT INTO invoices (id, order_id, invoice_date, amount, due_date, status) VALUES ('c3130052-79a6-4f9c-9eea-d757d7eb9547', 'fd8b3a44-4c89-440d-92c8-6de12830f7a3', '2025-11-27', 5263, '2025-12-27', 'PAID');
INSERT INTO payments (id, invoice_id, payment_date, amount, method) VALUES ('2368c8d7-458c-40d8-b614-8402f7a4d8ed', 'c3130052-79a6-4f9c-9eea-d757d7eb9547', '2025-12-02', 2631.5, 'BANK_TRANSFER');
INSERT INTO payments (id, invoice_id, payment_date, amount, method) VALUES ('46011489-61d0-4ddc-9689-0e103011905d', 'c3130052-79a6-4f9c-9eea-d757d7eb9547', '2025-12-02', 2631.5, 'BANK_TRANSFER');
INSERT INTO orders (id, customer_id, order_date, total_amount, status) VALUES ('fc2eb22a-0701-4e41-94ff-10be2ee7ae45', '1561ea19-ebbe-4a4f-a32c-a09bc8201f36', '2025-06-01', 2728, 'COMPLETED');
INSERT INTO invoices (id, order_id, invoice_date, amount, due_date, status) VALUES ('57426b4f-3cab-45fb-8349-bedb46566ec5', 'fc2eb22a-0701-4e41-94ff-10be2ee7ae45', '2025-06-01', 2728, '2025-07-01', 'PAID');
INSERT INTO payments (id, invoice_id, payment_date, amount, method) VALUES ('a903fc1a-805c-41c0-a28e-ae235a636294', '57426b4f-3cab-45fb-8349-bedb46566ec5', '2025-06-06', 2728.0, 'BANK_TRANSFER');
INSERT INTO orders (id, customer_id, order_date, total_amount, status) VALUES ('55bfdab5-b1ec-48f5-8412-a899f63883d2', '1561ea19-ebbe-4a4f-a32c-a09bc8201f36', '2024-09-19', 15020, 'COMPLETED');
INSERT INTO invoices (id, order_id, invoice_date, amount, due_date, status) VALUES ('8cf41177-0d87-4edd-b37f-ed49c153ef57', '55bfdab5-b1ec-48f5-8412-a899f63883d2', '2024-09-19', 15020, '2024-10-19', 'PAID');
INSERT INTO payments (id, invoice_id, payment_date, amount, method) VALUES ('9fab8c95-a3c7-4e79-84bd-5c2ecb728510', '8cf41177-0d87-4edd-b37f-ed49c153ef57', '2024-09-24', 15020.0, 'BANK_TRANSFER');
INSERT INTO orders (id, customer_id, order_date, total_amount, status) VALUES ('4d0b45ae-d5f3-41f6-a35e-11c4819ca7ab', '1561ea19-ebbe-4a4f-a32c-a09bc8201f36', '2024-03-09', 18552, 'COMPLETED');
INSERT INTO invoices (id, order_id, invoice_date, amount, due_date, status) VALUES ('e69f2d3c-76bb-4bfa-a134-06f9e3460b07', '4d0b45ae-d5f3-41f6-a35e-11c4819ca7ab', '2024-03-09', 18552, '2024-04-08', 'PAID');
INSERT INTO payments (id, invoice_id, payment_date, amount, method) VALUES ('540b95f3-09c5-4cc1-93ca-2a45eefe21ec', 'e69f2d3c-76bb-4bfa-a134-06f9e3460b07', '2024-03-14', 18552.0, 'BANK_TRANSFER');
INSERT INTO orders (id, customer_id, order_date, total_amount, status) VALUES ('91f17f71-4ee4-4493-8076-6ba3ed47ffea', '1561ea19-ebbe-4a4f-a32c-a09bc8201f36', '2025-09-26', 2311, 'COMPLETED');
INSERT INTO invoices (id, order_id, invoice_date, amount, due_date, status) VALUES ('bede3429-2cd7-4bcf-ba5b-3ca9bbbfcb1d', '91f17f71-4ee4-4493-8076-6ba3ed47ffea', '2025-09-26', 2311, '2025-10-26', 'PAID');
INSERT INTO payments (id, invoice_id, payment_date, amount, method) VALUES ('c277052b-0d57-4fb5-b637-162a7b05e181', 'bede3429-2cd7-4bcf-ba5b-3ca9bbbfcb1d', '2025-10-01', 1155.5, 'BANK_TRANSFER');
INSERT INTO payments (id, invoice_id, payment_date, amount, method) VALUES ('4d8009a8-3fb0-4dc4-b05a-df871c7e1e96', 'bede3429-2cd7-4bcf-ba5b-3ca9bbbfcb1d', '2025-10-01', 1155.5, 'BANK_TRANSFER');
INSERT INTO orders (id, customer_id, order_date, total_amount, status) VALUES ('20e92847-6a27-4b98-83d6-7bfcbfcc3421', '1561ea19-ebbe-4a4f-a32c-a09bc8201f36', '2024-05-27', 3447, 'COMPLETED');
INSERT INTO invoices (id, order_id, invoice_date, amount, due_date, status) VALUES ('3c60f369-e884-4687-bf3b-5e507b3b89b4', '20e92847-6a27-4b98-83d6-7bfcbfcc3421', '2024-05-27', 3447, '2024-06-26', 'PAID');
INSERT INTO payments (id, invoice_id, payment_date, amount, method) VALUES ('b9a0122d-e0d3-43aa-b9c2-347ddbe704be', '3c60f369-e884-4687-bf3b-5e507b3b89b4', '2024-06-01', 1723.5, 'BANK_TRANSFER');
INSERT INTO payments (id, invoice_id, payment_date, amount, method) VALUES ('1ca77c0b-320f-470c-a11a-638f6673b3fb', '3c60f369-e884-4687-bf3b-5e507b3b89b4', '2024-06-01', 1723.5, 'BANK_TRANSFER');
INSERT INTO orders (id, customer_id, order_date, total_amount, status) VALUES ('e966aca6-9972-4b17-be80-e1882dfb1bc4', '397db806-85da-4688-83ce-71438b59448d', '2024-12-12', 12772, 'COMPLETED');
INSERT INTO invoices (id, order_id, invoice_date, amount, due_date, status) VALUES ('9e1faffa-3c8d-4a26-b93c-5c8034480f33', 'e966aca6-9972-4b17-be80-e1882dfb1bc4', '2024-12-12', 12772, '2025-01-11', 'PAID');
INSERT INTO payments (id, invoice_id, payment_date, amount, method) VALUES ('c53a1796-f9d4-45f2-86d6-b600cc75b696', '9e1faffa-3c8d-4a26-b93c-5c8034480f33', '2024-12-17', 6386.0, 'BANK_TRANSFER');
INSERT INTO payments (id, invoice_id, payment_date, amount, method) VALUES ('f9adfd61-bf7a-4ca8-8471-e1a3ea139486', '9e1faffa-3c8d-4a26-b93c-5c8034480f33', '2024-12-17', 6386.0, 'BANK_TRANSFER');
INSERT INTO orders (id, customer_id, order_date, total_amount, status) VALUES ('d06825e6-5a94-433d-8a98-93ccc3fc5f2e', '397db806-85da-4688-83ce-71438b59448d', '2024-08-31', 14201, 'COMPLETED');
INSERT INTO invoices (id, order_id, invoice_date, amount, due_date, status) VALUES ('12c7c371-78e8-4e17-bc31-36561b6f3c93', 'd06825e6-5a94-433d-8a98-93ccc3fc5f2e', '2024-08-31', 14201, '2024-09-30', 'PAID');
INSERT INTO payments (id, invoice_id, payment_date, amount, method) VALUES ('ef492839-8b41-4a39-b5b1-6a0f3fca645a', '12c7c371-78e8-4e17-bc31-36561b6f3c93', '2024-09-05', 14201.0, 'BANK_TRANSFER');
INSERT INTO orders (id, customer_id, order_date, total_amount, status) VALUES ('233443ef-971e-4476-b1bc-b734ee57a88e', '397db806-85da-4688-83ce-71438b59448d', '2025-04-05', 23506, 'COMPLETED');
INSERT INTO invoices (id, order_id, invoice_date, amount, due_date, status) VALUES ('9e6d0b96-5ece-42b3-bfbf-31d8bd2ca65f', '233443ef-971e-4476-b1bc-b734ee57a88e', '2025-04-05', 23506, '2025-05-05', 'PAID');
INSERT INTO payments (id, invoice_id, payment_date, amount, method) VALUES ('7bf16685-02d5-4201-a308-a3dadfebc89d', '9e6d0b96-5ece-42b3-bfbf-31d8bd2ca65f', '2025-04-10', 23506.0, 'BANK_TRANSFER');
INSERT INTO orders (id, customer_id, order_date, total_amount, status) VALUES ('73055f49-fb43-420a-b742-d2eeb98a1e92', '397db806-85da-4688-83ce-71438b59448d', '2024-05-26', 2346, 'COMPLETED');
INSERT INTO invoices (id, order_id, invoice_date, amount, due_date, status) VALUES ('a0df2d12-0e1d-42d0-ad15-0cdd3f1c8a56', '73055f49-fb43-420a-b742-d2eeb98a1e92', '2024-05-26', 2346, '2024-06-25', 'PAID');
INSERT INTO payments (id, invoice_id, payment_date, amount, method) VALUES ('1e70e4c9-97d2-47db-a78e-7b26cc7ac86d', 'a0df2d12-0e1d-42d0-ad15-0cdd3f1c8a56', '2024-05-31', 1173.0, 'BANK_TRANSFER');
INSERT INTO payments (id, invoice_id, payment_date, amount, method) VALUES ('f646bc01-0a0a-4410-8839-8276fa279348', 'a0df2d12-0e1d-42d0-ad15-0cdd3f1c8a56', '2024-05-31', 1173.0, 'BANK_TRANSFER');
INSERT INTO orders (id, customer_id, order_date, total_amount, status) VALUES ('e6a12bbf-61ce-440a-8a40-5f29201e94bc', '67c9fdda-5512-4a1b-8fc7-706ceaa16f88', '2025-05-26', 13648, 'COMPLETED');
INSERT INTO invoices (id, order_id, invoice_date, amount, due_date, status) VALUES ('8e9b1bfe-30ef-4ed0-b39a-549ccc620088', 'e6a12bbf-61ce-440a-8a40-5f29201e94bc', '2025-05-26', 13648, '2025-06-25', 'PAID');
INSERT INTO payments (id, invoice_id, payment_date, amount, method) VALUES ('11cd1f99-31c9-4e29-aa3e-61814ed353a9', '8e9b1bfe-30ef-4ed0-b39a-549ccc620088', '2025-05-31', 13648.0, 'BANK_TRANSFER');
INSERT INTO orders (id, customer_id, order_date, total_amount, status) VALUES ('da952c2d-8738-4393-b5a5-aa5829ad6cf5', '67c9fdda-5512-4a1b-8fc7-706ceaa16f88', '2025-12-13', 2413, 'COMPLETED');
INSERT INTO invoices (id, order_id, invoice_date, amount, due_date, status) VALUES ('6332ebef-94be-4f75-b2e8-9557a2f2c35d', 'da952c2d-8738-4393-b5a5-aa5829ad6cf5', '2025-12-13', 2413, '2026-01-12', 'PAID');
INSERT INTO payments (id, invoice_id, payment_date, amount, method) VALUES ('d11eedc3-1111-4408-b74f-162ee1aa6654', '6332ebef-94be-4f75-b2e8-9557a2f2c35d', '2025-12-18', 2413.0, 'BANK_TRANSFER');
INSERT INTO orders (id, customer_id, order_date, total_amount, status) VALUES ('a621b6c6-df46-4484-9ab4-e21524eeb804', '67c9fdda-5512-4a1b-8fc7-706ceaa16f88', '2024-05-29', 2661, 'COMPLETED');
INSERT INTO invoices (id, order_id, invoice_date, amount, due_date, status) VALUES ('ae7a8399-9f0d-414d-89b7-f23dfa5aebe1', 'a621b6c6-df46-4484-9ab4-e21524eeb804', '2024-05-29', 2661, '2024-06-28', 'PAID');
INSERT INTO payments (id, invoice_id, payment_date, amount, method) VALUES ('0e9777cd-6951-4997-8987-2a4fdf74d0c6', 'ae7a8399-9f0d-414d-89b7-f23dfa5aebe1', '2024-06-03', 2661.0, 'BANK_TRANSFER');
INSERT INTO orders (id, customer_id, order_date, total_amount, status) VALUES ('56b4a32b-ae62-4459-a870-f3cca4948f7c', '67c9fdda-5512-4a1b-8fc7-706ceaa16f88', '2025-07-12', 6842, 'COMPLETED');
INSERT INTO invoices (id, order_id, invoice_date, amount, due_date, status) VALUES ('52184c44-1f1d-46a8-b638-efe7654621ed', '56b4a32b-ae62-4459-a870-f3cca4948f7c', '2025-07-12', 6842, '2025-08-11', 'PAID');
INSERT INTO payments (id, invoice_id, payment_date, amount, method) VALUES ('8e903c14-818d-467a-90a4-989c2c9d18ea', '52184c44-1f1d-46a8-b638-efe7654621ed', '2025-07-17', 6842.0, 'BANK_TRANSFER');
INSERT INTO orders (id, customer_id, order_date, total_amount, status) VALUES ('76515b30-f8a3-41ad-8aec-d0233bd63500', '42d4f7dc-cbed-4176-b48d-66052c3c3d1d', '2024-07-31', 9547, 'COMPLETED');
INSERT INTO invoices (id, order_id, invoice_date, amount, due_date, status) VALUES ('569c7b6b-1b68-4782-8394-fb1bb59d67ee', '76515b30-f8a3-41ad-8aec-d0233bd63500', '2024-07-31', 9547, '2024-08-30', 'PAID');
INSERT INTO payments (id, invoice_id, payment_date, amount, method) VALUES ('8d1740e3-bb1c-4bca-a49b-631c05e90e05', '569c7b6b-1b68-4782-8394-fb1bb59d67ee', '2024-08-05', 4773.5, 'BANK_TRANSFER');
INSERT INTO payments (id, invoice_id, payment_date, amount, method) VALUES ('e5f04ca9-6959-4d3a-9d24-69255ff9cef3', '569c7b6b-1b68-4782-8394-fb1bb59d67ee', '2024-08-05', 4773.5, 'BANK_TRANSFER');
INSERT INTO orders (id, customer_id, order_date, total_amount, status) VALUES ('08c6f18a-d71e-4307-acb6-9446eb2c6e24', '42d4f7dc-cbed-4176-b48d-66052c3c3d1d', '2024-08-13', 8090, 'COMPLETED');
INSERT INTO invoices (id, order_id, invoice_date, amount, due_date, status) VALUES ('1cab0b95-86eb-4237-8bf7-41fa13363ca7', '08c6f18a-d71e-4307-acb6-9446eb2c6e24', '2024-08-13', 8090, '2024-09-12', 'PAID');
INSERT INTO payments (id, invoice_id, payment_date, amount, method) VALUES ('a91a2ff0-d40b-4c48-b1b3-f2d856dad6a1', '1cab0b95-86eb-4237-8bf7-41fa13363ca7', '2024-08-18', 8090.0, 'BANK_TRANSFER');
INSERT INTO orders (id, customer_id, order_date, total_amount, status) VALUES ('a05ed77f-0a1b-4175-85fb-5aa78f7ad446', '42d4f7dc-cbed-4176-b48d-66052c3c3d1d', '2025-03-19', 17621, 'COMPLETED');
INSERT INTO invoices (id, order_id, invoice_date, amount, due_date, status) VALUES ('b0e87849-8f7e-4526-96a8-31979b999a75', 'a05ed77f-0a1b-4175-85fb-5aa78f7ad446', '2025-03-19', 17621, '2025-04-18', 'PAID');
INSERT INTO payments (id, invoice_id, payment_date, amount, method) VALUES ('306df80d-43d2-4172-ab39-cb8412e83b1f', 'b0e87849-8f7e-4526-96a8-31979b999a75', '2025-03-24', 17621.0, 'BANK_TRANSFER');
INSERT INTO orders (id, customer_id, order_date, total_amount, status) VALUES ('75173219-1fe8-4c79-bbd6-e3e1257b048e', '42d4f7dc-cbed-4176-b48d-66052c3c3d1d', '2025-05-13', 12346, 'COMPLETED');
INSERT INTO invoices (id, order_id, invoice_date, amount, due_date, status) VALUES ('0b1f49e6-874b-40bb-9c6d-ba95cfabcfa8', '75173219-1fe8-4c79-bbd6-e3e1257b048e', '2025-05-13', 12346, '2025-06-12', 'PAID');
INSERT INTO payments (id, invoice_id, payment_date, amount, method) VALUES ('aec35a6c-1d21-4ee7-bbfc-61de050784aa', '0b1f49e6-874b-40bb-9c6d-ba95cfabcfa8', '2025-05-18', 6173.0, 'BANK_TRANSFER');
INSERT INTO payments (id, invoice_id, payment_date, amount, method) VALUES ('d44c20c5-c634-447b-8c30-b57ea9984e85', '0b1f49e6-874b-40bb-9c6d-ba95cfabcfa8', '2025-05-18', 6173.0, 'BANK_TRANSFER');
INSERT INTO orders (id, customer_id, order_date, total_amount, status) VALUES ('718cafba-f9f5-4f32-af40-b4aae5c2ebf1', '42d4f7dc-cbed-4176-b48d-66052c3c3d1d', '2025-10-21', 10619, 'COMPLETED');
INSERT INTO invoices (id, order_id, invoice_date, amount, due_date, status) VALUES ('dae698d1-6f2b-4098-9105-b5a3dbe8caec', '718cafba-f9f5-4f32-af40-b4aae5c2ebf1', '2025-10-21', 10619, '2025-11-20', 'PAID');
INSERT INTO payments (id, invoice_id, payment_date, amount, method) VALUES ('976e957a-634b-463b-97f0-260c043b638b', 'dae698d1-6f2b-4098-9105-b5a3dbe8caec', '2025-10-26', 10619.0, 'BANK_TRANSFER');
INSERT INTO orders (id, customer_id, order_date, total_amount, status) VALUES ('f7d6e179-94df-4fb9-9b7d-c43dbfb484e8', '42d4f7dc-cbed-4176-b48d-66052c3c3d1d', '2024-10-16', 23195, 'COMPLETED');
INSERT INTO invoices (id, order_id, invoice_date, amount, due_date, status) VALUES ('baf5350d-4a1e-44dd-bf12-a365e7b1b684', 'f7d6e179-94df-4fb9-9b7d-c43dbfb484e8', '2024-10-16', 23195, '2024-11-15', 'PAID');
INSERT INTO payments (id, invoice_id, payment_date, amount, method) VALUES ('86b0c722-802b-4ad8-8d8f-7c31a66a5e60', 'baf5350d-4a1e-44dd-bf12-a365e7b1b684', '2024-10-21', 23195.0, 'BANK_TRANSFER');
INSERT INTO orders (id, customer_id, order_date, total_amount, status) VALUES ('f2ddc482-916a-44d7-a247-7724b1dff5d2', '42d4f7dc-cbed-4176-b48d-66052c3c3d1d', '2025-07-19', 19418, 'COMPLETED');
INSERT INTO invoices (id, order_id, invoice_date, amount, due_date, status) VALUES ('85a471a3-333a-4a26-ac42-805314603802', 'f2ddc482-916a-44d7-a247-7724b1dff5d2', '2025-07-19', 19418, '2025-08-18', 'PAID');
INSERT INTO payments (id, invoice_id, payment_date, amount, method) VALUES ('ee245f53-4f3a-437b-8b81-3003d01a1b6b', '85a471a3-333a-4a26-ac42-805314603802', '2025-07-24', 9709.0, 'BANK_TRANSFER');
INSERT INTO payments (id, invoice_id, payment_date, amount, method) VALUES ('e888fa0c-92ac-4b8c-8cda-e9cecbed73a0', '85a471a3-333a-4a26-ac42-805314603802', '2025-07-24', 9709.0, 'BANK_TRANSFER');
INSERT INTO orders (id, customer_id, order_date, total_amount, status) VALUES ('d68a371d-bfba-4204-939e-4c0b0b337ed1', '897fb609-c1ca-4fa1-810c-83419928ed76', '2025-10-13', 7089, 'COMPLETED');
INSERT INTO invoices (id, order_id, invoice_date, amount, due_date, status) VALUES ('2c502b1e-89a2-4063-825b-8a5536af7b90', 'd68a371d-bfba-4204-939e-4c0b0b337ed1', '2025-10-13', 7089, '2025-11-12', 'PAID');
INSERT INTO payments (id, invoice_id, payment_date, amount, method) VALUES ('6135004b-b587-4f66-b6b4-07ef65d00934', '2c502b1e-89a2-4063-825b-8a5536af7b90', '2025-10-18', 3544.5, 'BANK_TRANSFER');
INSERT INTO payments (id, invoice_id, payment_date, amount, method) VALUES ('7e7b9b4b-9280-442e-977f-c82f2eb3deb8', '2c502b1e-89a2-4063-825b-8a5536af7b90', '2025-10-18', 3544.5, 'BANK_TRANSFER');
INSERT INTO orders (id, customer_id, order_date, total_amount, status) VALUES ('66cc19b2-0067-4b00-bff9-1ca1413eba98', '897fb609-c1ca-4fa1-810c-83419928ed76', '2025-10-30', 24310, 'COMPLETED');
INSERT INTO invoices (id, order_id, invoice_date, amount, due_date, status) VALUES ('b59c58cc-dc4d-4f3d-b769-8df8765a1296', '66cc19b2-0067-4b00-bff9-1ca1413eba98', '2025-10-30', 24310, '2025-11-29', 'PAID');
INSERT INTO payments (id, invoice_id, payment_date, amount, method) VALUES ('218fae2d-44b9-430a-b3c4-f6933d5a47b8', 'b59c58cc-dc4d-4f3d-b769-8df8765a1296', '2025-11-04', 12155.0, 'BANK_TRANSFER');
INSERT INTO payments (id, invoice_id, payment_date, amount, method) VALUES ('ff67c440-be29-4410-ab51-df053c59fc6f', 'b59c58cc-dc4d-4f3d-b769-8df8765a1296', '2025-11-04', 12155.0, 'BANK_TRANSFER');
INSERT INTO orders (id, customer_id, order_date, total_amount, status) VALUES ('02429f31-442e-415d-85af-36979c7bc183', '897fb609-c1ca-4fa1-810c-83419928ed76', '2025-01-14', 9893, 'COMPLETED');
INSERT INTO invoices (id, order_id, invoice_date, amount, due_date, status) VALUES ('b30d4bed-5ffc-4864-bb9b-1234c3991818', '02429f31-442e-415d-85af-36979c7bc183', '2025-01-14', 9893, '2025-02-13', 'PAID');
INSERT INTO payments (id, invoice_id, payment_date, amount, method) VALUES ('29531eba-9b80-472e-ba1d-c7552704b7de', 'b30d4bed-5ffc-4864-bb9b-1234c3991818', '2025-01-19', 4946.5, 'BANK_TRANSFER');
INSERT INTO payments (id, invoice_id, payment_date, amount, method) VALUES ('b9b1b55c-098a-4fa8-8e67-4a10816708d8', 'b30d4bed-5ffc-4864-bb9b-1234c3991818', '2025-01-19', 4946.5, 'BANK_TRANSFER');
INSERT INTO orders (id, customer_id, order_date, total_amount, status) VALUES ('63f09282-1122-4d99-baa6-8730f15fcd81', '897fb609-c1ca-4fa1-810c-83419928ed76', '2024-06-05', 2084, 'COMPLETED');
INSERT INTO invoices (id, order_id, invoice_date, amount, due_date, status) VALUES ('d1d8bf6e-97f0-4179-9652-fe9bbf182d3d', '63f09282-1122-4d99-baa6-8730f15fcd81', '2024-06-05', 2084, '2024-07-05', 'PAID');
INSERT INTO payments (id, invoice_id, payment_date, amount, method) VALUES ('d9fc99cc-cde8-486e-85b6-9034f84bb861', 'd1d8bf6e-97f0-4179-9652-fe9bbf182d3d', '2024-06-10', 1042.0, 'BANK_TRANSFER');
INSERT INTO payments (id, invoice_id, payment_date, amount, method) VALUES ('09b763bc-3b01-4bd4-a94a-c64d01f62be8', 'd1d8bf6e-97f0-4179-9652-fe9bbf182d3d', '2024-06-10', 1042.0, 'BANK_TRANSFER');
INSERT INTO orders (id, customer_id, order_date, total_amount, status) VALUES ('861593e5-1a47-4125-9379-1371e04dea09', '897fb609-c1ca-4fa1-810c-83419928ed76', '2025-02-13', 7628, 'COMPLETED');
INSERT INTO invoices (id, order_id, invoice_date, amount, due_date, status) VALUES ('8c6000f3-02d1-471f-9fd8-e2d07c00c932', '861593e5-1a47-4125-9379-1371e04dea09', '2025-02-13', 7628, '2025-03-15', 'PAID');
INSERT INTO payments (id, invoice_id, payment_date, amount, method) VALUES ('03dc6cd7-3f98-43e0-abb1-a7d69f0d9641', '8c6000f3-02d1-471f-9fd8-e2d07c00c932', '2025-02-18', 7628.0, 'BANK_TRANSFER');
INSERT INTO orders (id, customer_id, order_date, total_amount, status) VALUES ('8b36a4de-653a-43d0-963e-2a8c9b238c20', '897fb609-c1ca-4fa1-810c-83419928ed76', '2025-07-21', 15408, 'COMPLETED');
INSERT INTO invoices (id, order_id, invoice_date, amount, due_date, status) VALUES ('e9241126-a74a-4d4b-b2a6-55f3068c5e8c', '8b36a4de-653a-43d0-963e-2a8c9b238c20', '2025-07-21', 15408, '2025-08-20', 'PAID');
INSERT INTO payments (id, invoice_id, payment_date, amount, method) VALUES ('a53f2ea7-6e0f-43d8-a37d-cad769d723b3', 'e9241126-a74a-4d4b-b2a6-55f3068c5e8c', '2025-07-26', 15408.0, 'BANK_TRANSFER');
INSERT INTO orders (id, customer_id, order_date, total_amount, status) VALUES ('8026e856-6656-45bd-821b-f0ccdf0a3340', '897fb609-c1ca-4fa1-810c-83419928ed76', '2024-04-23', 13179, 'COMPLETED');
INSERT INTO invoices (id, order_id, invoice_date, amount, due_date, status) VALUES ('ae58b602-c363-4102-927d-213e7b545a1f', '8026e856-6656-45bd-821b-f0ccdf0a3340', '2024-04-23', 13179, '2024-05-23', 'PAID');
INSERT INTO payments (id, invoice_id, payment_date, amount, method) VALUES ('1a3b72c0-6cd6-4c9f-8024-cd24a8ef65be', 'ae58b602-c363-4102-927d-213e7b545a1f', '2024-04-28', 6589.5, 'BANK_TRANSFER');
INSERT INTO payments (id, invoice_id, payment_date, amount, method) VALUES ('9378583a-9050-44c3-8035-b76ed7165ff6', 'ae58b602-c363-4102-927d-213e7b545a1f', '2024-04-28', 6589.5, 'BANK_TRANSFER');
INSERT INTO orders (id, customer_id, order_date, total_amount, status) VALUES ('0ee828c7-b047-44f8-9520-1f38e54c4c80', '47ab8231-c5c9-44c7-abd7-4829983f7437', '2024-02-09', 11319, 'COMPLETED');
INSERT INTO invoices (id, order_id, invoice_date, amount, due_date, status) VALUES ('f6d9ced6-149d-460b-ab95-36c7c507072a', '0ee828c7-b047-44f8-9520-1f38e54c4c80', '2024-02-09', 11319, '2024-03-10', 'PAID');
INSERT INTO payments (id, invoice_id, payment_date, amount, method) VALUES ('8dcf20bb-3f95-47ed-983f-c3c1261739a0', 'f6d9ced6-149d-460b-ab95-36c7c507072a', '2024-02-14', 5659.5, 'BANK_TRANSFER');
INSERT INTO payments (id, invoice_id, payment_date, amount, method) VALUES ('b06d71ed-0939-41ea-9e32-f5f7cf911c1e', 'f6d9ced6-149d-460b-ab95-36c7c507072a', '2024-02-14', 5659.5, 'BANK_TRANSFER');
INSERT INTO orders (id, customer_id, order_date, total_amount, status) VALUES ('d98687b2-fc22-4af6-a420-35813b3401ef', '47ab8231-c5c9-44c7-abd7-4829983f7437', '2025-10-27', 2063, 'COMPLETED');
INSERT INTO invoices (id, order_id, invoice_date, amount, due_date, status) VALUES ('98649f06-79e3-48c2-bd66-a272485dcae3', 'd98687b2-fc22-4af6-a420-35813b3401ef', '2025-10-27', 2063, '2025-11-26', 'PAID');
INSERT INTO payments (id, invoice_id, payment_date, amount, method) VALUES ('cbf9bbd2-c522-4ee3-b2ca-3d35ec029c00', '98649f06-79e3-48c2-bd66-a272485dcae3', '2025-11-01', 1031.5, 'BANK_TRANSFER');
INSERT INTO payments (id, invoice_id, payment_date, amount, method) VALUES ('421cf0d7-f491-4b20-a8a4-316589b7524d', '98649f06-79e3-48c2-bd66-a272485dcae3', '2025-11-01', 1031.5, 'BANK_TRANSFER');
INSERT INTO orders (id, customer_id, order_date, total_amount, status) VALUES ('ae65d565-78f4-40e8-88eb-41349fc595d8', '47ab8231-c5c9-44c7-abd7-4829983f7437', '2024-10-17', 10773, 'COMPLETED');
INSERT INTO invoices (id, order_id, invoice_date, amount, due_date, status) VALUES ('f7604f86-7298-44f4-a183-813910f813ae', 'ae65d565-78f4-40e8-88eb-41349fc595d8', '2024-10-17', 10773, '2024-11-16', 'PAID');
INSERT INTO payments (id, invoice_id, payment_date, amount, method) VALUES ('b538f7a3-479b-46e5-a15c-5a24412368ad', 'f7604f86-7298-44f4-a183-813910f813ae', '2024-10-22', 5386.5, 'BANK_TRANSFER');
INSERT INTO payments (id, invoice_id, payment_date, amount, method) VALUES ('1971079c-8aad-4aba-af1a-eefb1dade6be', 'f7604f86-7298-44f4-a183-813910f813ae', '2024-10-22', 5386.5, 'BANK_TRANSFER');
INSERT INTO orders (id, customer_id, order_date, total_amount, status) VALUES ('02eaaab4-423f-46a1-add4-9960951f0b6c', '47ab8231-c5c9-44c7-abd7-4829983f7437', '2025-10-03', 2013, 'COMPLETED');
INSERT INTO invoices (id, order_id, invoice_date, amount, due_date, status) VALUES ('2cd816e3-c148-499c-94d6-f213f2386a09', '02eaaab4-423f-46a1-add4-9960951f0b6c', '2025-10-03', 2013, '2025-11-02', 'PAID');
INSERT INTO payments (id, invoice_id, payment_date, amount, method) VALUES ('2d0a78e8-8475-4f86-9209-1416fbd6ef6a', '2cd816e3-c148-499c-94d6-f213f2386a09', '2025-10-08', 1006.5, 'BANK_TRANSFER');
INSERT INTO payments (id, invoice_id, payment_date, amount, method) VALUES ('ecc56e55-7f09-4c56-b7d1-7c6d55cdde3d', '2cd816e3-c148-499c-94d6-f213f2386a09', '2025-10-08', 1006.5, 'BANK_TRANSFER');
INSERT INTO orders (id, customer_id, order_date, total_amount, status) VALUES ('1ee5fb48-d55b-4fd6-ac13-196caa79f46e', '83d21c80-a876-4fbe-8575-82ec9f3e9437', '2025-10-01', 5586, 'COMPLETED');
INSERT INTO invoices (id, order_id, invoice_date, amount, due_date, status) VALUES ('86ee7030-8605-4ae5-bfbf-42c76351c1b2', '1ee5fb48-d55b-4fd6-ac13-196caa79f46e', '2025-10-01', 5586, '2025-10-31', 'PAID');
INSERT INTO payments (id, invoice_id, payment_date, amount, method) VALUES ('669b7591-4dab-416c-a3bb-cd7dfdaadd64', '86ee7030-8605-4ae5-bfbf-42c76351c1b2', '2025-10-06', 2793.0, 'BANK_TRANSFER');
INSERT INTO payments (id, invoice_id, payment_date, amount, method) VALUES ('e54fd79d-3448-465c-967e-90ae573effd6', '86ee7030-8605-4ae5-bfbf-42c76351c1b2', '2025-10-06', 2793.0, 'BANK_TRANSFER');
INSERT INTO orders (id, customer_id, order_date, total_amount, status) VALUES ('33d8413f-5eb1-48b6-b126-f7bd7d4055f4', '83d21c80-a876-4fbe-8575-82ec9f3e9437', '2025-11-17', 21980, 'COMPLETED');
INSERT INTO invoices (id, order_id, invoice_date, amount, due_date, status) VALUES ('7c4edf80-fde3-48f6-a21c-6a4f0f99f8f2', '33d8413f-5eb1-48b6-b126-f7bd7d4055f4', '2025-11-17', 21980, '2025-12-17', 'PAID');
INSERT INTO payments (id, invoice_id, payment_date, amount, method) VALUES ('88fe5f9e-cc48-4252-b287-e5f785786993', '7c4edf80-fde3-48f6-a21c-6a4f0f99f8f2', '2025-11-22', 21980.0, 'BANK_TRANSFER');
INSERT INTO orders (id, customer_id, order_date, total_amount, status) VALUES ('d6c92bc3-ce09-41cb-b60a-1e003e64f309', '83d21c80-a876-4fbe-8575-82ec9f3e9437', '2025-06-26', 8253, 'COMPLETED');
INSERT INTO invoices (id, order_id, invoice_date, amount, due_date, status) VALUES ('fcbc48af-c17d-43c0-80d0-c9d99e6979d3', 'd6c92bc3-ce09-41cb-b60a-1e003e64f309', '2025-06-26', 8253, '2025-07-26', 'PAID');
INSERT INTO payments (id, invoice_id, payment_date, amount, method) VALUES ('67e53619-50d8-4e7a-a037-a5956a034130', 'fcbc48af-c17d-43c0-80d0-c9d99e6979d3', '2025-07-01', 4126.5, 'BANK_TRANSFER');
INSERT INTO payments (id, invoice_id, payment_date, amount, method) VALUES ('ad0ee04f-4e63-48ba-9666-deff4c1b43d3', 'fcbc48af-c17d-43c0-80d0-c9d99e6979d3', '2025-07-01', 4126.5, 'BANK_TRANSFER');
INSERT INTO orders (id, customer_id, order_date, total_amount, status) VALUES ('094178fd-6196-415f-be89-e578003f6ace', '83d21c80-a876-4fbe-8575-82ec9f3e9437', '2025-05-08', 20477, 'COMPLETED');
INSERT INTO invoices (id, order_id, invoice_date, amount, due_date, status) VALUES ('a514cf2c-a56d-4598-ba0d-a2fa2f4068fd', '094178fd-6196-415f-be89-e578003f6ace', '2025-05-08', 20477, '2025-06-07', 'PAID');
INSERT INTO payments (id, invoice_id, payment_date, amount, method) VALUES ('6f20a721-0b30-4bde-8120-76dcafc4e467', 'a514cf2c-a56d-4598-ba0d-a2fa2f4068fd', '2025-05-13', 20477.0, 'BANK_TRANSFER');
INSERT INTO orders (id, customer_id, order_date, total_amount, status) VALUES ('6abc522c-637a-4ae7-a217-4155a16a1158', '83d21c80-a876-4fbe-8575-82ec9f3e9437', '2025-05-20', 4138, 'COMPLETED');
INSERT INTO invoices (id, order_id, invoice_date, amount, due_date, status) VALUES ('e3bd9e0b-3930-477c-9927-70a111556c82', '6abc522c-637a-4ae7-a217-4155a16a1158', '2025-05-20', 4138, '2025-06-19', 'PAID');
INSERT INTO payments (id, invoice_id, payment_date, amount, method) VALUES ('f556f973-a0a3-4ba8-8d7e-aa59368d741c', 'e3bd9e0b-3930-477c-9927-70a111556c82', '2025-05-25', 4138.0, 'BANK_TRANSFER');
INSERT INTO orders (id, customer_id, order_date, total_amount, status) VALUES ('3e46324c-b258-4248-aaa7-e92cd0daed03', '83d21c80-a876-4fbe-8575-82ec9f3e9437', '2025-08-22', 8627, 'COMPLETED');
INSERT INTO invoices (id, order_id, invoice_date, amount, due_date, status) VALUES ('831f7a89-d7bf-4b7d-a35a-3b294b6ded51', '3e46324c-b258-4248-aaa7-e92cd0daed03', '2025-08-22', 8627, '2025-09-21', 'PAID');
INSERT INTO payments (id, invoice_id, payment_date, amount, method) VALUES ('d8dd452a-7abd-40ed-8e35-2476f48f45cc', '831f7a89-d7bf-4b7d-a35a-3b294b6ded51', '2025-08-27', 8627.0, 'BANK_TRANSFER');
INSERT INTO orders (id, customer_id, order_date, total_amount, status) VALUES ('4e29b914-5a99-4232-a39f-d5f2f68c5df8', 'e8553fca-2e5e-4ce2-84e6-0f8fbf0d69ba', '2025-03-08', 3707, 'COMPLETED');
INSERT INTO invoices (id, order_id, invoice_date, amount, due_date, status) VALUES ('5bf2999b-e8cc-41b6-8985-7d15e95873bc', '4e29b914-5a99-4232-a39f-d5f2f68c5df8', '2025-03-08', 3707, '2025-04-07', 'PAID');
INSERT INTO payments (id, invoice_id, payment_date, amount, method) VALUES ('48f37907-06e8-43ca-9399-2039915c7ddb', '5bf2999b-e8cc-41b6-8985-7d15e95873bc', '2025-03-13', 1853.5, 'BANK_TRANSFER');
INSERT INTO payments (id, invoice_id, payment_date, amount, method) VALUES ('6903f522-181d-4c5e-995c-8c8be2ca676e', '5bf2999b-e8cc-41b6-8985-7d15e95873bc', '2025-03-13', 1853.5, 'BANK_TRANSFER');
INSERT INTO orders (id, customer_id, order_date, total_amount, status) VALUES ('dfc523ed-7515-44b0-9cfe-beafdd0e4d31', 'e8553fca-2e5e-4ce2-84e6-0f8fbf0d69ba', '2025-09-15', 13676, 'COMPLETED');
INSERT INTO invoices (id, order_id, invoice_date, amount, due_date, status) VALUES ('51fcf51d-7a63-47c3-ae69-2d06af70a3f7', 'dfc523ed-7515-44b0-9cfe-beafdd0e4d31', '2025-09-15', 13676, '2025-10-15', 'PAID');
INSERT INTO payments (id, invoice_id, payment_date, amount, method) VALUES ('8283bc32-14dd-48b4-93bd-79d603e6905a', '51fcf51d-7a63-47c3-ae69-2d06af70a3f7', '2025-09-20', 6838.0, 'BANK_TRANSFER');
INSERT INTO payments (id, invoice_id, payment_date, amount, method) VALUES ('ff3ff38f-6ac7-4435-92ee-502bffbe2d02', '51fcf51d-7a63-47c3-ae69-2d06af70a3f7', '2025-09-20', 6838.0, 'BANK_TRANSFER');
INSERT INTO orders (id, customer_id, order_date, total_amount, status) VALUES ('9df0f832-22fc-4f5e-8963-a3aa2dd4a87f', 'e8553fca-2e5e-4ce2-84e6-0f8fbf0d69ba', '2025-02-03', 4079, 'COMPLETED');
INSERT INTO invoices (id, order_id, invoice_date, amount, due_date, status) VALUES ('26866489-d1aa-4808-9019-964d490965d0', '9df0f832-22fc-4f5e-8963-a3aa2dd4a87f', '2025-02-03', 4079, '2025-03-05', 'PAID');
INSERT INTO payments (id, invoice_id, payment_date, amount, method) VALUES ('65c6dd4a-3d87-4e84-8b86-93b96687efe8', '26866489-d1aa-4808-9019-964d490965d0', '2025-02-08', 2039.5, 'BANK_TRANSFER');
INSERT INTO payments (id, invoice_id, payment_date, amount, method) VALUES ('8d9453eb-e6b6-4a14-868e-e036ba62d581', '26866489-d1aa-4808-9019-964d490965d0', '2025-02-08', 2039.5, 'BANK_TRANSFER');
INSERT INTO orders (id, customer_id, order_date, total_amount, status) VALUES ('c8f8cd96-000c-40f2-b7f9-0cffec5d0322', 'e8553fca-2e5e-4ce2-84e6-0f8fbf0d69ba', '2025-01-31', 21429, 'COMPLETED');
INSERT INTO invoices (id, order_id, invoice_date, amount, due_date, status) VALUES ('e7f4e76e-ab11-4f6a-95e4-a479743872af', 'c8f8cd96-000c-40f2-b7f9-0cffec5d0322', '2025-01-31', 21429, '2025-03-02', 'PAID');
INSERT INTO payments (id, invoice_id, payment_date, amount, method) VALUES ('d3768fd0-8c50-414a-91f1-2ba3821da13f', 'e7f4e76e-ab11-4f6a-95e4-a479743872af', '2025-02-05', 10714.5, 'BANK_TRANSFER');
INSERT INTO payments (id, invoice_id, payment_date, amount, method) VALUES ('e11793d8-9752-4fa9-9705-0ea02848f8b5', 'e7f4e76e-ab11-4f6a-95e4-a479743872af', '2025-02-05', 10714.5, 'BANK_TRANSFER');
INSERT INTO orders (id, customer_id, order_date, total_amount, status) VALUES ('903e27cd-616d-4839-981b-fe9b9ac5bd1d', 'e8553fca-2e5e-4ce2-84e6-0f8fbf0d69ba', '2024-11-24', 16626, 'COMPLETED');
INSERT INTO invoices (id, order_id, invoice_date, amount, due_date, status) VALUES ('09420b46-ef15-4a14-8946-344ea506baaf', '903e27cd-616d-4839-981b-fe9b9ac5bd1d', '2024-11-24', 16626, '2024-12-24', 'PAID');
INSERT INTO payments (id, invoice_id, payment_date, amount, method) VALUES ('4e4d24b7-e4e2-4d50-aa79-f3b3ad5cf405', '09420b46-ef15-4a14-8946-344ea506baaf', '2024-11-29', 16626.0, 'BANK_TRANSFER');
INSERT INTO orders (id, customer_id, order_date, total_amount, status) VALUES ('5719f4c1-49b3-47c2-977c-07547c1cf76b', 'e8553fca-2e5e-4ce2-84e6-0f8fbf0d69ba', '2025-09-09', 20763, 'COMPLETED');
INSERT INTO invoices (id, order_id, invoice_date, amount, due_date, status) VALUES ('a62348d7-8602-402c-bcf2-6b82a56fa3b9', '5719f4c1-49b3-47c2-977c-07547c1cf76b', '2025-09-09', 20763, '2025-10-09', 'PAID');
INSERT INTO payments (id, invoice_id, payment_date, amount, method) VALUES ('7edbeacd-9fe1-460c-a3fc-ae13222da0c0', 'a62348d7-8602-402c-bcf2-6b82a56fa3b9', '2025-09-14', 20763.0, 'BANK_TRANSFER');
INSERT INTO orders (id, customer_id, order_date, total_amount, status) VALUES ('af3a4c4a-7a43-4e3a-9424-376cac2fb678', 'e8553fca-2e5e-4ce2-84e6-0f8fbf0d69ba', '2025-10-29', 4733, 'COMPLETED');
INSERT INTO invoices (id, order_id, invoice_date, amount, due_date, status) VALUES ('4e8384da-cd37-4781-bc38-ebce448eeec5', 'af3a4c4a-7a43-4e3a-9424-376cac2fb678', '2025-10-29', 4733, '2025-11-28', 'PAID');
INSERT INTO payments (id, invoice_id, payment_date, amount, method) VALUES ('64716f03-f43d-4dd3-8f18-6a6d9f9f416e', '4e8384da-cd37-4781-bc38-ebce448eeec5', '2025-11-03', 4733.0, 'BANK_TRANSFER');
INSERT INTO orders (id, customer_id, order_date, total_amount, status) VALUES ('e420944d-dc08-45d7-9fd3-b7ab3d9d1686', 'e8553fca-2e5e-4ce2-84e6-0f8fbf0d69ba', '2025-01-05', 12930, 'COMPLETED');
INSERT INTO invoices (id, order_id, invoice_date, amount, due_date, status) VALUES ('e2e0b29a-a3b6-403b-990a-6da980af5629', 'e420944d-dc08-45d7-9fd3-b7ab3d9d1686', '2025-01-05', 12930, '2025-02-04', 'PAID');
INSERT INTO payments (id, invoice_id, payment_date, amount, method) VALUES ('c22b413c-1a3b-479d-8060-34c74dea9579', 'e2e0b29a-a3b6-403b-990a-6da980af5629', '2025-01-10', 6465.0, 'BANK_TRANSFER');
INSERT INTO payments (id, invoice_id, payment_date, amount, method) VALUES ('0b12456d-5721-4a7d-9cd5-5f9124df882a', 'e2e0b29a-a3b6-403b-990a-6da980af5629', '2025-01-10', 6465.0, 'BANK_TRANSFER');
INSERT INTO orders (id, customer_id, order_date, total_amount, status) VALUES ('147e66d8-58a6-4a7b-a171-2650588aa26d', 'e8285747-afdb-4524-ae18-44ec517d2a0c', '2024-12-06', 21415, 'COMPLETED');
INSERT INTO invoices (id, order_id, invoice_date, amount, due_date, status) VALUES ('09ff8742-5517-4551-8ec2-1cb0b9df1963', '147e66d8-58a6-4a7b-a171-2650588aa26d', '2024-12-06', 21415, '2025-01-05', 'PAID');
INSERT INTO payments (id, invoice_id, payment_date, amount, method) VALUES ('c914fcf3-bbe5-49f1-abe3-323369144d87', '09ff8742-5517-4551-8ec2-1cb0b9df1963', '2024-12-11', 21415.0, 'BANK_TRANSFER');
INSERT INTO orders (id, customer_id, order_date, total_amount, status) VALUES ('b762e35e-ac12-4cb9-a958-0ca3a44da56a', 'e8285747-afdb-4524-ae18-44ec517d2a0c', '2024-02-12', 20859, 'COMPLETED');
INSERT INTO invoices (id, order_id, invoice_date, amount, due_date, status) VALUES ('2b78baaa-6f98-4a52-948c-99dcaa5b3051', 'b762e35e-ac12-4cb9-a958-0ca3a44da56a', '2024-02-12', 20859, '2024-03-13', 'PAID');
INSERT INTO payments (id, invoice_id, payment_date, amount, method) VALUES ('bfc3085d-732b-4741-9b9c-cd36667dc49d', '2b78baaa-6f98-4a52-948c-99dcaa5b3051', '2024-02-17', 10429.5, 'BANK_TRANSFER');
INSERT INTO payments (id, invoice_id, payment_date, amount, method) VALUES ('fa460000-465e-430d-905e-804f262971c1', '2b78baaa-6f98-4a52-948c-99dcaa5b3051', '2024-02-17', 10429.5, 'BANK_TRANSFER');
INSERT INTO orders (id, customer_id, order_date, total_amount, status) VALUES ('8f311b9c-cef1-4a4f-af10-ee462504887c', 'e8285747-afdb-4524-ae18-44ec517d2a0c', '2025-11-18', 14483, 'COMPLETED');
INSERT INTO invoices (id, order_id, invoice_date, amount, due_date, status) VALUES ('729d4783-221d-4cf5-802e-b8edb3a804e6', '8f311b9c-cef1-4a4f-af10-ee462504887c', '2025-11-18', 14483, '2025-12-18', 'PAID');
INSERT INTO payments (id, invoice_id, payment_date, amount, method) VALUES ('6a51b3bc-1298-4fed-ae24-436c9140eefa', '729d4783-221d-4cf5-802e-b8edb3a804e6', '2025-11-23', 7241.5, 'BANK_TRANSFER');
INSERT INTO payments (id, invoice_id, payment_date, amount, method) VALUES ('93e777b0-70fe-493b-a349-2dc9f29d05a5', '729d4783-221d-4cf5-802e-b8edb3a804e6', '2025-11-23', 7241.5, 'BANK_TRANSFER');
INSERT INTO orders (id, customer_id, order_date, total_amount, status) VALUES ('3c7594f0-9aff-4e70-9949-1ef98b93187b', 'e8285747-afdb-4524-ae18-44ec517d2a0c', '2024-03-06', 17290, 'COMPLETED');
INSERT INTO invoices (id, order_id, invoice_date, amount, due_date, status) VALUES ('ccc39fb6-7903-4cd0-ad45-dc0d3a954a7f', '3c7594f0-9aff-4e70-9949-1ef98b93187b', '2024-03-06', 17290, '2024-04-05', 'PAID');
INSERT INTO payments (id, invoice_id, payment_date, amount, method) VALUES ('a6ca6db5-a70f-450a-9d8e-998a0e18b3b3', 'ccc39fb6-7903-4cd0-ad45-dc0d3a954a7f', '2024-03-11', 8645.0, 'BANK_TRANSFER');
INSERT INTO payments (id, invoice_id, payment_date, amount, method) VALUES ('5d6553c2-cf7e-4612-9dfb-e9d2de1c954a', 'ccc39fb6-7903-4cd0-ad45-dc0d3a954a7f', '2024-03-11', 8645.0, 'BANK_TRANSFER');
INSERT INTO orders (id, customer_id, order_date, total_amount, status) VALUES ('db2555f2-0d45-4710-9954-cb00d127e314', 'e8285747-afdb-4524-ae18-44ec517d2a0c', '2024-05-29', 23444, 'COMPLETED');
INSERT INTO invoices (id, order_id, invoice_date, amount, due_date, status) VALUES ('3f358d28-fbe7-4735-8b20-e7b120282ebd', 'db2555f2-0d45-4710-9954-cb00d127e314', '2024-05-29', 23444, '2024-06-28', 'PAID');
INSERT INTO payments (id, invoice_id, payment_date, amount, method) VALUES ('81b10696-5fa0-422c-8fc5-6197ece75fb3', '3f358d28-fbe7-4735-8b20-e7b120282ebd', '2024-06-03', 23444.0, 'BANK_TRANSFER');
INSERT INTO orders (id, customer_id, order_date, total_amount, status) VALUES ('7ffe36bd-c441-47a9-9928-2a5b9e0f0d86', '3664dd32-5506-4b37-be24-6ccf5605d141', '2025-04-28', 9815, 'COMPLETED');
INSERT INTO invoices (id, order_id, invoice_date, amount, due_date, status) VALUES ('124b57a5-8773-4fe0-8a31-1552c5f04e0b', '7ffe36bd-c441-47a9-9928-2a5b9e0f0d86', '2025-04-28', 9815, '2025-05-28', 'PAID');
INSERT INTO payments (id, invoice_id, payment_date, amount, method) VALUES ('83535ee9-2743-4e64-a882-45b26224b5e9', '124b57a5-8773-4fe0-8a31-1552c5f04e0b', '2025-05-03', 4907.5, 'BANK_TRANSFER');
INSERT INTO payments (id, invoice_id, payment_date, amount, method) VALUES ('b3fc3140-a1b5-4c89-9cd3-90f25d0705ba', '124b57a5-8773-4fe0-8a31-1552c5f04e0b', '2025-05-03', 4907.5, 'BANK_TRANSFER');
INSERT INTO orders (id, customer_id, order_date, total_amount, status) VALUES ('a5623397-1179-46ee-ac3d-56e8d057e30a', '3664dd32-5506-4b37-be24-6ccf5605d141', '2024-10-01', 24193, 'COMPLETED');
INSERT INTO invoices (id, order_id, invoice_date, amount, due_date, status) VALUES ('1d3d66fa-12d5-46a4-93d3-667ada5727e6', 'a5623397-1179-46ee-ac3d-56e8d057e30a', '2024-10-01', 24193, '2024-10-31', 'PAID');
INSERT INTO payments (id, invoice_id, payment_date, amount, method) VALUES ('32f4fbae-0cb5-44b6-be56-546ec4af6e25', '1d3d66fa-12d5-46a4-93d3-667ada5727e6', '2024-10-06', 12096.5, 'BANK_TRANSFER');
INSERT INTO payments (id, invoice_id, payment_date, amount, method) VALUES ('2df5fac6-5856-445d-b098-3c8cc2629d3e', '1d3d66fa-12d5-46a4-93d3-667ada5727e6', '2024-10-06', 12096.5, 'BANK_TRANSFER');
INSERT INTO orders (id, customer_id, order_date, total_amount, status) VALUES ('0ecd2187-e676-4568-bd0f-1a59ca85f98c', '3664dd32-5506-4b37-be24-6ccf5605d141', '2024-04-15', 16484, 'COMPLETED');
INSERT INTO invoices (id, order_id, invoice_date, amount, due_date, status) VALUES ('67744321-b857-4c9c-96de-9b7565a10e68', '0ecd2187-e676-4568-bd0f-1a59ca85f98c', '2024-04-15', 16484, '2024-05-15', 'PAID');
INSERT INTO payments (id, invoice_id, payment_date, amount, method) VALUES ('b4d876d0-febd-40ba-880e-0c20d037e71e', '67744321-b857-4c9c-96de-9b7565a10e68', '2024-04-20', 8242.0, 'BANK_TRANSFER');
INSERT INTO payments (id, invoice_id, payment_date, amount, method) VALUES ('b1e1d975-df75-43e8-953e-d845bbc4ac11', '67744321-b857-4c9c-96de-9b7565a10e68', '2024-04-20', 8242.0, 'BANK_TRANSFER');
INSERT INTO orders (id, customer_id, order_date, total_amount, status) VALUES ('94b2684c-d1d7-4e64-b36f-c39489983d78', '3664dd32-5506-4b37-be24-6ccf5605d141', '2024-08-27', 22835, 'COMPLETED');
INSERT INTO invoices (id, order_id, invoice_date, amount, due_date, status) VALUES ('73041354-67a0-426f-94cf-156fbaabbf7c', '94b2684c-d1d7-4e64-b36f-c39489983d78', '2024-08-27', 22835, '2024-09-26', 'PAID');
INSERT INTO payments (id, invoice_id, payment_date, amount, method) VALUES ('acbef485-80e6-45c6-b9af-06ed2569c904', '73041354-67a0-426f-94cf-156fbaabbf7c', '2024-09-01', 22835.0, 'BANK_TRANSFER');
INSERT INTO orders (id, customer_id, order_date, total_amount, status) VALUES ('c168ce09-add2-4371-8198-1cec959d08cf', '288d1c8a-83f7-4885-8735-acd557e7a59d', '2025-07-15', 2304, 'COMPLETED');
INSERT INTO invoices (id, order_id, invoice_date, amount, due_date, status) VALUES ('13d041f1-45c8-482e-bc3c-2ee03515bd56', 'c168ce09-add2-4371-8198-1cec959d08cf', '2025-07-15', 2304, '2025-08-14', 'PAID');
INSERT INTO payments (id, invoice_id, payment_date, amount, method) VALUES ('dd150875-1ede-4fc9-81a2-9b9b7d1610ea', '13d041f1-45c8-482e-bc3c-2ee03515bd56', '2025-07-20', 1152.0, 'BANK_TRANSFER');
INSERT INTO payments (id, invoice_id, payment_date, amount, method) VALUES ('9ec29033-5a40-420a-8e0a-8e2428daff05', '13d041f1-45c8-482e-bc3c-2ee03515bd56', '2025-07-20', 1152.0, 'BANK_TRANSFER');
INSERT INTO orders (id, customer_id, order_date, total_amount, status) VALUES ('2251f4c1-d72c-422f-a264-198f4498e00b', '288d1c8a-83f7-4885-8735-acd557e7a59d', '2025-11-27', 11053, 'COMPLETED');
INSERT INTO invoices (id, order_id, invoice_date, amount, due_date, status) VALUES ('95fa0902-7e21-41f4-8fd9-8627a87c050b', '2251f4c1-d72c-422f-a264-198f4498e00b', '2025-11-27', 11053, '2025-12-27', 'PAID');
INSERT INTO payments (id, invoice_id, payment_date, amount, method) VALUES ('3453fcb3-2ff9-4644-ac8f-96ab9e7ef5e0', '95fa0902-7e21-41f4-8fd9-8627a87c050b', '2025-12-02', 5526.5, 'BANK_TRANSFER');
INSERT INTO payments (id, invoice_id, payment_date, amount, method) VALUES ('efcab7c5-ccf0-49bd-bb1f-362d1a6732d7', '95fa0902-7e21-41f4-8fd9-8627a87c050b', '2025-12-02', 5526.5, 'BANK_TRANSFER');
INSERT INTO orders (id, customer_id, order_date, total_amount, status) VALUES ('8d26c44f-83f8-4da2-8e16-cf283f25bea1', '288d1c8a-83f7-4885-8735-acd557e7a59d', '2025-04-01', 15590, 'COMPLETED');
INSERT INTO invoices (id, order_id, invoice_date, amount, due_date, status) VALUES ('f32657dc-f1d7-4f82-936f-d6d81a020696', '8d26c44f-83f8-4da2-8e16-cf283f25bea1', '2025-04-01', 15590, '2025-05-01', 'PAID');
INSERT INTO payments (id, invoice_id, payment_date, amount, method) VALUES ('98e77516-76c8-423b-862f-33fba840eac1', 'f32657dc-f1d7-4f82-936f-d6d81a020696', '2025-04-06', 7795.0, 'BANK_TRANSFER');
INSERT INTO payments (id, invoice_id, payment_date, amount, method) VALUES ('a68e14c5-a604-4a48-aed4-b9c578a71237', 'f32657dc-f1d7-4f82-936f-d6d81a020696', '2025-04-06', 7795.0, 'BANK_TRANSFER');
INSERT INTO orders (id, customer_id, order_date, total_amount, status) VALUES ('6cbbab9a-dd6d-454b-8bfa-656273b15a59', '288d1c8a-83f7-4885-8735-acd557e7a59d', '2025-07-27', 12495, 'COMPLETED');
INSERT INTO invoices (id, order_id, invoice_date, amount, due_date, status) VALUES ('d601d8c6-4d5f-45d5-8f10-1d8baf21405f', '6cbbab9a-dd6d-454b-8bfa-656273b15a59', '2025-07-27', 12495, '2025-08-26', 'PAID');
INSERT INTO payments (id, invoice_id, payment_date, amount, method) VALUES ('9091b20e-151a-4ccb-a6e6-4495c56cf80f', 'd601d8c6-4d5f-45d5-8f10-1d8baf21405f', '2025-08-01', 12495.0, 'BANK_TRANSFER');
INSERT INTO orders (id, customer_id, order_date, total_amount, status) VALUES ('e8d3d9ce-bcd1-4d70-9842-fe6a6957d29f', '288d1c8a-83f7-4885-8735-acd557e7a59d', '2025-11-01', 20664, 'COMPLETED');
INSERT INTO invoices (id, order_id, invoice_date, amount, due_date, status) VALUES ('c03a3c6d-d5dd-46ec-99be-1e6e08be9e52', 'e8d3d9ce-bcd1-4d70-9842-fe6a6957d29f', '2025-11-01', 20664, '2025-12-01', 'PAID');
INSERT INTO payments (id, invoice_id, payment_date, amount, method) VALUES ('1119d9dd-691b-4d92-b82d-1f12cfa77071', 'c03a3c6d-d5dd-46ec-99be-1e6e08be9e52', '2025-11-06', 10332.0, 'BANK_TRANSFER');
INSERT INTO payments (id, invoice_id, payment_date, amount, method) VALUES ('f0b41218-5015-4122-a826-9cdd87ef4e97', 'c03a3c6d-d5dd-46ec-99be-1e6e08be9e52', '2025-11-06', 10332.0, 'BANK_TRANSFER');
INSERT INTO orders (id, customer_id, order_date, total_amount, status) VALUES ('a71ffa97-2d2e-4487-8bc7-86f76a00be99', '288d1c8a-83f7-4885-8735-acd557e7a59d', '2025-03-25', 21017, 'COMPLETED');
INSERT INTO invoices (id, order_id, invoice_date, amount, due_date, status) VALUES ('6d877562-c778-408e-a940-3d27401cf031', 'a71ffa97-2d2e-4487-8bc7-86f76a00be99', '2025-03-25', 21017, '2025-04-24', 'PAID');
INSERT INTO payments (id, invoice_id, payment_date, amount, method) VALUES ('bb4b5833-eadb-4bd2-90ed-bf751da29489', '6d877562-c778-408e-a940-3d27401cf031', '2025-03-30', 10508.5, 'BANK_TRANSFER');
INSERT INTO payments (id, invoice_id, payment_date, amount, method) VALUES ('e09db1a7-2f77-4344-9eec-326309260c98', '6d877562-c778-408e-a940-3d27401cf031', '2025-03-30', 10508.5, 'BANK_TRANSFER');
INSERT INTO orders (id, customer_id, order_date, total_amount, status) VALUES ('0dfc7589-87ed-42af-a5ad-4b3609645fb9', '288d1c8a-83f7-4885-8735-acd557e7a59d', '2024-08-09', 16032, 'COMPLETED');
INSERT INTO invoices (id, order_id, invoice_date, amount, due_date, status) VALUES ('264c77f9-6733-4996-90d2-49066f2a36b8', '0dfc7589-87ed-42af-a5ad-4b3609645fb9', '2024-08-09', 16032, '2024-09-08', 'PAID');
INSERT INTO payments (id, invoice_id, payment_date, amount, method) VALUES ('1f0cfc85-940c-45df-a6ec-fc1aac642ef8', '264c77f9-6733-4996-90d2-49066f2a36b8', '2024-08-14', 8016.0, 'BANK_TRANSFER');
INSERT INTO payments (id, invoice_id, payment_date, amount, method) VALUES ('a62b22ad-4b1b-4afb-bdac-e10f4023c177', '264c77f9-6733-4996-90d2-49066f2a36b8', '2024-08-14', 8016.0, 'BANK_TRANSFER');
INSERT INTO orders (id, customer_id, order_date, total_amount, status) VALUES ('2954f055-ec66-44d0-9efc-f87847b581de', '288d1c8a-83f7-4885-8735-acd557e7a59d', '2024-06-06', 9558, 'COMPLETED');
INSERT INTO invoices (id, order_id, invoice_date, amount, due_date, status) VALUES ('0a34d2e0-237b-4acf-a9ef-e6a4e5b39414', '2954f055-ec66-44d0-9efc-f87847b581de', '2024-06-06', 9558, '2024-07-06', 'PAID');
INSERT INTO payments (id, invoice_id, payment_date, amount, method) VALUES ('dcaff7a9-f3a2-480c-bb2c-e5209d79f435', '0a34d2e0-237b-4acf-a9ef-e6a4e5b39414', '2024-06-11', 4779.0, 'BANK_TRANSFER');
INSERT INTO payments (id, invoice_id, payment_date, amount, method) VALUES ('e125074d-ded2-45e8-a2ee-ae7a60f57304', '0a34d2e0-237b-4acf-a9ef-e6a4e5b39414', '2024-06-11', 4779.0, 'BANK_TRANSFER');
INSERT INTO orders (id, customer_id, order_date, total_amount, status) VALUES ('2ed74b6a-e1fc-4855-8269-8af3cedf349b', '03ab930f-abb9-46b4-bca1-dce5adb31eae', '2024-12-05', 20464, 'COMPLETED');
INSERT INTO invoices (id, order_id, invoice_date, amount, due_date, status) VALUES ('a1108c47-0fb1-4c65-9e1a-7dd079628ca8', '2ed74b6a-e1fc-4855-8269-8af3cedf349b', '2024-12-05', 20464, '2025-01-04', 'PAID');
INSERT INTO payments (id, invoice_id, payment_date, amount, method) VALUES ('19227575-ab56-4403-a90c-10cbcdb4fdec', 'a1108c47-0fb1-4c65-9e1a-7dd079628ca8', '2024-12-10', 10232.0, 'BANK_TRANSFER');
INSERT INTO payments (id, invoice_id, payment_date, amount, method) VALUES ('dfda73a7-9f0d-4b2a-a67b-e0016cb9f7d5', 'a1108c47-0fb1-4c65-9e1a-7dd079628ca8', '2024-12-10', 10232.0, 'BANK_TRANSFER');
INSERT INTO orders (id, customer_id, order_date, total_amount, status) VALUES ('1cf3864b-73a6-45fc-9703-1c4488998990', '03ab930f-abb9-46b4-bca1-dce5adb31eae', '2024-03-15', 24175, 'COMPLETED');
INSERT INTO invoices (id, order_id, invoice_date, amount, due_date, status) VALUES ('0219533c-3466-471b-b311-cd49dbc3c332', '1cf3864b-73a6-45fc-9703-1c4488998990', '2024-03-15', 24175, '2024-04-14', 'PAID');
INSERT INTO payments (id, invoice_id, payment_date, amount, method) VALUES ('e29a65b4-fc16-4dad-8c42-4bb0a9de2b2f', '0219533c-3466-471b-b311-cd49dbc3c332', '2024-03-20', 24175.0, 'BANK_TRANSFER');
INSERT INTO orders (id, customer_id, order_date, total_amount, status) VALUES ('15c2f559-31d1-498b-917c-b7258251634b', '03ab930f-abb9-46b4-bca1-dce5adb31eae', '2025-04-18', 4522, 'COMPLETED');
INSERT INTO invoices (id, order_id, invoice_date, amount, due_date, status) VALUES ('c4cced44-e778-4df3-b1e5-8af15c6a27df', '15c2f559-31d1-498b-917c-b7258251634b', '2025-04-18', 4522, '2025-05-18', 'PAID');
INSERT INTO payments (id, invoice_id, payment_date, amount, method) VALUES ('a688c7d9-521a-4d5d-a94b-8b88cb4d726a', 'c4cced44-e778-4df3-b1e5-8af15c6a27df', '2025-04-23', 4522.0, 'BANK_TRANSFER');
INSERT INTO orders (id, customer_id, order_date, total_amount, status) VALUES ('36df6a3d-b310-42d5-8de9-2c26d363a327', '03ab930f-abb9-46b4-bca1-dce5adb31eae', '2025-11-01', 6749, 'COMPLETED');
INSERT INTO invoices (id, order_id, invoice_date, amount, due_date, status) VALUES ('3d09b3b2-cc5d-479d-8b60-981438deb535', '36df6a3d-b310-42d5-8de9-2c26d363a327', '2025-11-01', 6749, '2025-12-01', 'PAID');
INSERT INTO payments (id, invoice_id, payment_date, amount, method) VALUES ('dfacc4d1-76eb-4027-abfb-d0b3d5e73aed', '3d09b3b2-cc5d-479d-8b60-981438deb535', '2025-11-06', 3374.5, 'BANK_TRANSFER');
INSERT INTO payments (id, invoice_id, payment_date, amount, method) VALUES ('9804b576-5bfc-439a-8c03-ef768699297b', '3d09b3b2-cc5d-479d-8b60-981438deb535', '2025-11-06', 3374.5, 'BANK_TRANSFER');
INSERT INTO orders (id, customer_id, order_date, total_amount, status) VALUES ('c59fc729-1539-4598-9560-d0b99fe1b235', '03ab930f-abb9-46b4-bca1-dce5adb31eae', '2025-03-21', 14454, 'COMPLETED');
INSERT INTO invoices (id, order_id, invoice_date, amount, due_date, status) VALUES ('d07b0e43-dbe8-4c4a-bb12-b8b5a470fa0e', 'c59fc729-1539-4598-9560-d0b99fe1b235', '2025-03-21', 14454, '2025-04-20', 'PAID');
INSERT INTO payments (id, invoice_id, payment_date, amount, method) VALUES ('efa646e1-a48e-4a1b-811f-dfe6a11b824a', 'd07b0e43-dbe8-4c4a-bb12-b8b5a470fa0e', '2025-03-26', 14454.0, 'BANK_TRANSFER');
INSERT INTO orders (id, customer_id, order_date, total_amount, status) VALUES ('3167c9dc-7394-4ceb-981d-139a3038daae', '03ab930f-abb9-46b4-bca1-dce5adb31eae', '2025-08-29', 21233, 'COMPLETED');
INSERT INTO invoices (id, order_id, invoice_date, amount, due_date, status) VALUES ('aefbddc2-41c5-471a-bf76-67b6f770db8b', '3167c9dc-7394-4ceb-981d-139a3038daae', '2025-08-29', 21233, '2025-09-28', 'PAID');
INSERT INTO payments (id, invoice_id, payment_date, amount, method) VALUES ('cdbf9477-3258-4cfb-9910-a6b7643359fa', 'aefbddc2-41c5-471a-bf76-67b6f770db8b', '2025-09-03', 10616.5, 'BANK_TRANSFER');
INSERT INTO payments (id, invoice_id, payment_date, amount, method) VALUES ('02634064-4610-44b2-a817-903ccafbab0a', 'aefbddc2-41c5-471a-bf76-67b6f770db8b', '2025-09-03', 10616.5, 'BANK_TRANSFER');
INSERT INTO orders (id, customer_id, order_date, total_amount, status) VALUES ('eefcf0c9-4c71-4055-8bfb-fd1ad6c755fa', '03ab930f-abb9-46b4-bca1-dce5adb31eae', '2024-05-17', 1473, 'COMPLETED');
INSERT INTO invoices (id, order_id, invoice_date, amount, due_date, status) VALUES ('74418f5c-4518-4d85-bba9-ab15ed1db587', 'eefcf0c9-4c71-4055-8bfb-fd1ad6c755fa', '2024-05-17', 1473, '2024-06-16', 'PAID');
INSERT INTO payments (id, invoice_id, payment_date, amount, method) VALUES ('c710e3ad-9e44-49d4-a022-b3f2e2067852', '74418f5c-4518-4d85-bba9-ab15ed1db587', '2024-05-22', 736.5, 'BANK_TRANSFER');
INSERT INTO payments (id, invoice_id, payment_date, amount, method) VALUES ('f1666a5e-03ed-4268-b83a-3a07d9557897', '74418f5c-4518-4d85-bba9-ab15ed1db587', '2024-05-22', 736.5, 'BANK_TRANSFER');
INSERT INTO orders (id, customer_id, order_date, total_amount, status) VALUES ('16e4f33e-515e-48b2-bae2-79615c0c0f26', '03ab930f-abb9-46b4-bca1-dce5adb31eae', '2024-05-24', 20046, 'COMPLETED');
INSERT INTO invoices (id, order_id, invoice_date, amount, due_date, status) VALUES ('be69e75e-d20e-4554-9a43-01c45ecef108', '16e4f33e-515e-48b2-bae2-79615c0c0f26', '2024-05-24', 20046, '2024-06-23', 'PAID');
INSERT INTO payments (id, invoice_id, payment_date, amount, method) VALUES ('91cbfe40-a177-454b-9488-dd2eac5c267e', 'be69e75e-d20e-4554-9a43-01c45ecef108', '2024-05-29', 20046.0, 'BANK_TRANSFER');
INSERT INTO orders (id, customer_id, order_date, total_amount, status) VALUES ('a5fdcaad-bb79-4104-bc3a-957bbc840a99', '5c0b0def-11b1-4f12-9089-b4c6b1e468d1', '2024-03-18', 24970, 'COMPLETED');
INSERT INTO invoices (id, order_id, invoice_date, amount, due_date, status) VALUES ('84e7de50-fad6-4a13-bf0b-338e8b086c19', 'a5fdcaad-bb79-4104-bc3a-957bbc840a99', '2024-03-18', 24970, '2024-04-17', 'PAID');
INSERT INTO payments (id, invoice_id, payment_date, amount, method) VALUES ('a07a9dda-6bb4-4c27-8463-baa04d6301db', '84e7de50-fad6-4a13-bf0b-338e8b086c19', '2024-03-23', 24970.0, 'BANK_TRANSFER');
INSERT INTO orders (id, customer_id, order_date, total_amount, status) VALUES ('f582a335-65e1-4c22-b3e1-1f155899d1a5', '5c0b0def-11b1-4f12-9089-b4c6b1e468d1', '2025-05-18', 24481, 'COMPLETED');
INSERT INTO invoices (id, order_id, invoice_date, amount, due_date, status) VALUES ('d700140c-f0a2-4692-a7f9-f79c489e9701', 'f582a335-65e1-4c22-b3e1-1f155899d1a5', '2025-05-18', 24481, '2025-06-17', 'PAID');
INSERT INTO payments (id, invoice_id, payment_date, amount, method) VALUES ('bb9c3335-777e-4abd-862f-e3ae5cec76f0', 'd700140c-f0a2-4692-a7f9-f79c489e9701', '2025-05-23', 12240.5, 'BANK_TRANSFER');
INSERT INTO payments (id, invoice_id, payment_date, amount, method) VALUES ('c818ec5d-1a35-4499-b275-1ace68b1adda', 'd700140c-f0a2-4692-a7f9-f79c489e9701', '2025-05-23', 12240.5, 'BANK_TRANSFER');
INSERT INTO orders (id, customer_id, order_date, total_amount, status) VALUES ('4f7c3d21-0f38-4c27-a717-20b790448711', '5c0b0def-11b1-4f12-9089-b4c6b1e468d1', '2025-11-22', 8732, 'COMPLETED');
INSERT INTO invoices (id, order_id, invoice_date, amount, due_date, status) VALUES ('17d97852-a436-4cc4-8529-6e60d98a491f', '4f7c3d21-0f38-4c27-a717-20b790448711', '2025-11-22', 8732, '2025-12-22', 'PAID');
INSERT INTO payments (id, invoice_id, payment_date, amount, method) VALUES ('9e589c1f-da5b-4bf0-8188-c53f1d516b12', '17d97852-a436-4cc4-8529-6e60d98a491f', '2025-11-27', 8732.0, 'BANK_TRANSFER');
INSERT INTO orders (id, customer_id, order_date, total_amount, status) VALUES ('f9e4c82d-15a2-44f2-9e9b-d8740af1892c', '5c0b0def-11b1-4f12-9089-b4c6b1e468d1', '2024-02-11', 23119, 'COMPLETED');
INSERT INTO invoices (id, order_id, invoice_date, amount, due_date, status) VALUES ('6ec5aee3-bf6d-4a92-9e85-20dbe1e1702f', 'f9e4c82d-15a2-44f2-9e9b-d8740af1892c', '2024-02-11', 23119, '2024-03-12', 'PAID');
INSERT INTO payments (id, invoice_id, payment_date, amount, method) VALUES ('9f16af6b-6ec9-4ae9-9828-6192779ee372', '6ec5aee3-bf6d-4a92-9e85-20dbe1e1702f', '2024-02-16', 11559.5, 'BANK_TRANSFER');
INSERT INTO payments (id, invoice_id, payment_date, amount, method) VALUES ('6dd7935b-cb16-4c1f-8ba1-481080e3e05c', '6ec5aee3-bf6d-4a92-9e85-20dbe1e1702f', '2024-02-16', 11559.5, 'BANK_TRANSFER');
INSERT INTO orders (id, customer_id, order_date, total_amount, status) VALUES ('58872aab-63ba-40e4-b8ac-01e5a160bc74', '5c0b0def-11b1-4f12-9089-b4c6b1e468d1', '2025-06-23', 19688, 'COMPLETED');
INSERT INTO invoices (id, order_id, invoice_date, amount, due_date, status) VALUES ('37073d65-49e2-4686-b452-b523ea087df8', '58872aab-63ba-40e4-b8ac-01e5a160bc74', '2025-06-23', 19688, '2025-07-23', 'PAID');
INSERT INTO payments (id, invoice_id, payment_date, amount, method) VALUES ('dfc4922c-ed01-4fd1-9a1d-e3ced3e42d1d', '37073d65-49e2-4686-b452-b523ea087df8', '2025-06-28', 19688.0, 'BANK_TRANSFER');
INSERT INTO orders (id, customer_id, order_date, total_amount, status) VALUES ('ad87ce7c-32f5-4a65-b68a-5a6f496e2880', '5c0b0def-11b1-4f12-9089-b4c6b1e468d1', '2025-09-16', 23710, 'COMPLETED');
INSERT INTO invoices (id, order_id, invoice_date, amount, due_date, status) VALUES ('74211ce1-42df-494a-93a1-8a77e1708cd3', 'ad87ce7c-32f5-4a65-b68a-5a6f496e2880', '2025-09-16', 23710, '2025-10-16', 'PAID');
INSERT INTO payments (id, invoice_id, payment_date, amount, method) VALUES ('fbe3d45c-0467-4677-848d-8053589ce127', '74211ce1-42df-494a-93a1-8a77e1708cd3', '2025-09-21', 11855.0, 'BANK_TRANSFER');
INSERT INTO payments (id, invoice_id, payment_date, amount, method) VALUES ('3275ad12-6d5c-4460-aab7-9731a402f20b', '74211ce1-42df-494a-93a1-8a77e1708cd3', '2025-09-21', 11855.0, 'BANK_TRANSFER');
INSERT INTO orders (id, customer_id, order_date, total_amount, status) VALUES ('7a0c9062-62ed-4e52-b7a2-875cac1d4e11', '5c0b0def-11b1-4f12-9089-b4c6b1e468d1', '2024-06-22', 22580, 'COMPLETED');
INSERT INTO invoices (id, order_id, invoice_date, amount, due_date, status) VALUES ('e955d83c-c9c4-4c1c-b86e-3ecae66d0f4e', '7a0c9062-62ed-4e52-b7a2-875cac1d4e11', '2024-06-22', 22580, '2024-07-22', 'PAID');
INSERT INTO payments (id, invoice_id, payment_date, amount, method) VALUES ('470f5bb4-d973-479c-893a-4d3d2776ddd3', 'e955d83c-c9c4-4c1c-b86e-3ecae66d0f4e', '2024-06-27', 11290.0, 'BANK_TRANSFER');
INSERT INTO payments (id, invoice_id, payment_date, amount, method) VALUES ('7ebdecf7-d337-4b67-b925-071580aecb2d', 'e955d83c-c9c4-4c1c-b86e-3ecae66d0f4e', '2024-06-27', 11290.0, 'BANK_TRANSFER');
INSERT INTO orders (id, customer_id, order_date, total_amount, status) VALUES ('28435107-6b6a-4f1a-84be-2155203094c6', '5c0b0def-11b1-4f12-9089-b4c6b1e468d1', '2025-01-30', 1682, 'COMPLETED');
INSERT INTO invoices (id, order_id, invoice_date, amount, due_date, status) VALUES ('10862d9c-727d-4683-8f1f-9a4b696eebf6', '28435107-6b6a-4f1a-84be-2155203094c6', '2025-01-30', 1682, '2025-03-01', 'PAID');
INSERT INTO payments (id, invoice_id, payment_date, amount, method) VALUES ('0320c663-c564-439e-8560-f003529b5e58', '10862d9c-727d-4683-8f1f-9a4b696eebf6', '2025-02-04', 1682.0, 'BANK_TRANSFER');
INSERT INTO orders (id, customer_id, order_date, total_amount, status) VALUES ('0b621312-dac8-408f-b0e8-b7643485a5ce', 'a50ad180-1a5d-4bcb-bd36-8a5cd44c0fc3', '2025-03-14', 6897, 'COMPLETED');
INSERT INTO invoices (id, order_id, invoice_date, amount, due_date, status) VALUES ('60817007-2784-4f03-877b-db41a48d2dbc', '0b621312-dac8-408f-b0e8-b7643485a5ce', '2025-03-14', 6897, '2025-04-13', 'PAID');
INSERT INTO payments (id, invoice_id, payment_date, amount, method) VALUES ('a13e3fbd-083d-4fd5-82d5-4ae417c8b91c', '60817007-2784-4f03-877b-db41a48d2dbc', '2025-03-19', 3448.5, 'BANK_TRANSFER');
INSERT INTO payments (id, invoice_id, payment_date, amount, method) VALUES ('0b5a28fc-99d4-404b-8ddd-7c0d94acf5a6', '60817007-2784-4f03-877b-db41a48d2dbc', '2025-03-19', 3448.5, 'BANK_TRANSFER');
INSERT INTO orders (id, customer_id, order_date, total_amount, status) VALUES ('58622c2b-1422-4ed6-9f07-bce6946e31ef', 'a50ad180-1a5d-4bcb-bd36-8a5cd44c0fc3', '2024-06-07', 1799, 'COMPLETED');
INSERT INTO invoices (id, order_id, invoice_date, amount, due_date, status) VALUES ('745f7350-1b2d-4438-9df7-09fd6b75c9c5', '58622c2b-1422-4ed6-9f07-bce6946e31ef', '2024-06-07', 1799, '2024-07-07', 'PAID');
INSERT INTO payments (id, invoice_id, payment_date, amount, method) VALUES ('a4542ed6-93b9-41b3-9ad3-5a0bd125e0a7', '745f7350-1b2d-4438-9df7-09fd6b75c9c5', '2024-06-12', 899.5, 'BANK_TRANSFER');
INSERT INTO payments (id, invoice_id, payment_date, amount, method) VALUES ('a4d91b06-a958-4f82-9f9e-de2072db0ec1', '745f7350-1b2d-4438-9df7-09fd6b75c9c5', '2024-06-12', 899.5, 'BANK_TRANSFER');
INSERT INTO orders (id, customer_id, order_date, total_amount, status) VALUES ('7dbf73cd-ed1b-4267-888f-c7dbab989159', 'a50ad180-1a5d-4bcb-bd36-8a5cd44c0fc3', '2025-02-11', 4212, 'COMPLETED');
INSERT INTO invoices (id, order_id, invoice_date, amount, due_date, status) VALUES ('35217fa3-5f22-4707-8b20-5112a03d2275', '7dbf73cd-ed1b-4267-888f-c7dbab989159', '2025-02-11', 4212, '2025-03-13', 'PAID');
INSERT INTO payments (id, invoice_id, payment_date, amount, method) VALUES ('c023d179-e2f8-42a6-b803-c9a290c82841', '35217fa3-5f22-4707-8b20-5112a03d2275', '2025-02-16', 2106.0, 'BANK_TRANSFER');
INSERT INTO payments (id, invoice_id, payment_date, amount, method) VALUES ('60e58edd-438e-4b00-8fb5-9a07ad8dc8b2', '35217fa3-5f22-4707-8b20-5112a03d2275', '2025-02-16', 2106.0, 'BANK_TRANSFER');
INSERT INTO orders (id, customer_id, order_date, total_amount, status) VALUES ('92773f00-ee5e-4831-be65-ac138f8a1f68', 'a50ad180-1a5d-4bcb-bd36-8a5cd44c0fc3', '2024-07-25', 1400, 'COMPLETED');
INSERT INTO invoices (id, order_id, invoice_date, amount, due_date, status) VALUES ('c203c652-54d5-4db2-9b11-569de71b920c', '92773f00-ee5e-4831-be65-ac138f8a1f68', '2024-07-25', 1400, '2024-08-24', 'PAID');
INSERT INTO payments (id, invoice_id, payment_date, amount, method) VALUES ('bce00163-0c14-47be-8054-b18ba437b3ab', 'c203c652-54d5-4db2-9b11-569de71b920c', '2024-07-30', 700.0, 'BANK_TRANSFER');
INSERT INTO payments (id, invoice_id, payment_date, amount, method) VALUES ('55a10dd2-dd62-4404-9b49-70991dd6d134', 'c203c652-54d5-4db2-9b11-569de71b920c', '2024-07-30', 700.0, 'BANK_TRANSFER');
INSERT INTO orders (id, customer_id, order_date, total_amount, status) VALUES ('55a9e480-229b-4dfd-afe1-37313ecd4ae1', 'a50ad180-1a5d-4bcb-bd36-8a5cd44c0fc3', '2025-11-29', 4005, 'COMPLETED');
INSERT INTO invoices (id, order_id, invoice_date, amount, due_date, status) VALUES ('523e8293-0811-4cd5-b8e9-db5b417cef7c', '55a9e480-229b-4dfd-afe1-37313ecd4ae1', '2025-11-29', 4005, '2025-12-29', 'PAID');
INSERT INTO payments (id, invoice_id, payment_date, amount, method) VALUES ('be71092a-4721-4ca3-82d7-c320c10fe611', '523e8293-0811-4cd5-b8e9-db5b417cef7c', '2025-12-04', 4005.0, 'BANK_TRANSFER');
INSERT INTO orders (id, customer_id, order_date, total_amount, status) VALUES ('eff620ea-affb-42e2-8018-f0104c828535', 'a50ad180-1a5d-4bcb-bd36-8a5cd44c0fc3', '2025-05-22', 10900, 'COMPLETED');
INSERT INTO invoices (id, order_id, invoice_date, amount, due_date, status) VALUES ('d9d08480-6fd6-4a7d-9354-9959fb89701f', 'eff620ea-affb-42e2-8018-f0104c828535', '2025-05-22', 10900, '2025-06-21', 'PAID');
INSERT INTO payments (id, invoice_id, payment_date, amount, method) VALUES ('d150a039-4a45-438b-9cc4-3cfa2d960705', 'd9d08480-6fd6-4a7d-9354-9959fb89701f', '2025-05-27', 10900.0, 'BANK_TRANSFER');
INSERT INTO orders (id, customer_id, order_date, total_amount, status) VALUES ('e0b52a97-e122-42b4-977b-d8e94074683d', 'a50ad180-1a5d-4bcb-bd36-8a5cd44c0fc3', '2024-03-09', 9946, 'COMPLETED');
INSERT INTO invoices (id, order_id, invoice_date, amount, due_date, status) VALUES ('6f4a766d-e902-44fd-82f0-5f3f4af9d5e4', 'e0b52a97-e122-42b4-977b-d8e94074683d', '2024-03-09', 9946, '2024-04-08', 'PAID');
INSERT INTO payments (id, invoice_id, payment_date, amount, method) VALUES ('ca47ab15-c43e-481a-805a-43949771b400', '6f4a766d-e902-44fd-82f0-5f3f4af9d5e4', '2024-03-14', 9946.0, 'BANK_TRANSFER');
INSERT INTO orders (id, customer_id, order_date, total_amount, status) VALUES ('2eb08924-a7cb-4fa0-be7e-9a8443e685ab', '5774a517-ac94-4887-9f6d-3cc83a82d3b7', '2025-06-17', 20655, 'COMPLETED');
INSERT INTO invoices (id, order_id, invoice_date, amount, due_date, status) VALUES ('cc534624-a2e1-4445-a59e-cae33052fe50', '2eb08924-a7cb-4fa0-be7e-9a8443e685ab', '2025-06-17', 20655, '2025-07-17', 'PAID');
INSERT INTO payments (id, invoice_id, payment_date, amount, method) VALUES ('50d01373-e820-46c4-9bea-9c97cdc77b7e', 'cc534624-a2e1-4445-a59e-cae33052fe50', '2025-06-22', 20655.0, 'BANK_TRANSFER');
INSERT INTO orders (id, customer_id, order_date, total_amount, status) VALUES ('82270e6b-4eab-4bf3-b155-671733183035', '5774a517-ac94-4887-9f6d-3cc83a82d3b7', '2024-09-19', 1467, 'COMPLETED');
INSERT INTO invoices (id, order_id, invoice_date, amount, due_date, status) VALUES ('dabe91aa-d88d-4ea5-9d9c-268998949b72', '82270e6b-4eab-4bf3-b155-671733183035', '2024-09-19', 1467, '2024-10-19', 'PAID');
INSERT INTO payments (id, invoice_id, payment_date, amount, method) VALUES ('455b23cf-b5dd-475c-a32b-613b71736441', 'dabe91aa-d88d-4ea5-9d9c-268998949b72', '2024-09-24', 733.5, 'BANK_TRANSFER');
INSERT INTO payments (id, invoice_id, payment_date, amount, method) VALUES ('bac5742f-c534-4ef2-a268-6da78f3ce7e6', 'dabe91aa-d88d-4ea5-9d9c-268998949b72', '2024-09-24', 733.5, 'BANK_TRANSFER');
INSERT INTO orders (id, customer_id, order_date, total_amount, status) VALUES ('91d6efd5-1e18-431d-8ea0-32e7b5c965d4', '5774a517-ac94-4887-9f6d-3cc83a82d3b7', '2024-06-15', 4041, 'COMPLETED');
INSERT INTO invoices (id, order_id, invoice_date, amount, due_date, status) VALUES ('786fd3f1-151b-4c3d-942b-436a63805461', '91d6efd5-1e18-431d-8ea0-32e7b5c965d4', '2024-06-15', 4041, '2024-07-15', 'PAID');
INSERT INTO payments (id, invoice_id, payment_date, amount, method) VALUES ('1b67fb30-ce40-42d1-bee9-ddd0ec02751f', '786fd3f1-151b-4c3d-942b-436a63805461', '2024-06-20', 4041.0, 'BANK_TRANSFER');
INSERT INTO orders (id, customer_id, order_date, total_amount, status) VALUES ('33c3cff5-06b4-4729-b6ca-4621d18ce408', '5774a517-ac94-4887-9f6d-3cc83a82d3b7', '2024-08-12', 19422, 'COMPLETED');
INSERT INTO invoices (id, order_id, invoice_date, amount, due_date, status) VALUES ('1efda47c-bd1b-40c2-8ad2-a177696511e9', '33c3cff5-06b4-4729-b6ca-4621d18ce408', '2024-08-12', 19422, '2024-09-11', 'PAID');
INSERT INTO payments (id, invoice_id, payment_date, amount, method) VALUES ('9d90e210-f8b1-4969-a50e-4c8157888713', '1efda47c-bd1b-40c2-8ad2-a177696511e9', '2024-08-17', 19422.0, 'BANK_TRANSFER');
INSERT INTO orders (id, customer_id, order_date, total_amount, status) VALUES ('0b493f17-185e-4b29-ba8a-b563554b66df', '5774a517-ac94-4887-9f6d-3cc83a82d3b7', '2025-06-18', 16751, 'COMPLETED');
INSERT INTO invoices (id, order_id, invoice_date, amount, due_date, status) VALUES ('a1b9b715-6ee9-4c44-9232-880db5be10bd', '0b493f17-185e-4b29-ba8a-b563554b66df', '2025-06-18', 16751, '2025-07-18', 'PAID');
INSERT INTO payments (id, invoice_id, payment_date, amount, method) VALUES ('82ff28c7-8b16-4955-bf98-efab1ca5876f', 'a1b9b715-6ee9-4c44-9232-880db5be10bd', '2025-06-23', 8375.5, 'BANK_TRANSFER');
INSERT INTO payments (id, invoice_id, payment_date, amount, method) VALUES ('5d757e59-45c3-4507-aaf1-b201db0a4ccd', 'a1b9b715-6ee9-4c44-9232-880db5be10bd', '2025-06-23', 8375.5, 'BANK_TRANSFER');
INSERT INTO orders (id, customer_id, order_date, total_amount, status) VALUES ('ba13ca9b-a404-420b-9d25-0fcc941f5b63', '5774a517-ac94-4887-9f6d-3cc83a82d3b7', '2025-07-15', 16525, 'COMPLETED');
INSERT INTO invoices (id, order_id, invoice_date, amount, due_date, status) VALUES ('f46740de-384a-4c8f-8a2e-09ad8f4c9df3', 'ba13ca9b-a404-420b-9d25-0fcc941f5b63', '2025-07-15', 16525, '2025-08-14', 'PAID');
INSERT INTO payments (id, invoice_id, payment_date, amount, method) VALUES ('5a67cbf3-50bf-44f5-adda-b7da08f173dc', 'f46740de-384a-4c8f-8a2e-09ad8f4c9df3', '2025-07-20', 8262.5, 'BANK_TRANSFER');
INSERT INTO payments (id, invoice_id, payment_date, amount, method) VALUES ('620ffa5b-b5a4-4af4-b588-906947cc611a', 'f46740de-384a-4c8f-8a2e-09ad8f4c9df3', '2025-07-20', 8262.5, 'BANK_TRANSFER');
INSERT INTO orders (id, customer_id, order_date, total_amount, status) VALUES ('a2b48d7d-0f43-4cbf-bcde-e2767ecc230c', '5774a517-ac94-4887-9f6d-3cc83a82d3b7', '2024-09-09', 21231, 'COMPLETED');
INSERT INTO invoices (id, order_id, invoice_date, amount, due_date, status) VALUES ('7c358af6-4f7b-491d-8c27-8764ca3f03ca', 'a2b48d7d-0f43-4cbf-bcde-e2767ecc230c', '2024-09-09', 21231, '2024-10-09', 'PAID');
INSERT INTO payments (id, invoice_id, payment_date, amount, method) VALUES ('d6c63b1b-a650-4bdf-9345-5d3306a5bda1', '7c358af6-4f7b-491d-8c27-8764ca3f03ca', '2024-09-14', 21231.0, 'BANK_TRANSFER');
INSERT INTO orders (id, customer_id, order_date, total_amount, status) VALUES ('14aa96c8-0dee-4ca9-8700-c01f1520903c', '428abcef-5c08-4ad5-a1c1-04b49bf3d907', '2025-04-22', 1610, 'COMPLETED');
INSERT INTO invoices (id, order_id, invoice_date, amount, due_date, status) VALUES ('5241ed20-767c-41ab-ae9b-2d01b18d0a60', '14aa96c8-0dee-4ca9-8700-c01f1520903c', '2025-04-22', 1610, '2025-05-22', 'PAID');
INSERT INTO payments (id, invoice_id, payment_date, amount, method) VALUES ('0f44fa09-8602-4bc1-965b-d5054b2f4dbf', '5241ed20-767c-41ab-ae9b-2d01b18d0a60', '2025-04-27', 805.0, 'BANK_TRANSFER');
INSERT INTO payments (id, invoice_id, payment_date, amount, method) VALUES ('d2217bfc-9076-48da-a318-8c237c05a45c', '5241ed20-767c-41ab-ae9b-2d01b18d0a60', '2025-04-27', 805.0, 'BANK_TRANSFER');
INSERT INTO orders (id, customer_id, order_date, total_amount, status) VALUES ('c5453d9e-8af9-40af-a152-85bc2980e75b', '428abcef-5c08-4ad5-a1c1-04b49bf3d907', '2025-10-30', 16095, 'COMPLETED');
INSERT INTO invoices (id, order_id, invoice_date, amount, due_date, status) VALUES ('ebb1bd09-7c89-44f5-91fc-75755e3ab661', 'c5453d9e-8af9-40af-a152-85bc2980e75b', '2025-10-30', 16095, '2025-11-29', 'PAID');
INSERT INTO payments (id, invoice_id, payment_date, amount, method) VALUES ('7580e6b2-bb1d-405a-9274-2bf098f5917e', 'ebb1bd09-7c89-44f5-91fc-75755e3ab661', '2025-11-04', 16095.0, 'BANK_TRANSFER');
INSERT INTO orders (id, customer_id, order_date, total_amount, status) VALUES ('87291053-3b7c-43f2-9b50-3a1f52bd5a00', '428abcef-5c08-4ad5-a1c1-04b49bf3d907', '2025-01-28', 12164, 'COMPLETED');
INSERT INTO invoices (id, order_id, invoice_date, amount, due_date, status) VALUES ('e895aeb5-9b87-4f85-8e80-1424594c98f3', '87291053-3b7c-43f2-9b50-3a1f52bd5a00', '2025-01-28', 12164, '2025-02-27', 'PAID');
INSERT INTO payments (id, invoice_id, payment_date, amount, method) VALUES ('ae3a028d-b73f-4485-8b4a-b528db766be9', 'e895aeb5-9b87-4f85-8e80-1424594c98f3', '2025-02-02', 12164.0, 'BANK_TRANSFER');
INSERT INTO orders (id, customer_id, order_date, total_amount, status) VALUES ('5e5ef519-68ef-4d6a-b3d9-682e95018d91', '428abcef-5c08-4ad5-a1c1-04b49bf3d907', '2025-09-22', 1507, 'COMPLETED');
INSERT INTO invoices (id, order_id, invoice_date, amount, due_date, status) VALUES ('29549f67-ad6d-40ea-b39d-a0a3e469bebc', '5e5ef519-68ef-4d6a-b3d9-682e95018d91', '2025-09-22', 1507, '2025-10-22', 'PAID');
INSERT INTO payments (id, invoice_id, payment_date, amount, method) VALUES ('62b5e67f-5641-41cc-8006-66675dbda7aa', '29549f67-ad6d-40ea-b39d-a0a3e469bebc', '2025-09-27', 1507.0, 'BANK_TRANSFER');
INSERT INTO orders (id, customer_id, order_date, total_amount, status) VALUES ('42821ca2-cfc1-4252-aec9-782cc32af1ce', '428abcef-5c08-4ad5-a1c1-04b49bf3d907', '2024-04-25', 17871, 'COMPLETED');
INSERT INTO invoices (id, order_id, invoice_date, amount, due_date, status) VALUES ('b8202588-dddc-4dac-bcf2-5125067b64cb', '42821ca2-cfc1-4252-aec9-782cc32af1ce', '2024-04-25', 17871, '2024-05-25', 'PAID');
INSERT INTO payments (id, invoice_id, payment_date, amount, method) VALUES ('27176044-eca0-44a5-8d63-30f3fd295bc5', 'b8202588-dddc-4dac-bcf2-5125067b64cb', '2024-04-30', 8935.5, 'BANK_TRANSFER');
INSERT INTO payments (id, invoice_id, payment_date, amount, method) VALUES ('d88f25df-63ff-4539-876d-06e9f628518e', 'b8202588-dddc-4dac-bcf2-5125067b64cb', '2024-04-30', 8935.5, 'BANK_TRANSFER');
INSERT INTO orders (id, customer_id, order_date, total_amount, status) VALUES ('05ba3e1f-0a34-4498-8a61-438c515a4824', '428abcef-5c08-4ad5-a1c1-04b49bf3d907', '2024-09-08', 6082, 'COMPLETED');
INSERT INTO invoices (id, order_id, invoice_date, amount, due_date, status) VALUES ('19f14088-a2ea-47fa-8e76-98b927d59cd6', '05ba3e1f-0a34-4498-8a61-438c515a4824', '2024-09-08', 6082, '2024-10-08', 'PAID');
INSERT INTO payments (id, invoice_id, payment_date, amount, method) VALUES ('3169a9b5-4da4-4182-98c0-6eb2e8d5e62c', '19f14088-a2ea-47fa-8e76-98b927d59cd6', '2024-09-13', 3041.0, 'BANK_TRANSFER');
INSERT INTO payments (id, invoice_id, payment_date, amount, method) VALUES ('d300ab95-046f-49cc-a1ac-4e440133883c', '19f14088-a2ea-47fa-8e76-98b927d59cd6', '2024-09-13', 3041.0, 'BANK_TRANSFER');
INSERT INTO orders (id, customer_id, order_date, total_amount, status) VALUES ('095e12b9-c3ad-4e54-87ed-790aafec41d4', '255c019c-54db-4e75-8645-65ed6d8dd3a8', '2024-02-18', 23597, 'COMPLETED');
INSERT INTO invoices (id, order_id, invoice_date, amount, due_date, status) VALUES ('d63e85a1-af06-46ba-a011-7e29b91429c4', '095e12b9-c3ad-4e54-87ed-790aafec41d4', '2024-02-18', 23597, '2024-03-19', 'PAID');
INSERT INTO payments (id, invoice_id, payment_date, amount, method) VALUES ('f73f92d8-154e-4ffc-bcb4-b13a48d8e018', 'd63e85a1-af06-46ba-a011-7e29b91429c4', '2024-02-23', 23597.0, 'BANK_TRANSFER');
INSERT INTO orders (id, customer_id, order_date, total_amount, status) VALUES ('e1a91873-0551-4884-91ab-28fccc1b2197', '255c019c-54db-4e75-8645-65ed6d8dd3a8', '2025-01-25', 5125, 'COMPLETED');
INSERT INTO invoices (id, order_id, invoice_date, amount, due_date, status) VALUES ('80cbe117-6fa9-412c-a169-89397d02f228', 'e1a91873-0551-4884-91ab-28fccc1b2197', '2025-01-25', 5125, '2025-02-24', 'PAID');
INSERT INTO payments (id, invoice_id, payment_date, amount, method) VALUES ('99907ce4-9107-4ae6-ba04-1aecf79d6252', '80cbe117-6fa9-412c-a169-89397d02f228', '2025-01-30', 5125.0, 'BANK_TRANSFER');
INSERT INTO orders (id, customer_id, order_date, total_amount, status) VALUES ('d0efa648-eb34-44a6-8b68-fde3b866cf17', '255c019c-54db-4e75-8645-65ed6d8dd3a8', '2024-05-02', 23279, 'COMPLETED');
INSERT INTO invoices (id, order_id, invoice_date, amount, due_date, status) VALUES ('f4dc5144-ff6d-4ee7-a6ae-6a171b9ec612', 'd0efa648-eb34-44a6-8b68-fde3b866cf17', '2024-05-02', 23279, '2024-06-01', 'PAID');
INSERT INTO payments (id, invoice_id, payment_date, amount, method) VALUES ('892f6f07-705c-43d8-ba00-ce124a7bf79e', 'f4dc5144-ff6d-4ee7-a6ae-6a171b9ec612', '2024-05-07', 11639.5, 'BANK_TRANSFER');
INSERT INTO payments (id, invoice_id, payment_date, amount, method) VALUES ('1df6a117-4b5b-4c40-b26c-d8e7563a083c', 'f4dc5144-ff6d-4ee7-a6ae-6a171b9ec612', '2024-05-07', 11639.5, 'BANK_TRANSFER');
INSERT INTO orders (id, customer_id, order_date, total_amount, status) VALUES ('0e70afec-db03-4eaa-8dec-5e40dc6bf693', '255c019c-54db-4e75-8645-65ed6d8dd3a8', '2024-10-06', 10979, 'COMPLETED');
INSERT INTO invoices (id, order_id, invoice_date, amount, due_date, status) VALUES ('58d167ed-f078-429b-87ab-bd99a200e5f1', '0e70afec-db03-4eaa-8dec-5e40dc6bf693', '2024-10-06', 10979, '2024-11-05', 'PAID');
INSERT INTO payments (id, invoice_id, payment_date, amount, method) VALUES ('89fd04dd-3b49-47d6-ab2e-e879567e99a4', '58d167ed-f078-429b-87ab-bd99a200e5f1', '2024-10-11', 10979.0, 'BANK_TRANSFER');
INSERT INTO orders (id, customer_id, order_date, total_amount, status) VALUES ('1bcc2d7c-af69-4821-a7b8-33bf3e0772c4', '255c019c-54db-4e75-8645-65ed6d8dd3a8', '2025-11-18', 16311, 'COMPLETED');
INSERT INTO invoices (id, order_id, invoice_date, amount, due_date, status) VALUES ('8883f638-d786-4d38-9fdd-433a71ca5ed2', '1bcc2d7c-af69-4821-a7b8-33bf3e0772c4', '2025-11-18', 16311, '2025-12-18', 'PAID');
INSERT INTO payments (id, invoice_id, payment_date, amount, method) VALUES ('351ab047-9bc3-4f2e-a49b-98160e5a92ff', '8883f638-d786-4d38-9fdd-433a71ca5ed2', '2025-11-23', 16311.0, 'BANK_TRANSFER');
INSERT INTO orders (id, customer_id, order_date, total_amount, status) VALUES ('a8d38cdf-ce70-4266-b539-e71e60620bb7', '255c019c-54db-4e75-8645-65ed6d8dd3a8', '2025-04-13', 23396, 'COMPLETED');
INSERT INTO invoices (id, order_id, invoice_date, amount, due_date, status) VALUES ('e2143977-a5e4-430a-8150-e32355be125d', 'a8d38cdf-ce70-4266-b539-e71e60620bb7', '2025-04-13', 23396, '2025-05-13', 'PAID');
INSERT INTO payments (id, invoice_id, payment_date, amount, method) VALUES ('af54cc04-953c-48c4-a3b1-fcfd3e07f2a7', 'e2143977-a5e4-430a-8150-e32355be125d', '2025-04-18', 11698.0, 'BANK_TRANSFER');
INSERT INTO payments (id, invoice_id, payment_date, amount, method) VALUES ('3c0120cf-5399-4e78-875d-4ae1467e5b11', 'e2143977-a5e4-430a-8150-e32355be125d', '2025-04-18', 11698.0, 'BANK_TRANSFER');
INSERT INTO orders (id, customer_id, order_date, total_amount, status) VALUES ('a042317b-e88e-46df-bb85-8ddf0fdd0b7b', '255c019c-54db-4e75-8645-65ed6d8dd3a8', '2025-10-14', 3221, 'COMPLETED');
INSERT INTO invoices (id, order_id, invoice_date, amount, due_date, status) VALUES ('a5fce4cc-de6c-4535-a6d9-d90fb75ad6bd', 'a042317b-e88e-46df-bb85-8ddf0fdd0b7b', '2025-10-14', 3221, '2025-11-13', 'PAID');
INSERT INTO payments (id, invoice_id, payment_date, amount, method) VALUES ('0d64ce7f-24fe-405d-a612-c75fef47e67f', 'a5fce4cc-de6c-4535-a6d9-d90fb75ad6bd', '2025-10-19', 1610.5, 'BANK_TRANSFER');
INSERT INTO payments (id, invoice_id, payment_date, amount, method) VALUES ('ffa3c2b2-c0c5-4e6c-98c5-db09fc170393', 'a5fce4cc-de6c-4535-a6d9-d90fb75ad6bd', '2025-10-19', 1610.5, 'BANK_TRANSFER');
INSERT INTO orders (id, customer_id, order_date, total_amount, status) VALUES ('c2734535-46be-46d3-867c-5b3fba32d102', '255c019c-54db-4e75-8645-65ed6d8dd3a8', '2025-02-03', 20073, 'COMPLETED');
INSERT INTO invoices (id, order_id, invoice_date, amount, due_date, status) VALUES ('3604a09b-a0bb-4ab2-a7c0-adb10e09f922', 'c2734535-46be-46d3-867c-5b3fba32d102', '2025-02-03', 20073, '2025-03-05', 'PAID');
INSERT INTO payments (id, invoice_id, payment_date, amount, method) VALUES ('7b8dbe02-0d85-4049-9f74-d4f82cf880a4', '3604a09b-a0bb-4ab2-a7c0-adb10e09f922', '2025-02-08', 20073.0, 'BANK_TRANSFER');
INSERT INTO orders (id, customer_id, order_date, total_amount, status) VALUES ('da833be5-ebbb-40ad-a1e5-177b631b2df5', '2ac02cc6-2e73-45d6-85de-323794316f29', '2025-11-26', 8574, 'COMPLETED');
INSERT INTO invoices (id, order_id, invoice_date, amount, due_date, status) VALUES ('7ed967f3-282d-4c33-96e6-002eb21a4ce8', 'da833be5-ebbb-40ad-a1e5-177b631b2df5', '2025-11-26', 8574, '2025-12-26', 'PAID');
INSERT INTO payments (id, invoice_id, payment_date, amount, method) VALUES ('668dbf5d-788e-4b98-afd4-93e657af0b3c', '7ed967f3-282d-4c33-96e6-002eb21a4ce8', '2025-12-01', 8574.0, 'BANK_TRANSFER');
INSERT INTO orders (id, customer_id, order_date, total_amount, status) VALUES ('89f92f02-4fcc-440e-b41e-0078d5293ea5', '2ac02cc6-2e73-45d6-85de-323794316f29', '2024-05-11', 3307, 'COMPLETED');
INSERT INTO invoices (id, order_id, invoice_date, amount, due_date, status) VALUES ('41b21655-c707-43f7-b7e3-e507443c2dc3', '89f92f02-4fcc-440e-b41e-0078d5293ea5', '2024-05-11', 3307, '2024-06-10', 'PAID');
INSERT INTO payments (id, invoice_id, payment_date, amount, method) VALUES ('6d2651c6-b486-491c-9ed5-32cbdf88fdd0', '41b21655-c707-43f7-b7e3-e507443c2dc3', '2024-05-16', 1653.5, 'BANK_TRANSFER');
INSERT INTO payments (id, invoice_id, payment_date, amount, method) VALUES ('576624c0-fadb-4bba-b374-4d047c67201d', '41b21655-c707-43f7-b7e3-e507443c2dc3', '2024-05-16', 1653.5, 'BANK_TRANSFER');
INSERT INTO orders (id, customer_id, order_date, total_amount, status) VALUES ('9bc657bf-0a9a-4b51-9bc1-9113a839513e', '2ac02cc6-2e73-45d6-85de-323794316f29', '2025-06-25', 2264, 'COMPLETED');
INSERT INTO invoices (id, order_id, invoice_date, amount, due_date, status) VALUES ('d329df6a-8779-49d1-94a4-3e1659525ba2', '9bc657bf-0a9a-4b51-9bc1-9113a839513e', '2025-06-25', 2264, '2025-07-25', 'PAID');
INSERT INTO payments (id, invoice_id, payment_date, amount, method) VALUES ('1c605b72-d9af-417b-9182-3225aa15efbc', 'd329df6a-8779-49d1-94a4-3e1659525ba2', '2025-06-30', 2264.0, 'BANK_TRANSFER');
INSERT INTO orders (id, customer_id, order_date, total_amount, status) VALUES ('bc5e6495-ac4e-48fe-8acb-6b45d762a489', '2ac02cc6-2e73-45d6-85de-323794316f29', '2025-03-04', 1078, 'COMPLETED');
INSERT INTO invoices (id, order_id, invoice_date, amount, due_date, status) VALUES ('76834176-55d0-429b-a7a7-b193f68db04f', 'bc5e6495-ac4e-48fe-8acb-6b45d762a489', '2025-03-04', 1078, '2025-04-03', 'PAID');
INSERT INTO payments (id, invoice_id, payment_date, amount, method) VALUES ('aea53cfb-9ac7-40df-a747-0d0287eff715', '76834176-55d0-429b-a7a7-b193f68db04f', '2025-03-09', 539.0, 'BANK_TRANSFER');
INSERT INTO payments (id, invoice_id, payment_date, amount, method) VALUES ('4b337190-8faf-4603-9c2b-05a5c65be026', '76834176-55d0-429b-a7a7-b193f68db04f', '2025-03-09', 539.0, 'BANK_TRANSFER');
INSERT INTO orders (id, customer_id, order_date, total_amount, status) VALUES ('8b73dc82-704c-4db7-a872-6b3e188adc6e', '2ac02cc6-2e73-45d6-85de-323794316f29', '2024-12-05', 19690, 'COMPLETED');
INSERT INTO invoices (id, order_id, invoice_date, amount, due_date, status) VALUES ('325d29fa-7172-4b00-9adf-58ff53ee2d6d', '8b73dc82-704c-4db7-a872-6b3e188adc6e', '2024-12-05', 19690, '2025-01-04', 'PAID');
INSERT INTO payments (id, invoice_id, payment_date, amount, method) VALUES ('b2cb7c7d-1b27-4a15-ad61-360423a3217a', '325d29fa-7172-4b00-9adf-58ff53ee2d6d', '2024-12-10', 9845.0, 'BANK_TRANSFER');
INSERT INTO payments (id, invoice_id, payment_date, amount, method) VALUES ('18375a95-df2d-4714-acb0-b59646e10ef2', '325d29fa-7172-4b00-9adf-58ff53ee2d6d', '2024-12-10', 9845.0, 'BANK_TRANSFER');
INSERT INTO orders (id, customer_id, order_date, total_amount, status) VALUES ('2109b2ae-0ab1-48ff-8f5e-ed6ace9fc217', '2ac02cc6-2e73-45d6-85de-323794316f29', '2025-05-14', 24121, 'COMPLETED');
INSERT INTO invoices (id, order_id, invoice_date, amount, due_date, status) VALUES ('85663913-ac35-4a18-a8da-6399f803a473', '2109b2ae-0ab1-48ff-8f5e-ed6ace9fc217', '2025-05-14', 24121, '2025-06-13', 'PAID');
INSERT INTO payments (id, invoice_id, payment_date, amount, method) VALUES ('04cc2e0c-6aa0-4c94-8618-74465bacafae', '85663913-ac35-4a18-a8da-6399f803a473', '2025-05-19', 24121.0, 'BANK_TRANSFER');
INSERT INTO orders (id, customer_id, order_date, total_amount, status) VALUES ('22bcb990-fb04-4f64-9348-6030d05dab8f', '2ac02cc6-2e73-45d6-85de-323794316f29', '2024-10-20', 13648, 'COMPLETED');
INSERT INTO invoices (id, order_id, invoice_date, amount, due_date, status) VALUES ('3eddf74c-7cce-4a75-9b79-cac56206b772', '22bcb990-fb04-4f64-9348-6030d05dab8f', '2024-10-20', 13648, '2024-11-19', 'PAID');
INSERT INTO payments (id, invoice_id, payment_date, amount, method) VALUES ('5560e91a-7382-4b44-937c-73a40ecc8d75', '3eddf74c-7cce-4a75-9b79-cac56206b772', '2024-10-25', 13648.0, 'BANK_TRANSFER');
INSERT INTO orders (id, customer_id, order_date, total_amount, status) VALUES ('d0d68d4c-05ef-4cc0-9b84-8df8990f8b11', 'd6b6d0e1-b1ab-422b-a655-b631bf86a35f', '2024-05-02', 7229, 'COMPLETED');
INSERT INTO invoices (id, order_id, invoice_date, amount, due_date, status) VALUES ('f7e31682-9ee3-47f0-8ff4-841140998050', 'd0d68d4c-05ef-4cc0-9b84-8df8990f8b11', '2024-05-02', 7229, '2024-06-01', 'PAID');
INSERT INTO payments (id, invoice_id, payment_date, amount, method) VALUES ('fb6ce9c0-8110-4277-b9cb-b387fbbcbd12', 'f7e31682-9ee3-47f0-8ff4-841140998050', '2024-05-07', 7229.0, 'BANK_TRANSFER');
INSERT INTO orders (id, customer_id, order_date, total_amount, status) VALUES ('61864a18-cf71-4449-8e03-bac16deaba9e', 'd6b6d0e1-b1ab-422b-a655-b631bf86a35f', '2024-06-07', 24869, 'COMPLETED');
INSERT INTO invoices (id, order_id, invoice_date, amount, due_date, status) VALUES ('693db659-50d8-425b-adb9-59772e178d7f', '61864a18-cf71-4449-8e03-bac16deaba9e', '2024-06-07', 24869, '2024-07-07', 'PAID');
INSERT INTO payments (id, invoice_id, payment_date, amount, method) VALUES ('bf16fa55-721c-4443-a379-87e208edc4e9', '693db659-50d8-425b-adb9-59772e178d7f', '2024-06-12', 12434.5, 'BANK_TRANSFER');
INSERT INTO payments (id, invoice_id, payment_date, amount, method) VALUES ('2b156b7b-4b12-4fe8-a615-c5f072a5c6eb', '693db659-50d8-425b-adb9-59772e178d7f', '2024-06-12', 12434.5, 'BANK_TRANSFER');
INSERT INTO orders (id, customer_id, order_date, total_amount, status) VALUES ('01bacd9f-3eb8-413e-888d-b7283f5a7485', 'd6b6d0e1-b1ab-422b-a655-b631bf86a35f', '2024-10-21', 12581, 'COMPLETED');
INSERT INTO invoices (id, order_id, invoice_date, amount, due_date, status) VALUES ('bfab2b3f-5ca6-4ea7-b3bc-f715e013ff7d', '01bacd9f-3eb8-413e-888d-b7283f5a7485', '2024-10-21', 12581, '2024-11-20', 'PAID');
INSERT INTO payments (id, invoice_id, payment_date, amount, method) VALUES ('34356a83-b395-4ab7-91e1-4327675eaa4f', 'bfab2b3f-5ca6-4ea7-b3bc-f715e013ff7d', '2024-10-26', 6290.5, 'BANK_TRANSFER');
INSERT INTO payments (id, invoice_id, payment_date, amount, method) VALUES ('d17bbedc-eed2-480f-9368-e8fa888f95f9', 'bfab2b3f-5ca6-4ea7-b3bc-f715e013ff7d', '2024-10-26', 6290.5, 'BANK_TRANSFER');
INSERT INTO orders (id, customer_id, order_date, total_amount, status) VALUES ('f49816df-a0f3-400c-a13b-2785364f8fe0', 'd6b6d0e1-b1ab-422b-a655-b631bf86a35f', '2025-09-14', 13331, 'COMPLETED');
INSERT INTO invoices (id, order_id, invoice_date, amount, due_date, status) VALUES ('1aeb9e37-1e98-4f0c-8bf1-702b0637c97d', 'f49816df-a0f3-400c-a13b-2785364f8fe0', '2025-09-14', 13331, '2025-10-14', 'PAID');
INSERT INTO payments (id, invoice_id, payment_date, amount, method) VALUES ('7d2bf7ac-5e43-4101-ad3a-56db2308f3d8', '1aeb9e37-1e98-4f0c-8bf1-702b0637c97d', '2025-09-19', 6665.5, 'BANK_TRANSFER');
INSERT INTO payments (id, invoice_id, payment_date, amount, method) VALUES ('4192c61d-d33a-4265-bdc6-6737a41e35cc', '1aeb9e37-1e98-4f0c-8bf1-702b0637c97d', '2025-09-19', 6665.5, 'BANK_TRANSFER');
INSERT INTO orders (id, customer_id, order_date, total_amount, status) VALUES ('c1fcd8fa-cadc-4b63-a7e7-6dace30f6d11', '2545c593-cd71-46e4-996d-c15221b727a3', '2024-09-30', 24211, 'COMPLETED');
INSERT INTO invoices (id, order_id, invoice_date, amount, due_date, status) VALUES ('f4ac40be-d1a4-4b2e-9214-42f4a0cc5aae', 'c1fcd8fa-cadc-4b63-a7e7-6dace30f6d11', '2024-09-30', 24211, '2024-10-30', 'PAID');
INSERT INTO payments (id, invoice_id, payment_date, amount, method) VALUES ('d6d5fc13-0de7-40e6-ac63-3ae836a0d3dc', 'f4ac40be-d1a4-4b2e-9214-42f4a0cc5aae', '2024-10-05', 24211.0, 'BANK_TRANSFER');
INSERT INTO orders (id, customer_id, order_date, total_amount, status) VALUES ('d71c9ca9-50e6-4f42-97ae-ecab8ec73c91', '2545c593-cd71-46e4-996d-c15221b727a3', '2024-09-23', 6870, 'COMPLETED');
INSERT INTO invoices (id, order_id, invoice_date, amount, due_date, status) VALUES ('3c502939-fcb0-4c42-a9f2-7726f5dd0453', 'd71c9ca9-50e6-4f42-97ae-ecab8ec73c91', '2024-09-23', 6870, '2024-10-23', 'PAID');
INSERT INTO payments (id, invoice_id, payment_date, amount, method) VALUES ('cc66ce38-269e-4a8a-8c22-2ba4cf7f6697', '3c502939-fcb0-4c42-a9f2-7726f5dd0453', '2024-09-28', 6870.0, 'BANK_TRANSFER');
INSERT INTO orders (id, customer_id, order_date, total_amount, status) VALUES ('17c9bf46-4249-4125-9805-7dd2053d6d0f', '2545c593-cd71-46e4-996d-c15221b727a3', '2024-06-27', 14997, 'COMPLETED');
INSERT INTO invoices (id, order_id, invoice_date, amount, due_date, status) VALUES ('e9553aff-a536-4f35-9d94-872f5ede370f', '17c9bf46-4249-4125-9805-7dd2053d6d0f', '2024-06-27', 14997, '2024-07-27', 'PAID');
INSERT INTO payments (id, invoice_id, payment_date, amount, method) VALUES ('e7fd23b8-3792-451c-b5cc-f4a093d096e0', 'e9553aff-a536-4f35-9d94-872f5ede370f', '2024-07-02', 7498.5, 'BANK_TRANSFER');
INSERT INTO payments (id, invoice_id, payment_date, amount, method) VALUES ('71943f14-45c5-483e-9d6f-b8e8b4e93ff0', 'e9553aff-a536-4f35-9d94-872f5ede370f', '2024-07-02', 7498.5, 'BANK_TRANSFER');
INSERT INTO orders (id, customer_id, order_date, total_amount, status) VALUES ('853e1224-9ad8-4236-b885-3dd1757461f2', '2545c593-cd71-46e4-996d-c15221b727a3', '2024-02-16', 18097, 'COMPLETED');
INSERT INTO invoices (id, order_id, invoice_date, amount, due_date, status) VALUES ('52d7b7f0-aea3-464a-a5ef-533b3319bbbf', '853e1224-9ad8-4236-b885-3dd1757461f2', '2024-02-16', 18097, '2024-03-17', 'PAID');
INSERT INTO payments (id, invoice_id, payment_date, amount, method) VALUES ('6c8b9e00-7450-4d2a-ae4d-19127f1d075c', '52d7b7f0-aea3-464a-a5ef-533b3319bbbf', '2024-02-21', 18097.0, 'BANK_TRANSFER');
INSERT INTO orders (id, customer_id, order_date, total_amount, status) VALUES ('5cd30c78-270d-4b2e-9f8b-c44b646a0616', '2545c593-cd71-46e4-996d-c15221b727a3', '2025-04-09', 9390, 'COMPLETED');
INSERT INTO invoices (id, order_id, invoice_date, amount, due_date, status) VALUES ('482b7305-e530-4626-a804-38d4ca02b8e0', '5cd30c78-270d-4b2e-9f8b-c44b646a0616', '2025-04-09', 9390, '2025-05-09', 'PAID');
INSERT INTO payments (id, invoice_id, payment_date, amount, method) VALUES ('ddb95c23-93d6-4e36-883d-7dad8e08ca0b', '482b7305-e530-4626-a804-38d4ca02b8e0', '2025-04-14', 9390.0, 'BANK_TRANSFER');
INSERT INTO orders (id, customer_id, order_date, total_amount, status) VALUES ('47a3e0d4-7cdf-4527-bc10-96309662738d', '2545c593-cd71-46e4-996d-c15221b727a3', '2024-07-24', 18379, 'COMPLETED');
INSERT INTO invoices (id, order_id, invoice_date, amount, due_date, status) VALUES ('47b09a3e-1a65-4165-9cda-c908ce0fd43b', '47a3e0d4-7cdf-4527-bc10-96309662738d', '2024-07-24', 18379, '2024-08-23', 'PAID');
INSERT INTO payments (id, invoice_id, payment_date, amount, method) VALUES ('e46386b2-4b0e-406f-b7d2-51a22073d19e', '47b09a3e-1a65-4165-9cda-c908ce0fd43b', '2024-07-29', 9189.5, 'BANK_TRANSFER');
INSERT INTO payments (id, invoice_id, payment_date, amount, method) VALUES ('d4fe26e0-b1ce-4ba3-af05-75a4e183ebb2', '47b09a3e-1a65-4165-9cda-c908ce0fd43b', '2024-07-29', 9189.5, 'BANK_TRANSFER');
INSERT INTO orders (id, customer_id, order_date, total_amount, status) VALUES ('08736f6c-9c9a-420c-b868-9354ede89dd7', 'e9ac3783-0958-47fb-b15e-721f52ab8326', '2024-02-08', 21181, 'COMPLETED');
INSERT INTO invoices (id, order_id, invoice_date, amount, due_date, status) VALUES ('af258abc-d272-4947-8401-5373a69d95c2', '08736f6c-9c9a-420c-b868-9354ede89dd7', '2024-02-08', 21181, '2024-03-09', 'PAID');
INSERT INTO payments (id, invoice_id, payment_date, amount, method) VALUES ('39da20ee-2017-440a-b446-f4a2a8bd95b0', 'af258abc-d272-4947-8401-5373a69d95c2', '2024-02-13', 21181.0, 'BANK_TRANSFER');
INSERT INTO orders (id, customer_id, order_date, total_amount, status) VALUES ('b8d120f8-0871-43f4-ad1a-e87bda13cfa9', 'e9ac3783-0958-47fb-b15e-721f52ab8326', '2025-11-08', 6375, 'COMPLETED');
INSERT INTO invoices (id, order_id, invoice_date, amount, due_date, status) VALUES ('5bc8b2e0-85b9-4463-8b72-602d8499dff5', 'b8d120f8-0871-43f4-ad1a-e87bda13cfa9', '2025-11-08', 6375, '2025-12-08', 'PAID');
INSERT INTO payments (id, invoice_id, payment_date, amount, method) VALUES ('1fe250ca-07c4-4a31-a764-6bf3d0a67e9b', '5bc8b2e0-85b9-4463-8b72-602d8499dff5', '2025-11-13', 3187.5, 'BANK_TRANSFER');
INSERT INTO payments (id, invoice_id, payment_date, amount, method) VALUES ('8c3dab91-2665-40ed-a321-1f3474690601', '5bc8b2e0-85b9-4463-8b72-602d8499dff5', '2025-11-13', 3187.5, 'BANK_TRANSFER');
INSERT INTO orders (id, customer_id, order_date, total_amount, status) VALUES ('005af6af-5263-4208-ad63-6fe63e4a514d', 'e9ac3783-0958-47fb-b15e-721f52ab8326', '2025-08-06', 23375, 'COMPLETED');
INSERT INTO invoices (id, order_id, invoice_date, amount, due_date, status) VALUES ('fc1d7cc2-ab53-44f1-8abb-cebf522206bd', '005af6af-5263-4208-ad63-6fe63e4a514d', '2025-08-06', 23375, '2025-09-05', 'PAID');
INSERT INTO payments (id, invoice_id, payment_date, amount, method) VALUES ('6fdb70c9-4ce9-4e62-b256-11ccb5f2830a', 'fc1d7cc2-ab53-44f1-8abb-cebf522206bd', '2025-08-11', 11687.5, 'BANK_TRANSFER');
INSERT INTO payments (id, invoice_id, payment_date, amount, method) VALUES ('a5f78979-b004-4280-aab5-e357bb70d036', 'fc1d7cc2-ab53-44f1-8abb-cebf522206bd', '2025-08-11', 11687.5, 'BANK_TRANSFER');
INSERT INTO orders (id, customer_id, order_date, total_amount, status) VALUES ('7ba41752-a060-434e-b88e-420048299c6a', 'dac1be7a-ce40-4619-ab05-dac670ac16c0', '2025-01-14', 7153, 'COMPLETED');
INSERT INTO invoices (id, order_id, invoice_date, amount, due_date, status) VALUES ('f8d2b599-d71e-40f3-bd58-2fdff3497e59', '7ba41752-a060-434e-b88e-420048299c6a', '2025-01-14', 7153, '2025-02-13', 'PAID');
INSERT INTO payments (id, invoice_id, payment_date, amount, method) VALUES ('9098d2e7-b4e9-4f3d-a672-7427a44ceb6d', 'f8d2b599-d71e-40f3-bd58-2fdff3497e59', '2025-01-19', 3576.5, 'BANK_TRANSFER');
INSERT INTO payments (id, invoice_id, payment_date, amount, method) VALUES ('d2acdfa3-b51c-4656-8bd4-3ede967bc464', 'f8d2b599-d71e-40f3-bd58-2fdff3497e59', '2025-01-19', 3576.5, 'BANK_TRANSFER');
INSERT INTO orders (id, customer_id, order_date, total_amount, status) VALUES ('c281d9f0-a40c-4b32-b0f9-1e0a0e46de93', 'dac1be7a-ce40-4619-ab05-dac670ac16c0', '2024-05-03', 21654, 'COMPLETED');
INSERT INTO invoices (id, order_id, invoice_date, amount, due_date, status) VALUES ('efbec120-93fa-4a8a-8f2d-4fa4b39c3a8a', 'c281d9f0-a40c-4b32-b0f9-1e0a0e46de93', '2024-05-03', 21654, '2024-06-02', 'PAID');
INSERT INTO payments (id, invoice_id, payment_date, amount, method) VALUES ('264b8cff-10be-40d3-872a-03570676b833', 'efbec120-93fa-4a8a-8f2d-4fa4b39c3a8a', '2024-05-08', 21654.0, 'BANK_TRANSFER');
INSERT INTO orders (id, customer_id, order_date, total_amount, status) VALUES ('53d6b5f3-0270-4425-a3da-f71f6e8572f6', 'dac1be7a-ce40-4619-ab05-dac670ac16c0', '2025-09-29', 23059, 'COMPLETED');
INSERT INTO invoices (id, order_id, invoice_date, amount, due_date, status) VALUES ('37e35a5b-2fd0-45fc-aca6-fb8e6b67413e', '53d6b5f3-0270-4425-a3da-f71f6e8572f6', '2025-09-29', 23059, '2025-10-29', 'PAID');
INSERT INTO payments (id, invoice_id, payment_date, amount, method) VALUES ('22c5255a-a273-43ea-92a0-3cd2d3a9820d', '37e35a5b-2fd0-45fc-aca6-fb8e6b67413e', '2025-10-04', 23059.0, 'BANK_TRANSFER');
INSERT INTO orders (id, customer_id, order_date, total_amount, status) VALUES ('f08bb6d9-94d9-4345-acd6-9162c1fe0c32', 'dac1be7a-ce40-4619-ab05-dac670ac16c0', '2024-10-29', 12008, 'COMPLETED');
INSERT INTO invoices (id, order_id, invoice_date, amount, due_date, status) VALUES ('9b07911a-9780-40c6-9f63-3b90560861a6', 'f08bb6d9-94d9-4345-acd6-9162c1fe0c32', '2024-10-29', 12008, '2024-11-28', 'PAID');
INSERT INTO payments (id, invoice_id, payment_date, amount, method) VALUES ('57b59a30-fbe9-4e6a-8cad-c391afa1943f', '9b07911a-9780-40c6-9f63-3b90560861a6', '2024-11-03', 6004.0, 'BANK_TRANSFER');
INSERT INTO payments (id, invoice_id, payment_date, amount, method) VALUES ('d91fcb32-e9f5-4130-8b13-660e021356b1', '9b07911a-9780-40c6-9f63-3b90560861a6', '2024-11-03', 6004.0, 'BANK_TRANSFER');
INSERT INTO orders (id, customer_id, order_date, total_amount, status) VALUES ('f3c2ee91-7214-4619-97df-5f800eab7c5a', 'dac1be7a-ce40-4619-ab05-dac670ac16c0', '2024-08-14', 19355, 'COMPLETED');
INSERT INTO invoices (id, order_id, invoice_date, amount, due_date, status) VALUES ('b1ab7f4d-9a3c-4f54-bca9-29ce0e0f57f9', 'f3c2ee91-7214-4619-97df-5f800eab7c5a', '2024-08-14', 19355, '2024-09-13', 'PAID');
INSERT INTO payments (id, invoice_id, payment_date, amount, method) VALUES ('a8889224-c58c-42e2-85a6-1c12aae19955', 'b1ab7f4d-9a3c-4f54-bca9-29ce0e0f57f9', '2024-08-19', 19355.0, 'BANK_TRANSFER');
INSERT INTO orders (id, customer_id, order_date, total_amount, status) VALUES ('1d131877-71cc-4f46-9fd6-0c19661fbf95', '1ea7263e-8aba-4f66-930d-379289f26bcb', '2025-08-18', 12459, 'COMPLETED');
INSERT INTO invoices (id, order_id, invoice_date, amount, due_date, status) VALUES ('8207cf53-b796-4f82-8025-afff449fffa1', '1d131877-71cc-4f46-9fd6-0c19661fbf95', '2025-08-18', 12459, '2025-09-17', 'PAID');
INSERT INTO payments (id, invoice_id, payment_date, amount, method) VALUES ('e5441acb-2415-43cd-bda9-0bf848b98f64', '8207cf53-b796-4f82-8025-afff449fffa1', '2025-08-23', 6229.5, 'BANK_TRANSFER');
INSERT INTO payments (id, invoice_id, payment_date, amount, method) VALUES ('c9226a13-0bff-40ed-927a-3f12e1d50312', '8207cf53-b796-4f82-8025-afff449fffa1', '2025-08-23', 6229.5, 'BANK_TRANSFER');
INSERT INTO orders (id, customer_id, order_date, total_amount, status) VALUES ('69380c51-0d8a-4e70-b9ef-3068a9605218', '1ea7263e-8aba-4f66-930d-379289f26bcb', '2025-02-18', 10128, 'COMPLETED');
INSERT INTO invoices (id, order_id, invoice_date, amount, due_date, status) VALUES ('4d856867-db4c-47e6-a1dc-fb2a31d36f66', '69380c51-0d8a-4e70-b9ef-3068a9605218', '2025-02-18', 10128, '2025-03-20', 'PAID');
INSERT INTO payments (id, invoice_id, payment_date, amount, method) VALUES ('47e436d0-ff4e-49fc-a8f7-e3d40e1d5b2c', '4d856867-db4c-47e6-a1dc-fb2a31d36f66', '2025-02-23', 10128.0, 'BANK_TRANSFER');
INSERT INTO orders (id, customer_id, order_date, total_amount, status) VALUES ('cf7a8820-f679-458c-9676-1b30b130422f', '1ea7263e-8aba-4f66-930d-379289f26bcb', '2025-10-08', 16857, 'COMPLETED');
INSERT INTO invoices (id, order_id, invoice_date, amount, due_date, status) VALUES ('65a50598-a9c5-4f71-81a7-eace17e4b802', 'cf7a8820-f679-458c-9676-1b30b130422f', '2025-10-08', 16857, '2025-11-07', 'PAID');
INSERT INTO payments (id, invoice_id, payment_date, amount, method) VALUES ('95d608ac-8095-4ea7-beee-1f1aa6535b7e', '65a50598-a9c5-4f71-81a7-eace17e4b802', '2025-10-13', 8428.5, 'BANK_TRANSFER');
INSERT INTO payments (id, invoice_id, payment_date, amount, method) VALUES ('b669c30c-6c8c-4b54-9e92-b1fb954a11ce', '65a50598-a9c5-4f71-81a7-eace17e4b802', '2025-10-13', 8428.5, 'BANK_TRANSFER');
INSERT INTO orders (id, customer_id, order_date, total_amount, status) VALUES ('e1c95a86-e870-4cc0-80aa-a64d9bef7ed0', '1ea7263e-8aba-4f66-930d-379289f26bcb', '2025-08-21', 13027, 'COMPLETED');
INSERT INTO invoices (id, order_id, invoice_date, amount, due_date, status) VALUES ('b64679a0-7204-44f0-bad1-c59e8768253f', 'e1c95a86-e870-4cc0-80aa-a64d9bef7ed0', '2025-08-21', 13027, '2025-09-20', 'PAID');
INSERT INTO payments (id, invoice_id, payment_date, amount, method) VALUES ('7cfb8905-639e-405a-838a-6fd03cd19729', 'b64679a0-7204-44f0-bad1-c59e8768253f', '2025-08-26', 13027.0, 'BANK_TRANSFER');
INSERT INTO orders (id, customer_id, order_date, total_amount, status) VALUES ('dd805169-116c-4b61-ad3f-2093cd1a8515', 'a1f387cf-4426-466a-9942-ff85997a0424', '2025-09-26', 3257, 'COMPLETED');
INSERT INTO invoices (id, order_id, invoice_date, amount, due_date, status) VALUES ('c86b9360-2cc1-4b44-a3c6-ac3423ac5c62', 'dd805169-116c-4b61-ad3f-2093cd1a8515', '2025-09-26', 3257, '2025-10-26', 'PAID');
INSERT INTO payments (id, invoice_id, payment_date, amount, method) VALUES ('51ebcb4d-3110-4b73-9625-cc91eb6a6b2b', 'c86b9360-2cc1-4b44-a3c6-ac3423ac5c62', '2025-10-01', 3257.0, 'BANK_TRANSFER');
INSERT INTO orders (id, customer_id, order_date, total_amount, status) VALUES ('93a834c4-7048-4011-bdc6-e4c9d25ec4fd', 'a1f387cf-4426-466a-9942-ff85997a0424', '2025-08-09', 13106, 'COMPLETED');
INSERT INTO invoices (id, order_id, invoice_date, amount, due_date, status) VALUES ('50f677f0-c517-4a2c-ad0e-9aa1db3ec3a4', '93a834c4-7048-4011-bdc6-e4c9d25ec4fd', '2025-08-09', 13106, '2025-09-08', 'PAID');
INSERT INTO payments (id, invoice_id, payment_date, amount, method) VALUES ('d96f4a38-a9ea-43e5-bf46-72c087c511fc', '50f677f0-c517-4a2c-ad0e-9aa1db3ec3a4', '2025-08-14', 6553.0, 'BANK_TRANSFER');
INSERT INTO payments (id, invoice_id, payment_date, amount, method) VALUES ('42d200cc-864b-4be7-b66e-26137b313da4', '50f677f0-c517-4a2c-ad0e-9aa1db3ec3a4', '2025-08-14', 6553.0, 'BANK_TRANSFER');
INSERT INTO orders (id, customer_id, order_date, total_amount, status) VALUES ('c397a535-633b-4962-a272-96c672989bee', 'a1f387cf-4426-466a-9942-ff85997a0424', '2025-09-13', 10456, 'COMPLETED');
INSERT INTO invoices (id, order_id, invoice_date, amount, due_date, status) VALUES ('dfa618e3-ed5f-40d5-9f54-0a1828b33628', 'c397a535-633b-4962-a272-96c672989bee', '2025-09-13', 10456, '2025-10-13', 'PAID');
INSERT INTO payments (id, invoice_id, payment_date, amount, method) VALUES ('242c3bde-689c-4cc9-8238-17857f44604e', 'dfa618e3-ed5f-40d5-9f54-0a1828b33628', '2025-09-18', 5228.0, 'BANK_TRANSFER');
INSERT INTO payments (id, invoice_id, payment_date, amount, method) VALUES ('ead8d5e9-e1d5-4ba3-b710-76583d58ff4e', 'dfa618e3-ed5f-40d5-9f54-0a1828b33628', '2025-09-18', 5228.0, 'BANK_TRANSFER');
INSERT INTO orders (id, customer_id, order_date, total_amount, status) VALUES ('788f8483-f57d-4c82-b849-59fedf7eb450', 'a1f387cf-4426-466a-9942-ff85997a0424', '2025-08-23', 19022, 'COMPLETED');
INSERT INTO invoices (id, order_id, invoice_date, amount, due_date, status) VALUES ('1787b76b-c94a-4919-af8b-6265183b6ca2', '788f8483-f57d-4c82-b849-59fedf7eb450', '2025-08-23', 19022, '2025-09-22', 'PAID');
INSERT INTO payments (id, invoice_id, payment_date, amount, method) VALUES ('375cc753-5638-45fe-9c35-6e8e45ab7298', '1787b76b-c94a-4919-af8b-6265183b6ca2', '2025-08-28', 19022.0, 'BANK_TRANSFER');
INSERT INTO orders (id, customer_id, order_date, total_amount, status) VALUES ('41366a33-5c4f-48c0-a686-7d433f39fe0b', '13e6d7fa-e6d2-4555-adc2-73af025bd871', '2025-11-15', 19400, 'COMPLETED');
INSERT INTO invoices (id, order_id, invoice_date, amount, due_date, status) VALUES ('754a2f68-7aec-4c07-94a9-72aeb2a5f9b9', '41366a33-5c4f-48c0-a686-7d433f39fe0b', '2025-11-15', 19400, '2025-12-15', 'PAID');
INSERT INTO payments (id, invoice_id, payment_date, amount, method) VALUES ('5ec053f5-0f4e-46c1-b9cb-0a5dc0bd57e7', '754a2f68-7aec-4c07-94a9-72aeb2a5f9b9', '2025-11-20', 9700.0, 'BANK_TRANSFER');
INSERT INTO payments (id, invoice_id, payment_date, amount, method) VALUES ('ab63a145-c8f8-474d-85b0-62285946fea9', '754a2f68-7aec-4c07-94a9-72aeb2a5f9b9', '2025-11-20', 9700.0, 'BANK_TRANSFER');
INSERT INTO orders (id, customer_id, order_date, total_amount, status) VALUES ('80703c4a-5a7a-4488-bd22-4af7a313aa5a', '13e6d7fa-e6d2-4555-adc2-73af025bd871', '2024-10-13', 24170, 'COMPLETED');
INSERT INTO invoices (id, order_id, invoice_date, amount, due_date, status) VALUES ('7719a44d-1884-43f7-ad08-8395875b4999', '80703c4a-5a7a-4488-bd22-4af7a313aa5a', '2024-10-13', 24170, '2024-11-12', 'PAID');
INSERT INTO payments (id, invoice_id, payment_date, amount, method) VALUES ('149b6e41-464f-450b-9889-a751df9c80de', '7719a44d-1884-43f7-ad08-8395875b4999', '2024-10-18', 24170.0, 'BANK_TRANSFER');
INSERT INTO orders (id, customer_id, order_date, total_amount, status) VALUES ('c0e788f8-1482-4dd8-8ee7-218f008decc1', '13e6d7fa-e6d2-4555-adc2-73af025bd871', '2025-01-21', 12422, 'COMPLETED');
INSERT INTO invoices (id, order_id, invoice_date, amount, due_date, status) VALUES ('3fd96858-0ceb-4923-bfa8-b60e63ed8877', 'c0e788f8-1482-4dd8-8ee7-218f008decc1', '2025-01-21', 12422, '2025-02-20', 'PAID');
INSERT INTO payments (id, invoice_id, payment_date, amount, method) VALUES ('ea622d10-d598-4c48-a760-5e86267e06cd', '3fd96858-0ceb-4923-bfa8-b60e63ed8877', '2025-01-26', 12422.0, 'BANK_TRANSFER');
INSERT INTO orders (id, customer_id, order_date, total_amount, status) VALUES ('7dcf96e1-5135-4a8e-b11a-56f5ca167527', '37094a0b-a2c2-4cd8-afa1-bff1b0f53621', '2024-07-12', 4784, 'COMPLETED');
INSERT INTO invoices (id, order_id, invoice_date, amount, due_date, status) VALUES ('46f12008-02ac-42e0-b35d-61db82b770c0', '7dcf96e1-5135-4a8e-b11a-56f5ca167527', '2024-07-12', 4784, '2024-08-11', 'PAID');
INSERT INTO payments (id, invoice_id, payment_date, amount, method) VALUES ('f5edd81e-b3e8-47be-b006-ee4f7f8196d1', '46f12008-02ac-42e0-b35d-61db82b770c0', '2024-07-17', 2392.0, 'BANK_TRANSFER');
INSERT INTO payments (id, invoice_id, payment_date, amount, method) VALUES ('5fedab52-15a9-425f-bddf-ca785af67c4b', '46f12008-02ac-42e0-b35d-61db82b770c0', '2024-07-17', 2392.0, 'BANK_TRANSFER');
INSERT INTO orders (id, customer_id, order_date, total_amount, status) VALUES ('6724ed84-1764-40d3-a648-52739f47850e', '37094a0b-a2c2-4cd8-afa1-bff1b0f53621', '2024-11-12', 18228, 'COMPLETED');
INSERT INTO invoices (id, order_id, invoice_date, amount, due_date, status) VALUES ('d615e429-f9c9-43bc-8cab-8034563d1426', '6724ed84-1764-40d3-a648-52739f47850e', '2024-11-12', 18228, '2024-12-12', 'PAID');
INSERT INTO payments (id, invoice_id, payment_date, amount, method) VALUES ('3a79001c-2175-4f85-b732-f3cb20b32abf', 'd615e429-f9c9-43bc-8cab-8034563d1426', '2024-11-17', 18228.0, 'BANK_TRANSFER');
INSERT INTO orders (id, customer_id, order_date, total_amount, status) VALUES ('dc2c8914-999d-4e07-9154-921e1b425933', '37094a0b-a2c2-4cd8-afa1-bff1b0f53621', '2025-08-13', 20771, 'COMPLETED');
INSERT INTO invoices (id, order_id, invoice_date, amount, due_date, status) VALUES ('9d65dcd9-5435-4aad-af6c-d9fccee95f1d', 'dc2c8914-999d-4e07-9154-921e1b425933', '2025-08-13', 20771, '2025-09-12', 'PAID');
INSERT INTO payments (id, invoice_id, payment_date, amount, method) VALUES ('7d8b6a62-93f4-4ef0-9b1d-2545d65ca21d', '9d65dcd9-5435-4aad-af6c-d9fccee95f1d', '2025-08-18', 20771.0, 'BANK_TRANSFER');
INSERT INTO orders (id, customer_id, order_date, total_amount, status) VALUES ('2013aff6-badc-40d9-9164-627e9e40015d', '37094a0b-a2c2-4cd8-afa1-bff1b0f53621', '2025-09-18', 6602, 'COMPLETED');
INSERT INTO invoices (id, order_id, invoice_date, amount, due_date, status) VALUES ('5952b46c-857a-4622-9ae1-beeac3905d58', '2013aff6-badc-40d9-9164-627e9e40015d', '2025-09-18', 6602, '2025-10-18', 'PAID');
INSERT INTO payments (id, invoice_id, payment_date, amount, method) VALUES ('24f5078c-f379-4a17-8c4d-5058af25d7a9', '5952b46c-857a-4622-9ae1-beeac3905d58', '2025-09-23', 3301.0, 'BANK_TRANSFER');
INSERT INTO payments (id, invoice_id, payment_date, amount, method) VALUES ('0c1f1029-31ff-4877-92e2-45eb7a346cbd', '5952b46c-857a-4622-9ae1-beeac3905d58', '2025-09-23', 3301.0, 'BANK_TRANSFER');
INSERT INTO orders (id, customer_id, order_date, total_amount, status) VALUES ('93985227-a7f1-436b-974a-baaa9ac81165', '37094a0b-a2c2-4cd8-afa1-bff1b0f53621', '2024-07-21', 1902, 'COMPLETED');
INSERT INTO invoices (id, order_id, invoice_date, amount, due_date, status) VALUES ('75a17e73-34c2-4938-85a2-8dae03dcc568', '93985227-a7f1-436b-974a-baaa9ac81165', '2024-07-21', 1902, '2024-08-20', 'PAID');
INSERT INTO payments (id, invoice_id, payment_date, amount, method) VALUES ('4881ad02-697f-43f7-a2d1-cbbafc2b9098', '75a17e73-34c2-4938-85a2-8dae03dcc568', '2024-07-26', 951.0, 'BANK_TRANSFER');
INSERT INTO payments (id, invoice_id, payment_date, amount, method) VALUES ('eb214fc3-30fa-4a9f-9fc1-b9561490b0f3', '75a17e73-34c2-4938-85a2-8dae03dcc568', '2024-07-26', 951.0, 'BANK_TRANSFER');
INSERT INTO orders (id, customer_id, order_date, total_amount, status) VALUES ('8e82a8d1-260c-4cad-b89b-c8c0b1db4822', 'f60eebc0-79b2-4639-9053-50428daea24a', '2024-04-07', 1989, 'COMPLETED');
INSERT INTO invoices (id, order_id, invoice_date, amount, due_date, status) VALUES ('e7ae7574-a731-416e-84cb-83eb2a8345a7', '8e82a8d1-260c-4cad-b89b-c8c0b1db4822', '2024-04-07', 1989, '2024-05-07', 'PAID');
INSERT INTO payments (id, invoice_id, payment_date, amount, method) VALUES ('1d72566e-a8be-4ceb-90c3-677ec874ac53', 'e7ae7574-a731-416e-84cb-83eb2a8345a7', '2024-04-12', 994.5, 'BANK_TRANSFER');
INSERT INTO payments (id, invoice_id, payment_date, amount, method) VALUES ('e874bea2-6277-4cb9-af19-bbf70ede4519', 'e7ae7574-a731-416e-84cb-83eb2a8345a7', '2024-04-12', 994.5, 'BANK_TRANSFER');
INSERT INTO orders (id, customer_id, order_date, total_amount, status) VALUES ('33c4e4c3-c8d1-4f2c-a525-3f0655dac7de', 'f60eebc0-79b2-4639-9053-50428daea24a', '2025-05-26', 11250, 'COMPLETED');
INSERT INTO invoices (id, order_id, invoice_date, amount, due_date, status) VALUES ('5c267b28-a556-4afb-946c-2df37906836c', '33c4e4c3-c8d1-4f2c-a525-3f0655dac7de', '2025-05-26', 11250, '2025-06-25', 'PAID');
INSERT INTO payments (id, invoice_id, payment_date, amount, method) VALUES ('a2127167-a9f9-4883-be3d-de374059d003', '5c267b28-a556-4afb-946c-2df37906836c', '2025-05-31', 11250.0, 'BANK_TRANSFER');
INSERT INTO orders (id, customer_id, order_date, total_amount, status) VALUES ('1c16f288-af5a-4fc8-9b84-57bd66ce912e', 'f60eebc0-79b2-4639-9053-50428daea24a', '2024-07-16', 21087, 'COMPLETED');
INSERT INTO invoices (id, order_id, invoice_date, amount, due_date, status) VALUES ('3fe8f4fe-1b58-4eae-a13c-27011eadd95f', '1c16f288-af5a-4fc8-9b84-57bd66ce912e', '2024-07-16', 21087, '2024-08-15', 'PAID');
INSERT INTO payments (id, invoice_id, payment_date, amount, method) VALUES ('e929b08f-9e44-4b61-b4fe-7eeb3a560ba2', '3fe8f4fe-1b58-4eae-a13c-27011eadd95f', '2024-07-21', 21087.0, 'BANK_TRANSFER');
INSERT INTO orders (id, customer_id, order_date, total_amount, status) VALUES ('09c5812b-7838-4cc4-ac80-f28a901e85d1', 'f60eebc0-79b2-4639-9053-50428daea24a', '2025-06-12', 22035, 'COMPLETED');
INSERT INTO invoices (id, order_id, invoice_date, amount, due_date, status) VALUES ('656ffd66-c568-4620-a326-ce6e81596e20', '09c5812b-7838-4cc4-ac80-f28a901e85d1', '2025-06-12', 22035, '2025-07-12', 'PAID');
INSERT INTO payments (id, invoice_id, payment_date, amount, method) VALUES ('19ea4d26-5b0c-4eac-b638-65b6bb48880a', '656ffd66-c568-4620-a326-ce6e81596e20', '2025-06-17', 22035.0, 'BANK_TRANSFER');
INSERT INTO orders (id, customer_id, order_date, total_amount, status) VALUES ('bf098539-13c3-44fd-95be-95282ad825f9', 'f60eebc0-79b2-4639-9053-50428daea24a', '2025-10-20', 18169, 'COMPLETED');
INSERT INTO invoices (id, order_id, invoice_date, amount, due_date, status) VALUES ('b9ffbd73-d54f-4316-911c-f7dc5e5d98a1', 'bf098539-13c3-44fd-95be-95282ad825f9', '2025-10-20', 18169, '2025-11-19', 'PAID');
INSERT INTO payments (id, invoice_id, payment_date, amount, method) VALUES ('db34fff9-aa2d-40df-85f5-503aa1d24786', 'b9ffbd73-d54f-4316-911c-f7dc5e5d98a1', '2025-10-25', 18169.0, 'BANK_TRANSFER');
INSERT INTO orders (id, customer_id, order_date, total_amount, status) VALUES ('350c8bb4-e042-4747-b0cd-0d094b2e5954', 'f60eebc0-79b2-4639-9053-50428daea24a', '2025-05-04', 18528, 'COMPLETED');
INSERT INTO invoices (id, order_id, invoice_date, amount, due_date, status) VALUES ('e5d455e1-1b6e-4c33-accc-601501a39615', '350c8bb4-e042-4747-b0cd-0d094b2e5954', '2025-05-04', 18528, '2025-06-03', 'PAID');
INSERT INTO payments (id, invoice_id, payment_date, amount, method) VALUES ('2bb54a9a-ec99-48df-9ee6-2829154bcc27', 'e5d455e1-1b6e-4c33-accc-601501a39615', '2025-05-09', 9264.0, 'BANK_TRANSFER');
INSERT INTO payments (id, invoice_id, payment_date, amount, method) VALUES ('fbfe940e-2491-4b11-9510-04128cf35dbc', 'e5d455e1-1b6e-4c33-accc-601501a39615', '2025-05-09', 9264.0, 'BANK_TRANSFER');
INSERT INTO orders (id, customer_id, order_date, total_amount, status) VALUES ('6cc26aff-645f-432c-b704-b0c0cfa1c95f', 'f60eebc0-79b2-4639-9053-50428daea24a', '2025-01-12', 12461, 'COMPLETED');
INSERT INTO invoices (id, order_id, invoice_date, amount, due_date, status) VALUES ('fa4ed382-a777-4206-9425-2e09167cf8cd', '6cc26aff-645f-432c-b704-b0c0cfa1c95f', '2025-01-12', 12461, '2025-02-11', 'PAID');
INSERT INTO payments (id, invoice_id, payment_date, amount, method) VALUES ('8bbbd091-2897-4fe6-bdcd-bdf1176d08c6', 'fa4ed382-a777-4206-9425-2e09167cf8cd', '2025-01-17', 12461.0, 'BANK_TRANSFER');
INSERT INTO orders (id, customer_id, order_date, total_amount, status) VALUES ('399867d8-1b68-45a2-8466-5dd780e1ce03', '328b041b-1fa4-4378-a5a0-1f7567a2bd5c', '2024-12-03', 24473, 'COMPLETED');
INSERT INTO invoices (id, order_id, invoice_date, amount, due_date, status) VALUES ('ed61bbd0-5299-477c-a4df-6991c3fd18c6', '399867d8-1b68-45a2-8466-5dd780e1ce03', '2024-12-03', 24473, '2025-01-02', 'PAID');
INSERT INTO payments (id, invoice_id, payment_date, amount, method) VALUES ('d0c06e24-8202-46f2-9d12-bcfe6171ea53', 'ed61bbd0-5299-477c-a4df-6991c3fd18c6', '2024-12-08', 12236.5, 'BANK_TRANSFER');
INSERT INTO payments (id, invoice_id, payment_date, amount, method) VALUES ('ccdfbadd-edb2-4805-9317-446231c7343f', 'ed61bbd0-5299-477c-a4df-6991c3fd18c6', '2024-12-08', 12236.5, 'BANK_TRANSFER');
INSERT INTO orders (id, customer_id, order_date, total_amount, status) VALUES ('ff5feb14-d4b7-45ea-a268-6e203695f3aa', '328b041b-1fa4-4378-a5a0-1f7567a2bd5c', '2024-12-22', 17618, 'COMPLETED');
INSERT INTO invoices (id, order_id, invoice_date, amount, due_date, status) VALUES ('3ec861b0-c918-48b7-8854-c5ae0b06aa64', 'ff5feb14-d4b7-45ea-a268-6e203695f3aa', '2024-12-22', 17618, '2025-01-21', 'PAID');
INSERT INTO payments (id, invoice_id, payment_date, amount, method) VALUES ('8c983b11-9a44-488a-8c55-4646ba40d18a', '3ec861b0-c918-48b7-8854-c5ae0b06aa64', '2024-12-27', 8809.0, 'BANK_TRANSFER');
INSERT INTO payments (id, invoice_id, payment_date, amount, method) VALUES ('641e5353-25d3-4ea2-ba27-fa45604f1eb0', '3ec861b0-c918-48b7-8854-c5ae0b06aa64', '2024-12-27', 8809.0, 'BANK_TRANSFER');
INSERT INTO orders (id, customer_id, order_date, total_amount, status) VALUES ('02c3239d-e03e-4453-a081-39b50d7dcbe6', '328b041b-1fa4-4378-a5a0-1f7567a2bd5c', '2025-01-09', 14080, 'COMPLETED');
INSERT INTO invoices (id, order_id, invoice_date, amount, due_date, status) VALUES ('87b8843c-aa96-403d-8d7c-2e9b428031b3', '02c3239d-e03e-4453-a081-39b50d7dcbe6', '2025-01-09', 14080, '2025-02-08', 'PAID');
INSERT INTO payments (id, invoice_id, payment_date, amount, method) VALUES ('ff44f12d-7e84-4882-aeb0-468022cb7c35', '87b8843c-aa96-403d-8d7c-2e9b428031b3', '2025-01-14', 7040.0, 'BANK_TRANSFER');
INSERT INTO payments (id, invoice_id, payment_date, amount, method) VALUES ('834799c7-df89-4cdc-9cb1-a5ea2f38480f', '87b8843c-aa96-403d-8d7c-2e9b428031b3', '2025-01-14', 7040.0, 'BANK_TRANSFER');
INSERT INTO orders (id, customer_id, order_date, total_amount, status) VALUES ('6e61b444-33cc-4448-bdb0-c65334e32692', '328b041b-1fa4-4378-a5a0-1f7567a2bd5c', '2024-10-29', 13340, 'COMPLETED');
INSERT INTO invoices (id, order_id, invoice_date, amount, due_date, status) VALUES ('a33345b8-6bcf-4507-b7b5-88204cd29b84', '6e61b444-33cc-4448-bdb0-c65334e32692', '2024-10-29', 13340, '2024-11-28', 'PAID');
INSERT INTO payments (id, invoice_id, payment_date, amount, method) VALUES ('1429d8cf-17f4-44ac-b390-0e7f744ec733', 'a33345b8-6bcf-4507-b7b5-88204cd29b84', '2024-11-03', 6670.0, 'BANK_TRANSFER');
INSERT INTO payments (id, invoice_id, payment_date, amount, method) VALUES ('0744ddca-8268-4007-a191-784fe4d2d191', 'a33345b8-6bcf-4507-b7b5-88204cd29b84', '2024-11-03', 6670.0, 'BANK_TRANSFER');
INSERT INTO orders (id, customer_id, order_date, total_amount, status) VALUES ('9ee16d0d-cc6c-4118-9a2a-198c7a522415', '03bf965a-cb24-47e6-9214-40cc57a6dc21', '2025-05-19', 15007, 'COMPLETED');
INSERT INTO invoices (id, order_id, invoice_date, amount, due_date, status) VALUES ('28bcbd87-0ed6-4f86-be25-35ac8a8f5647', '9ee16d0d-cc6c-4118-9a2a-198c7a522415', '2025-05-19', 15007, '2025-06-18', 'PAID');
INSERT INTO payments (id, invoice_id, payment_date, amount, method) VALUES ('6db97d2d-b6b9-49c4-87e1-c846346ef9a2', '28bcbd87-0ed6-4f86-be25-35ac8a8f5647', '2025-05-24', 15007.0, 'BANK_TRANSFER');
INSERT INTO orders (id, customer_id, order_date, total_amount, status) VALUES ('e9b2c42b-6ac6-4e94-bffb-a8ff12caf26f', '03bf965a-cb24-47e6-9214-40cc57a6dc21', '2025-12-09', 9031, 'COMPLETED');
INSERT INTO invoices (id, order_id, invoice_date, amount, due_date, status) VALUES ('7b1518a1-2a2f-409e-a61c-aa6308c1cdbf', 'e9b2c42b-6ac6-4e94-bffb-a8ff12caf26f', '2025-12-09', 9031, '2026-01-08', 'PAID');
INSERT INTO payments (id, invoice_id, payment_date, amount, method) VALUES ('7f20f9b0-7a69-4d5e-a92c-c7adf26ecdc1', '7b1518a1-2a2f-409e-a61c-aa6308c1cdbf', '2025-12-14', 4515.5, 'BANK_TRANSFER');
INSERT INTO payments (id, invoice_id, payment_date, amount, method) VALUES ('42fddb1b-0241-4200-a346-2a7908966069', '7b1518a1-2a2f-409e-a61c-aa6308c1cdbf', '2025-12-14', 4515.5, 'BANK_TRANSFER');
INSERT INTO orders (id, customer_id, order_date, total_amount, status) VALUES ('8d2aab05-ef7d-42db-a10a-fbb02d604640', '03bf965a-cb24-47e6-9214-40cc57a6dc21', '2024-06-04', 11929, 'COMPLETED');
INSERT INTO invoices (id, order_id, invoice_date, amount, due_date, status) VALUES ('8fcdb6c9-cc87-47be-8df9-75417bb0aaa1', '8d2aab05-ef7d-42db-a10a-fbb02d604640', '2024-06-04', 11929, '2024-07-04', 'PAID');
INSERT INTO payments (id, invoice_id, payment_date, amount, method) VALUES ('95708665-faa2-4024-b638-c6929c1f9ac6', '8fcdb6c9-cc87-47be-8df9-75417bb0aaa1', '2024-06-09', 11929.0, 'BANK_TRANSFER');
INSERT INTO orders (id, customer_id, order_date, total_amount, status) VALUES ('f375bffb-701b-4d2a-92dd-aca6ae1ffb6c', '99a62e22-763b-4283-8e98-77b413935432', '2024-05-27', 13442, 'COMPLETED');
INSERT INTO invoices (id, order_id, invoice_date, amount, due_date, status) VALUES ('44241a79-650e-472d-941f-6c4a305119eb', 'f375bffb-701b-4d2a-92dd-aca6ae1ffb6c', '2024-05-27', 13442, '2024-06-26', 'PAID');
INSERT INTO payments (id, invoice_id, payment_date, amount, method) VALUES ('af0fe60c-806f-4a6b-9662-f82ac0134e5a', '44241a79-650e-472d-941f-6c4a305119eb', '2024-06-01', 13442.0, 'BANK_TRANSFER');
INSERT INTO orders (id, customer_id, order_date, total_amount, status) VALUES ('aa527d9e-00b1-4d05-8603-51f152d2116f', '99a62e22-763b-4283-8e98-77b413935432', '2025-01-15', 15822, 'COMPLETED');
INSERT INTO invoices (id, order_id, invoice_date, amount, due_date, status) VALUES ('4870cfd0-5081-4389-8c22-300852cf6836', 'aa527d9e-00b1-4d05-8603-51f152d2116f', '2025-01-15', 15822, '2025-02-14', 'PAID');
INSERT INTO payments (id, invoice_id, payment_date, amount, method) VALUES ('c0eec3b0-d32e-44e1-9977-dbf0dab3af2c', '4870cfd0-5081-4389-8c22-300852cf6836', '2025-01-20', 15822.0, 'BANK_TRANSFER');
INSERT INTO orders (id, customer_id, order_date, total_amount, status) VALUES ('8f2c38cb-0fb4-425d-b50f-0915d945b57e', '99a62e22-763b-4283-8e98-77b413935432', '2024-03-20', 1846, 'COMPLETED');
INSERT INTO invoices (id, order_id, invoice_date, amount, due_date, status) VALUES ('7d3b39f7-716a-4bd2-821f-f42dfa637ea8', '8f2c38cb-0fb4-425d-b50f-0915d945b57e', '2024-03-20', 1846, '2024-04-19', 'PAID');
INSERT INTO payments (id, invoice_id, payment_date, amount, method) VALUES ('b45a2e07-6cf1-47e6-b67c-bd251e599c49', '7d3b39f7-716a-4bd2-821f-f42dfa637ea8', '2024-03-25', 923.0, 'BANK_TRANSFER');
INSERT INTO payments (id, invoice_id, payment_date, amount, method) VALUES ('05fdbb6d-eebd-4f17-b353-355cbc3cf5ed', '7d3b39f7-716a-4bd2-821f-f42dfa637ea8', '2024-03-25', 923.0, 'BANK_TRANSFER');
INSERT INTO orders (id, customer_id, order_date, total_amount, status) VALUES ('6c48f5ba-406a-4ab9-b8c5-33c2e05698d9', 'f25a9a7d-0172-4e8c-ac74-2a8f8d0b6a51', '2025-08-07', 4082, 'COMPLETED');
INSERT INTO invoices (id, order_id, invoice_date, amount, due_date, status) VALUES ('100cac2e-43fa-4091-911a-77618f0ae887', '6c48f5ba-406a-4ab9-b8c5-33c2e05698d9', '2025-08-07', 4082, '2025-09-06', 'PAID');
INSERT INTO payments (id, invoice_id, payment_date, amount, method) VALUES ('41d33505-aad5-4cf7-a485-2123b47b65e3', '100cac2e-43fa-4091-911a-77618f0ae887', '2025-08-12', 2041.0, 'BANK_TRANSFER');
INSERT INTO payments (id, invoice_id, payment_date, amount, method) VALUES ('137527c4-0d35-4276-ba3c-226dfe65edb7', '100cac2e-43fa-4091-911a-77618f0ae887', '2025-08-12', 2041.0, 'BANK_TRANSFER');
INSERT INTO orders (id, customer_id, order_date, total_amount, status) VALUES ('f06fc7f3-2325-4235-b0cc-983585d30aa8', 'f25a9a7d-0172-4e8c-ac74-2a8f8d0b6a51', '2025-05-21', 6872, 'COMPLETED');
INSERT INTO invoices (id, order_id, invoice_date, amount, due_date, status) VALUES ('8340de42-dd35-40a3-b728-c004e6ed672a', 'f06fc7f3-2325-4235-b0cc-983585d30aa8', '2025-05-21', 6872, '2025-06-20', 'PAID');
INSERT INTO payments (id, invoice_id, payment_date, amount, method) VALUES ('b3bdd01b-0528-4230-8357-b5e3b3bc3809', '8340de42-dd35-40a3-b728-c004e6ed672a', '2025-05-26', 6872.0, 'BANK_TRANSFER');
INSERT INTO orders (id, customer_id, order_date, total_amount, status) VALUES ('9ab4865e-cec9-423f-9ed1-00f2210ec4a7', 'f25a9a7d-0172-4e8c-ac74-2a8f8d0b6a51', '2025-05-01', 5254, 'COMPLETED');
INSERT INTO invoices (id, order_id, invoice_date, amount, due_date, status) VALUES ('9df05cf7-3a75-461c-88ab-94146270cc9a', '9ab4865e-cec9-423f-9ed1-00f2210ec4a7', '2025-05-01', 5254, '2025-05-31', 'PAID');
INSERT INTO payments (id, invoice_id, payment_date, amount, method) VALUES ('80e6d8ae-48b1-4275-afdf-4681f7613bec', '9df05cf7-3a75-461c-88ab-94146270cc9a', '2025-05-06', 5254.0, 'BANK_TRANSFER');
INSERT INTO orders (id, customer_id, order_date, total_amount, status) VALUES ('60046a1c-e57b-4d37-8b24-816499b6e08d', 'f25a9a7d-0172-4e8c-ac74-2a8f8d0b6a51', '2024-09-01', 22634, 'COMPLETED');
INSERT INTO invoices (id, order_id, invoice_date, amount, due_date, status) VALUES ('0d0b68f8-84bf-4e64-a277-482b944cbb78', '60046a1c-e57b-4d37-8b24-816499b6e08d', '2024-09-01', 22634, '2024-10-01', 'PAID');
INSERT INTO payments (id, invoice_id, payment_date, amount, method) VALUES ('1f8bc8e1-038e-4f63-9553-9741b51640af', '0d0b68f8-84bf-4e64-a277-482b944cbb78', '2024-09-06', 22634.0, 'BANK_TRANSFER');
INSERT INTO orders (id, customer_id, order_date, total_amount, status) VALUES ('719b07f9-0a4e-45f8-b44a-0a89f70e09f2', 'ce60a060-f1cb-48bb-85f3-7e50b24093dc', '2025-08-11', 9071, 'COMPLETED');
INSERT INTO invoices (id, order_id, invoice_date, amount, due_date, status) VALUES ('0194c290-c47e-4c91-b46f-7345afad01df', '719b07f9-0a4e-45f8-b44a-0a89f70e09f2', '2025-08-11', 9071, '2025-09-10', 'PAID');
INSERT INTO payments (id, invoice_id, payment_date, amount, method) VALUES ('fbccf268-103d-4763-a1ce-d77a8f79d162', '0194c290-c47e-4c91-b46f-7345afad01df', '2025-08-16', 9071.0, 'BANK_TRANSFER');
INSERT INTO orders (id, customer_id, order_date, total_amount, status) VALUES ('738e705f-b9d4-4605-a635-ae825c43b387', 'ce60a060-f1cb-48bb-85f3-7e50b24093dc', '2025-10-21', 23234, 'COMPLETED');
INSERT INTO invoices (id, order_id, invoice_date, amount, due_date, status) VALUES ('e6ea1e5d-53b1-4a7b-b41b-b8fe7539f0c5', '738e705f-b9d4-4605-a635-ae825c43b387', '2025-10-21', 23234, '2025-11-20', 'PAID');
INSERT INTO payments (id, invoice_id, payment_date, amount, method) VALUES ('e59d7746-5265-413b-9cbf-3a5c3d9349bb', 'e6ea1e5d-53b1-4a7b-b41b-b8fe7539f0c5', '2025-10-26', 11617.0, 'BANK_TRANSFER');
INSERT INTO payments (id, invoice_id, payment_date, amount, method) VALUES ('60142896-dfac-4c61-b836-8eaab5a17e03', 'e6ea1e5d-53b1-4a7b-b41b-b8fe7539f0c5', '2025-10-26', 11617.0, 'BANK_TRANSFER');
INSERT INTO orders (id, customer_id, order_date, total_amount, status) VALUES ('8ad646fc-0a4b-4dfb-9a53-b0fb83a445de', 'ce60a060-f1cb-48bb-85f3-7e50b24093dc', '2024-12-17', 2709, 'COMPLETED');
INSERT INTO invoices (id, order_id, invoice_date, amount, due_date, status) VALUES ('36351104-49b4-4093-926f-c325760251f7', '8ad646fc-0a4b-4dfb-9a53-b0fb83a445de', '2024-12-17', 2709, '2025-01-16', 'PAID');
INSERT INTO payments (id, invoice_id, payment_date, amount, method) VALUES ('fa29c37f-c5e5-4c5f-8ba4-15d1b2724180', '36351104-49b4-4093-926f-c325760251f7', '2024-12-22', 2709.0, 'BANK_TRANSFER');
INSERT INTO orders (id, customer_id, order_date, total_amount, status) VALUES ('4ab6b6ba-75bd-4a25-9189-61c8a163a986', 'cd01e236-e654-4a99-baf5-f5a5e37d9356', '2024-07-24', 7255, 'COMPLETED');
INSERT INTO invoices (id, order_id, invoice_date, amount, due_date, status) VALUES ('1e826f62-e321-44b2-9bce-527647f54cff', '4ab6b6ba-75bd-4a25-9189-61c8a163a986', '2024-07-24', 7255, '2024-08-23', 'PAID');
INSERT INTO payments (id, invoice_id, payment_date, amount, method) VALUES ('2dcc6e75-684d-4063-b9f0-b6eb53d3d50a', '1e826f62-e321-44b2-9bce-527647f54cff', '2024-07-29', 3627.5, 'BANK_TRANSFER');
INSERT INTO payments (id, invoice_id, payment_date, amount, method) VALUES ('0f8f82f9-be7d-4e4a-925a-da1e859d03c8', '1e826f62-e321-44b2-9bce-527647f54cff', '2024-07-29', 3627.5, 'BANK_TRANSFER');
INSERT INTO orders (id, customer_id, order_date, total_amount, status) VALUES ('db149522-5148-4e35-83d2-ee3887a461b6', 'cd01e236-e654-4a99-baf5-f5a5e37d9356', '2024-07-01', 12148, 'COMPLETED');
INSERT INTO invoices (id, order_id, invoice_date, amount, due_date, status) VALUES ('0c933af4-43e7-436b-84f3-5c1746f53281', 'db149522-5148-4e35-83d2-ee3887a461b6', '2024-07-01', 12148, '2024-07-31', 'PAID');
INSERT INTO payments (id, invoice_id, payment_date, amount, method) VALUES ('06ed0b3f-7a14-4734-a1d1-c46d4bef0b1d', '0c933af4-43e7-436b-84f3-5c1746f53281', '2024-07-06', 6074.0, 'BANK_TRANSFER');
INSERT INTO payments (id, invoice_id, payment_date, amount, method) VALUES ('2fc0ffeb-4d47-4dfe-8964-59c20fb5657c', '0c933af4-43e7-436b-84f3-5c1746f53281', '2024-07-06', 6074.0, 'BANK_TRANSFER');
INSERT INTO orders (id, customer_id, order_date, total_amount, status) VALUES ('d4da1bf5-65fd-4e43-9755-497a56536a43', 'cd01e236-e654-4a99-baf5-f5a5e37d9356', '2024-06-08', 4557, 'COMPLETED');
INSERT INTO invoices (id, order_id, invoice_date, amount, due_date, status) VALUES ('2d4356d8-4c29-4d0d-8d3f-d74e888a3aa0', 'd4da1bf5-65fd-4e43-9755-497a56536a43', '2024-06-08', 4557, '2024-07-08', 'PAID');
INSERT INTO payments (id, invoice_id, payment_date, amount, method) VALUES ('231eb70c-2a49-487d-ba1e-a2bf6147981c', '2d4356d8-4c29-4d0d-8d3f-d74e888a3aa0', '2024-06-13', 4557.0, 'BANK_TRANSFER');
INSERT INTO orders (id, customer_id, order_date, total_amount, status) VALUES ('0c1ab6e8-1eb9-442a-a669-e7b53750d89d', 'cd01e236-e654-4a99-baf5-f5a5e37d9356', '2025-04-29', 11323, 'COMPLETED');
INSERT INTO invoices (id, order_id, invoice_date, amount, due_date, status) VALUES ('96d9b7f1-8730-4e48-9c42-9df0fa599496', '0c1ab6e8-1eb9-442a-a669-e7b53750d89d', '2025-04-29', 11323, '2025-05-29', 'PAID');
INSERT INTO payments (id, invoice_id, payment_date, amount, method) VALUES ('6c7b58e7-de4d-4346-a2f1-9c5326860a60', '96d9b7f1-8730-4e48-9c42-9df0fa599496', '2025-05-04', 11323.0, 'BANK_TRANSFER');
INSERT INTO orders (id, customer_id, order_date, total_amount, status) VALUES ('52ce9d34-2674-4dd0-9d11-68e48b29ed8a', 'cd01e236-e654-4a99-baf5-f5a5e37d9356', '2025-02-26', 2325, 'COMPLETED');
INSERT INTO invoices (id, order_id, invoice_date, amount, due_date, status) VALUES ('046b62fa-b029-4c43-aaea-f52cd2730d8c', '52ce9d34-2674-4dd0-9d11-68e48b29ed8a', '2025-02-26', 2325, '2025-03-28', 'PAID');
INSERT INTO payments (id, invoice_id, payment_date, amount, method) VALUES ('d6e603f2-4f10-49f2-ad3e-33b4bbc353e3', '046b62fa-b029-4c43-aaea-f52cd2730d8c', '2025-03-03', 1162.5, 'BANK_TRANSFER');
INSERT INTO payments (id, invoice_id, payment_date, amount, method) VALUES ('87729040-7f4f-4211-be40-3fbaba4b0f22', '046b62fa-b029-4c43-aaea-f52cd2730d8c', '2025-03-03', 1162.5, 'BANK_TRANSFER');
INSERT INTO orders (id, customer_id, order_date, total_amount, status) VALUES ('72ed1595-9da6-4f31-b2e9-e381bb49e9f0', 'cd01e236-e654-4a99-baf5-f5a5e37d9356', '2025-08-26', 22972, 'COMPLETED');
INSERT INTO invoices (id, order_id, invoice_date, amount, due_date, status) VALUES ('ea11d118-246f-4f21-8ecd-19c7f7161b3a', '72ed1595-9da6-4f31-b2e9-e381bb49e9f0', '2025-08-26', 22972, '2025-09-25', 'PAID');
INSERT INTO payments (id, invoice_id, payment_date, amount, method) VALUES ('dc083a25-e060-4d49-87ee-7fde1aa9e380', 'ea11d118-246f-4f21-8ecd-19c7f7161b3a', '2025-08-31', 11486.0, 'BANK_TRANSFER');
INSERT INTO payments (id, invoice_id, payment_date, amount, method) VALUES ('6258e396-c45e-47b4-b8fe-61d8c52c6a15', 'ea11d118-246f-4f21-8ecd-19c7f7161b3a', '2025-08-31', 11486.0, 'BANK_TRANSFER');
INSERT INTO orders (id, customer_id, order_date, total_amount, status) VALUES ('55dd4192-4887-4e07-93ba-031ec3547515', 'aed7d685-c6d4-49eb-9abb-f9f961cf6c3b', '2025-03-11', 8302, 'COMPLETED');
INSERT INTO invoices (id, order_id, invoice_date, amount, due_date, status) VALUES ('1dfb1290-58cb-4f37-b095-a476bb609000', '55dd4192-4887-4e07-93ba-031ec3547515', '2025-03-11', 8302, '2025-04-10', 'PAID');
INSERT INTO payments (id, invoice_id, payment_date, amount, method) VALUES ('56ba2fa2-6d06-4a7d-8761-85b7b06c1569', '1dfb1290-58cb-4f37-b095-a476bb609000', '2025-03-16', 4151.0, 'BANK_TRANSFER');
INSERT INTO payments (id, invoice_id, payment_date, amount, method) VALUES ('4e8428e8-7e7b-4e49-8c18-a61ea0c42973', '1dfb1290-58cb-4f37-b095-a476bb609000', '2025-03-16', 4151.0, 'BANK_TRANSFER');
INSERT INTO orders (id, customer_id, order_date, total_amount, status) VALUES ('60f220ef-5f0b-4fba-ad0a-08aa8564aa99', 'aed7d685-c6d4-49eb-9abb-f9f961cf6c3b', '2024-06-09', 23683, 'COMPLETED');
INSERT INTO invoices (id, order_id, invoice_date, amount, due_date, status) VALUES ('892968a6-44b5-417f-85dd-e46650386237', '60f220ef-5f0b-4fba-ad0a-08aa8564aa99', '2024-06-09', 23683, '2024-07-09', 'PAID');
INSERT INTO payments (id, invoice_id, payment_date, amount, method) VALUES ('337e29d8-660f-4791-bf63-e3e994626005', '892968a6-44b5-417f-85dd-e46650386237', '2024-06-14', 11841.5, 'BANK_TRANSFER');
INSERT INTO payments (id, invoice_id, payment_date, amount, method) VALUES ('7cf84cf9-e093-421b-b9a8-3868fa5589fd', '892968a6-44b5-417f-85dd-e46650386237', '2024-06-14', 11841.5, 'BANK_TRANSFER');
INSERT INTO orders (id, customer_id, order_date, total_amount, status) VALUES ('dbd0c250-58e3-47c8-b99a-16ce069084c9', 'aed7d685-c6d4-49eb-9abb-f9f961cf6c3b', '2025-02-25', 5257, 'COMPLETED');
INSERT INTO invoices (id, order_id, invoice_date, amount, due_date, status) VALUES ('f5032f1c-b9aa-4971-bb1f-7b1b67e14d1f', 'dbd0c250-58e3-47c8-b99a-16ce069084c9', '2025-02-25', 5257, '2025-03-27', 'PAID');
INSERT INTO payments (id, invoice_id, payment_date, amount, method) VALUES ('1f7570c7-f742-4d9e-a26f-6e253da1e2a6', 'f5032f1c-b9aa-4971-bb1f-7b1b67e14d1f', '2025-03-02', 2628.5, 'BANK_TRANSFER');
INSERT INTO payments (id, invoice_id, payment_date, amount, method) VALUES ('4ec77338-bc3a-4188-95cc-df8daf53e960', 'f5032f1c-b9aa-4971-bb1f-7b1b67e14d1f', '2025-03-02', 2628.5, 'BANK_TRANSFER');
INSERT INTO orders (id, customer_id, order_date, total_amount, status) VALUES ('e6a688ea-406e-4c25-b458-1d8885169bbf', 'aed7d685-c6d4-49eb-9abb-f9f961cf6c3b', '2025-09-09', 9486, 'COMPLETED');
INSERT INTO invoices (id, order_id, invoice_date, amount, due_date, status) VALUES ('c3ffc70f-673e-4f63-8866-843ba74c0781', 'e6a688ea-406e-4c25-b458-1d8885169bbf', '2025-09-09', 9486, '2025-10-09', 'PAID');
INSERT INTO payments (id, invoice_id, payment_date, amount, method) VALUES ('eb018573-c03f-47de-8e26-15dcd1536045', 'c3ffc70f-673e-4f63-8866-843ba74c0781', '2025-09-14', 4743.0, 'BANK_TRANSFER');
INSERT INTO payments (id, invoice_id, payment_date, amount, method) VALUES ('683676d9-6dce-4b30-92e6-3163a7e92d56', 'c3ffc70f-673e-4f63-8866-843ba74c0781', '2025-09-14', 4743.0, 'BANK_TRANSFER');
INSERT INTO orders (id, customer_id, order_date, total_amount, status) VALUES ('df7d5b34-ef1a-407d-a32d-a099b205a7f0', '52d3d463-cb84-4d7e-b260-ce08b002ae3d', '2024-07-18', 24594, 'COMPLETED');
INSERT INTO invoices (id, order_id, invoice_date, amount, due_date, status) VALUES ('81224631-7855-4a0c-a3a5-3f09b7544a37', 'df7d5b34-ef1a-407d-a32d-a099b205a7f0', '2024-07-18', 24594, '2024-08-17', 'PAID');
INSERT INTO payments (id, invoice_id, payment_date, amount, method) VALUES ('aa01f026-a0e5-4d30-9a8f-d9f6e701ccb9', '81224631-7855-4a0c-a3a5-3f09b7544a37', '2024-07-23', 24594.0, 'BANK_TRANSFER');
INSERT INTO orders (id, customer_id, order_date, total_amount, status) VALUES ('aea91d0f-e7b4-423c-8030-63de8482a6fd', '52d3d463-cb84-4d7e-b260-ce08b002ae3d', '2024-11-19', 18787, 'COMPLETED');
INSERT INTO invoices (id, order_id, invoice_date, amount, due_date, status) VALUES ('102a8ef7-6ee9-4a11-affc-f9ac16bb0162', 'aea91d0f-e7b4-423c-8030-63de8482a6fd', '2024-11-19', 18787, '2024-12-19', 'PAID');
INSERT INTO payments (id, invoice_id, payment_date, amount, method) VALUES ('4932c66d-db23-4e1d-b53f-e599c7865dd1', '102a8ef7-6ee9-4a11-affc-f9ac16bb0162', '2024-11-24', 9393.5, 'BANK_TRANSFER');
INSERT INTO payments (id, invoice_id, payment_date, amount, method) VALUES ('6bcab6de-a08e-4307-97a1-f3779c485848', '102a8ef7-6ee9-4a11-affc-f9ac16bb0162', '2024-11-24', 9393.5, 'BANK_TRANSFER');
INSERT INTO orders (id, customer_id, order_date, total_amount, status) VALUES ('bdf74e36-0277-4e68-8230-2bbb3fcbcdb1', '52d3d463-cb84-4d7e-b260-ce08b002ae3d', '2025-07-16', 5649, 'COMPLETED');
INSERT INTO invoices (id, order_id, invoice_date, amount, due_date, status) VALUES ('5e81ec71-75c6-45ed-9ad4-36ad82ce0053', 'bdf74e36-0277-4e68-8230-2bbb3fcbcdb1', '2025-07-16', 5649, '2025-08-15', 'PAID');
INSERT INTO payments (id, invoice_id, payment_date, amount, method) VALUES ('18feaa36-ee36-4a7c-8146-5bd903f3b5d0', '5e81ec71-75c6-45ed-9ad4-36ad82ce0053', '2025-07-21', 5649.0, 'BANK_TRANSFER');
INSERT INTO orders (id, customer_id, order_date, total_amount, status) VALUES ('d99723b7-9058-4586-815a-0e2d3a56deea', '52d3d463-cb84-4d7e-b260-ce08b002ae3d', '2025-11-25', 2865, 'COMPLETED');
INSERT INTO invoices (id, order_id, invoice_date, amount, due_date, status) VALUES ('5a64087d-02d4-416b-9afc-bbe66fc55b94', 'd99723b7-9058-4586-815a-0e2d3a56deea', '2025-11-25', 2865, '2025-12-25', 'PAID');
INSERT INTO payments (id, invoice_id, payment_date, amount, method) VALUES ('f37ab6bb-b908-46ac-ba65-05a2428b5394', '5a64087d-02d4-416b-9afc-bbe66fc55b94', '2025-11-30', 1432.5, 'BANK_TRANSFER');
INSERT INTO payments (id, invoice_id, payment_date, amount, method) VALUES ('627cd1ee-a753-4701-a02c-a9a94f05a34f', '5a64087d-02d4-416b-9afc-bbe66fc55b94', '2025-11-30', 1432.5, 'BANK_TRANSFER');
INSERT INTO orders (id, customer_id, order_date, total_amount, status) VALUES ('13f47952-1e59-4d71-9774-8818287202e2', '850c894a-7b94-4aa7-a0e3-4feb014df150', '2025-11-22', 19638, 'COMPLETED');
INSERT INTO invoices (id, order_id, invoice_date, amount, due_date, status) VALUES ('1833a9c5-a89f-4172-8155-b943dd0104e8', '13f47952-1e59-4d71-9774-8818287202e2', '2025-11-22', 19638, '2025-12-22', 'PAID');
INSERT INTO payments (id, invoice_id, payment_date, amount, method) VALUES ('5d7d1286-686b-474e-b975-a8227b8ee9d9', '1833a9c5-a89f-4172-8155-b943dd0104e8', '2025-11-27', 19638.0, 'BANK_TRANSFER');
INSERT INTO orders (id, customer_id, order_date, total_amount, status) VALUES ('ee93a9e0-535c-44e3-b664-30398b3b9a21', '850c894a-7b94-4aa7-a0e3-4feb014df150', '2025-01-15', 13826, 'COMPLETED');
INSERT INTO invoices (id, order_id, invoice_date, amount, due_date, status) VALUES ('7a482410-d58f-4e7d-8cdb-46449d8955d3', 'ee93a9e0-535c-44e3-b664-30398b3b9a21', '2025-01-15', 13826, '2025-02-14', 'PAID');
INSERT INTO payments (id, invoice_id, payment_date, amount, method) VALUES ('d801693b-5823-4b68-af91-430758a94925', '7a482410-d58f-4e7d-8cdb-46449d8955d3', '2025-01-20', 6913.0, 'BANK_TRANSFER');
INSERT INTO payments (id, invoice_id, payment_date, amount, method) VALUES ('1abeab59-fb0a-4fe5-9e0b-75dbe0c0a05f', '7a482410-d58f-4e7d-8cdb-46449d8955d3', '2025-01-20', 6913.0, 'BANK_TRANSFER');
INSERT INTO orders (id, customer_id, order_date, total_amount, status) VALUES ('0d95092c-0546-44be-9481-75d7beaa317b', '850c894a-7b94-4aa7-a0e3-4feb014df150', '2025-10-06', 18738, 'COMPLETED');
INSERT INTO invoices (id, order_id, invoice_date, amount, due_date, status) VALUES ('ce2451a2-a224-43d9-a2db-fe16d7bb52af', '0d95092c-0546-44be-9481-75d7beaa317b', '2025-10-06', 18738, '2025-11-05', 'PAID');
INSERT INTO payments (id, invoice_id, payment_date, amount, method) VALUES ('70304abb-5ca5-4e89-a8d1-86a8ec285cc7', 'ce2451a2-a224-43d9-a2db-fe16d7bb52af', '2025-10-11', 18738.0, 'BANK_TRANSFER');
INSERT INTO orders (id, customer_id, order_date, total_amount, status) VALUES ('4a04e99e-eea6-4436-981a-cf84c42a788b', '850c894a-7b94-4aa7-a0e3-4feb014df150', '2025-08-09', 21616, 'COMPLETED');
INSERT INTO invoices (id, order_id, invoice_date, amount, due_date, status) VALUES ('d03ea6d1-2bbc-4b37-b947-e4a4344f7343', '4a04e99e-eea6-4436-981a-cf84c42a788b', '2025-08-09', 21616, '2025-09-08', 'PAID');
INSERT INTO payments (id, invoice_id, payment_date, amount, method) VALUES ('3cf94beb-55c0-456e-ba7d-059360896f24', 'd03ea6d1-2bbc-4b37-b947-e4a4344f7343', '2025-08-14', 21616.0, 'BANK_TRANSFER');
INSERT INTO orders (id, customer_id, order_date, total_amount, status) VALUES ('8ed082ad-d15a-4bf4-86ad-3d212a337a51', '4e2a2b31-b2e2-482b-8fc8-6b17ad3e0980', '2025-06-04', 24586, 'COMPLETED');
INSERT INTO invoices (id, order_id, invoice_date, amount, due_date, status) VALUES ('8f8c210a-eaf4-46c2-a225-ffd869d720f1', '8ed082ad-d15a-4bf4-86ad-3d212a337a51', '2025-06-04', 24586, '2025-07-04', 'PAID');
INSERT INTO payments (id, invoice_id, payment_date, amount, method) VALUES ('99d550c6-ec4a-4b08-a711-f36f73dc4f61', '8f8c210a-eaf4-46c2-a225-ffd869d720f1', '2025-06-09', 24586.0, 'BANK_TRANSFER');
INSERT INTO orders (id, customer_id, order_date, total_amount, status) VALUES ('0a0abb5d-378b-4ea9-bf01-a8aa65393773', '4e2a2b31-b2e2-482b-8fc8-6b17ad3e0980', '2024-10-05', 1427, 'COMPLETED');
INSERT INTO invoices (id, order_id, invoice_date, amount, due_date, status) VALUES ('7689f251-86dc-425f-99a1-4ffbc7325c14', '0a0abb5d-378b-4ea9-bf01-a8aa65393773', '2024-10-05', 1427, '2024-11-04', 'PAID');
INSERT INTO payments (id, invoice_id, payment_date, amount, method) VALUES ('89d81c6e-03a6-4a80-943b-3ccf4f43dad1', '7689f251-86dc-425f-99a1-4ffbc7325c14', '2024-10-10', 1427.0, 'BANK_TRANSFER');
INSERT INTO orders (id, customer_id, order_date, total_amount, status) VALUES ('37a3c1d1-d759-408b-88e4-f18d4cb87c61', '4e2a2b31-b2e2-482b-8fc8-6b17ad3e0980', '2025-01-16', 3929, 'COMPLETED');
INSERT INTO invoices (id, order_id, invoice_date, amount, due_date, status) VALUES ('e6577b7c-e747-4bc0-b1ae-705e18039428', '37a3c1d1-d759-408b-88e4-f18d4cb87c61', '2025-01-16', 3929, '2025-02-15', 'PAID');
INSERT INTO payments (id, invoice_id, payment_date, amount, method) VALUES ('09e2583f-c79c-4a8a-ba66-e785043320e4', 'e6577b7c-e747-4bc0-b1ae-705e18039428', '2025-01-21', 3929.0, 'BANK_TRANSFER');
INSERT INTO orders (id, customer_id, order_date, total_amount, status) VALUES ('414096cd-ad78-489d-831c-ae3e65ab50b0', '4e2a2b31-b2e2-482b-8fc8-6b17ad3e0980', '2025-06-06', 11062, 'COMPLETED');
INSERT INTO invoices (id, order_id, invoice_date, amount, due_date, status) VALUES ('5f8aa61d-3c3a-4273-88a4-43234ca8aeca', '414096cd-ad78-489d-831c-ae3e65ab50b0', '2025-06-06', 11062, '2025-07-06', 'PAID');
INSERT INTO payments (id, invoice_id, payment_date, amount, method) VALUES ('037df971-a8e2-4154-a1f4-bddaed943888', '5f8aa61d-3c3a-4273-88a4-43234ca8aeca', '2025-06-11', 5531.0, 'BANK_TRANSFER');
INSERT INTO payments (id, invoice_id, payment_date, amount, method) VALUES ('53079bc0-e404-4149-88ae-eb95356a0de9', '5f8aa61d-3c3a-4273-88a4-43234ca8aeca', '2025-06-11', 5531.0, 'BANK_TRANSFER');
INSERT INTO orders (id, customer_id, order_date, total_amount, status) VALUES ('a68ce86c-b731-4c9c-97ac-4c57c7e1b065', '4e2a2b31-b2e2-482b-8fc8-6b17ad3e0980', '2024-07-17', 6044, 'COMPLETED');
INSERT INTO invoices (id, order_id, invoice_date, amount, due_date, status) VALUES ('dcab35b9-42a7-4d9e-bc9e-89438c64f6f2', 'a68ce86c-b731-4c9c-97ac-4c57c7e1b065', '2024-07-17', 6044, '2024-08-16', 'PAID');
INSERT INTO payments (id, invoice_id, payment_date, amount, method) VALUES ('9a427e78-9af6-495e-b62b-242624da7471', 'dcab35b9-42a7-4d9e-bc9e-89438c64f6f2', '2024-07-22', 3022.0, 'BANK_TRANSFER');
INSERT INTO payments (id, invoice_id, payment_date, amount, method) VALUES ('c24f1688-49ac-4221-ac55-910faffe6c77', 'dcab35b9-42a7-4d9e-bc9e-89438c64f6f2', '2024-07-22', 3022.0, 'BANK_TRANSFER');
INSERT INTO orders (id, customer_id, order_date, total_amount, status) VALUES ('262d9ebf-210d-48ce-a303-324a02c2fafb', '5c1bbc65-e7f3-4315-b2c9-5f4d0db89b50', '2025-07-26', 12187, 'COMPLETED');
INSERT INTO invoices (id, order_id, invoice_date, amount, due_date, status) VALUES ('a4d7b7d5-e5dc-47d2-ab3d-40a89a053649', '262d9ebf-210d-48ce-a303-324a02c2fafb', '2025-07-26', 12187, '2025-08-25', 'PAID');
INSERT INTO payments (id, invoice_id, payment_date, amount, method) VALUES ('212134c6-8d94-49cd-a285-ff0e8416dd12', 'a4d7b7d5-e5dc-47d2-ab3d-40a89a053649', '2025-07-31', 12187.0, 'BANK_TRANSFER');
INSERT INTO orders (id, customer_id, order_date, total_amount, status) VALUES ('e83d904c-9e97-4e12-8c61-9ba4cadc3cd4', '5c1bbc65-e7f3-4315-b2c9-5f4d0db89b50', '2024-11-02', 12464, 'COMPLETED');
INSERT INTO invoices (id, order_id, invoice_date, amount, due_date, status) VALUES ('a5b38a04-d3b8-4904-a5a6-2e4c0ee18a63', 'e83d904c-9e97-4e12-8c61-9ba4cadc3cd4', '2024-11-02', 12464, '2024-12-02', 'PAID');
INSERT INTO payments (id, invoice_id, payment_date, amount, method) VALUES ('9dcf0150-2bc9-49eb-abf3-6fa078e3ee76', 'a5b38a04-d3b8-4904-a5a6-2e4c0ee18a63', '2024-11-07', 6232.0, 'BANK_TRANSFER');
INSERT INTO payments (id, invoice_id, payment_date, amount, method) VALUES ('62bdc9e1-f75d-4422-b678-9cfcade084d8', 'a5b38a04-d3b8-4904-a5a6-2e4c0ee18a63', '2024-11-07', 6232.0, 'BANK_TRANSFER');
INSERT INTO orders (id, customer_id, order_date, total_amount, status) VALUES ('8837be17-f5d4-4829-9bad-e668040eff97', '5c1bbc65-e7f3-4315-b2c9-5f4d0db89b50', '2025-04-22', 15346, 'COMPLETED');
INSERT INTO invoices (id, order_id, invoice_date, amount, due_date, status) VALUES ('fae7b548-f2a4-4983-b9ff-91121ba6f6a6', '8837be17-f5d4-4829-9bad-e668040eff97', '2025-04-22', 15346, '2025-05-22', 'PAID');
INSERT INTO payments (id, invoice_id, payment_date, amount, method) VALUES ('0b2f984a-395c-4f19-be7f-79ec9c90604b', 'fae7b548-f2a4-4983-b9ff-91121ba6f6a6', '2025-04-27', 15346.0, 'BANK_TRANSFER');
INSERT INTO orders (id, customer_id, order_date, total_amount, status) VALUES ('fc0c609e-d941-4d72-a341-0ea5417730b7', '5c1bbc65-e7f3-4315-b2c9-5f4d0db89b50', '2024-03-27', 13431, 'COMPLETED');
INSERT INTO invoices (id, order_id, invoice_date, amount, due_date, status) VALUES ('d88bc6a5-abec-4f74-a6bd-0f0f693c23f3', 'fc0c609e-d941-4d72-a341-0ea5417730b7', '2024-03-27', 13431, '2024-04-26', 'PAID');
INSERT INTO payments (id, invoice_id, payment_date, amount, method) VALUES ('76659959-e5cc-4133-9719-4f1f25259bd5', 'd88bc6a5-abec-4f74-a6bd-0f0f693c23f3', '2024-04-01', 13431.0, 'BANK_TRANSFER');
INSERT INTO orders (id, customer_id, order_date, total_amount, status) VALUES ('6aa785e8-e564-40d4-be24-af4b378cbe66', 'cd52f98e-2398-41c6-8301-9e4b6cdbfa74', '2024-02-14', 16441, 'COMPLETED');
INSERT INTO invoices (id, order_id, invoice_date, amount, due_date, status) VALUES ('9a13e321-932e-40a3-840a-0f29159249ad', '6aa785e8-e564-40d4-be24-af4b378cbe66', '2024-02-14', 16441, '2024-03-15', 'PAID');
INSERT INTO payments (id, invoice_id, payment_date, amount, method) VALUES ('0817d89f-4f10-4a1a-ad85-da45c8a520ad', '9a13e321-932e-40a3-840a-0f29159249ad', '2024-02-19', 16441.0, 'BANK_TRANSFER');
INSERT INTO orders (id, customer_id, order_date, total_amount, status) VALUES ('24ca461b-ffd7-4477-a7bb-9c93565d356e', 'cd52f98e-2398-41c6-8301-9e4b6cdbfa74', '2024-06-16', 15813, 'COMPLETED');
INSERT INTO invoices (id, order_id, invoice_date, amount, due_date, status) VALUES ('ac6c8a58-c8e2-4dd1-aa4c-4edb8820d755', '24ca461b-ffd7-4477-a7bb-9c93565d356e', '2024-06-16', 15813, '2024-07-16', 'PAID');
INSERT INTO payments (id, invoice_id, payment_date, amount, method) VALUES ('cc598e7d-e65c-4047-881a-040d475d5e64', 'ac6c8a58-c8e2-4dd1-aa4c-4edb8820d755', '2024-06-21', 15813.0, 'BANK_TRANSFER');
INSERT INTO orders (id, customer_id, order_date, total_amount, status) VALUES ('d6d5f40a-b406-48aa-828f-f303e34b7066', 'cd52f98e-2398-41c6-8301-9e4b6cdbfa74', '2025-03-31', 7218, 'COMPLETED');
INSERT INTO invoices (id, order_id, invoice_date, amount, due_date, status) VALUES ('0e124846-15f7-4038-8c95-440a58a01882', 'd6d5f40a-b406-48aa-828f-f303e34b7066', '2025-03-31', 7218, '2025-04-30', 'PAID');
INSERT INTO payments (id, invoice_id, payment_date, amount, method) VALUES ('4d73214f-181e-4586-b715-1e638317f076', '0e124846-15f7-4038-8c95-440a58a01882', '2025-04-05', 7218.0, 'BANK_TRANSFER');
INSERT INTO orders (id, customer_id, order_date, total_amount, status) VALUES ('369b261e-a258-4d16-810a-6f02398545be', 'cd52f98e-2398-41c6-8301-9e4b6cdbfa74', '2024-04-22', 5126, 'COMPLETED');
INSERT INTO invoices (id, order_id, invoice_date, amount, due_date, status) VALUES ('e03d896d-65fe-405b-9496-fc0c9ad0c948', '369b261e-a258-4d16-810a-6f02398545be', '2024-04-22', 5126, '2024-05-22', 'PAID');
INSERT INTO payments (id, invoice_id, payment_date, amount, method) VALUES ('d70ea3ea-ff4b-4d2f-868a-21d34cb143f7', 'e03d896d-65fe-405b-9496-fc0c9ad0c948', '2024-04-27', 2563.0, 'BANK_TRANSFER');
INSERT INTO payments (id, invoice_id, payment_date, amount, method) VALUES ('7a9662d8-bc44-43db-9ab4-cfcf0dc10e07', 'e03d896d-65fe-405b-9496-fc0c9ad0c948', '2024-04-27', 2563.0, 'BANK_TRANSFER');
INSERT INTO orders (id, customer_id, order_date, total_amount, status) VALUES ('1e846297-4e28-4860-9374-41d3d23828da', 'cd52f98e-2398-41c6-8301-9e4b6cdbfa74', '2025-01-27', 14450, 'COMPLETED');
INSERT INTO invoices (id, order_id, invoice_date, amount, due_date, status) VALUES ('497e65c1-2f06-42ec-ab04-8e9f1776a088', '1e846297-4e28-4860-9374-41d3d23828da', '2025-01-27', 14450, '2025-02-26', 'PAID');
INSERT INTO payments (id, invoice_id, payment_date, amount, method) VALUES ('ac6a4a97-4fbe-430b-9aa7-143b0797f25e', '497e65c1-2f06-42ec-ab04-8e9f1776a088', '2025-02-01', 14450.0, 'BANK_TRANSFER');
